index,move_name,move_slug,inferred_type,source_zip,source_file,source_bytes,compressed_file,compressed_bytes,compressed_duration_seconds
1,10 Mil Volt Thunderbolt part 1,10-mil-volt-thunderbolt-part-1,electric,/home/baguspermana7/Downloads/3DS - Pokemon Sun _ Moon - Miscellaneous - Attack Move Sound Effects.zip,10 Mil Volt Thunderbolt part 1.mp3,227277,attack-move-sfx-compressed/electric/10-mil-volt-thunderbolt-part-1.ogg,2958,1.157
2,10 Mil Volt Thunderbolt part 2,10-mil-volt-thunderbolt-part-2,electric,/home/baguspermana7/Downloads/3DS - Pokemon Sun _ Moon - Miscellaneous - Attack Move Sound Effects.zip,10 Mil Volt Thunderbolt part 2.mp3,302509,attack-move-sfx-compressed/electric/10-mil-volt-thunderbolt-part-2.ogg,2982,1.157
3,10 Mil Volt Thunderbolt part 3,10-mil-volt-thunderbolt-part-3,electric,/home/baguspermana7/Downloads/3DS - Pokemon Sun _ Moon - Miscellaneous - Attack Move Sound Effects.zip,10 Mil Volt Thunderbolt part 3.mp3,792567,attack-move-sfx-compressed/electric/10-mil-volt-thunderbolt-part-3.ogg,2785,1.157
4,10 Mil Volt Thunderbolt,10-mil-volt-thunderbolt,electric,/home/baguspermana7/Downloads/3DS - Pokemon Sun _ Moon - Miscellaneous - Attack Move Sound Effects.zip,10 Mil Volt Thunderbolt.mp3,1130055,attack-move-sfx-compressed/electric/10-mil-volt-thunderbolt.ogg,2932,1.157
5,Absorb part 1,absorb-part-1,grass,/home/baguspermana7/Downloads/3DS - Pokemon Sun _ Moon - Miscellaneous - Attack Move Sound Effects.zip,Absorb part 1.mp3,209479,attack-move-sfx-compressed/grass/absorb-part-1.ogg,2843,1.157
6,Absorb,absorb,grass,/home/baguspermana7/Downloads/3DS - Pokemon Sun _ Moon - Miscellaneous - Attack Move Sound Effects.zip,Absorb.mp3,335898,attack-move-sfx-compressed/grass/absorb.ogg,2839,1.157
7,Accelerock,accelerock,rock,/home/baguspermana7/Downloads/3DS - Pokemon Sun _ Moon - Miscellaneous - Attack Move Sound Effects.zip,Accelerock.mp3,161408,attack-move-sfx-compressed/rock/accelerock.ogg,2707,1.157
8,Acid Armor,acid-armor,poison,/home/baguspermana7/Downloads/3DS - Pokemon Sun _ Moon - Miscellaneous - Attack Move Sound Effects.zip,Acid Armor.mp3,183351,attack-move-sfx-compressed/poison/acid-armor.ogg,2799,1.157
9,Acid Downpour part 1,acid-downpour-part-1,poison,/home/baguspermana7/Downloads/3DS - Pokemon Sun _ Moon - Miscellaneous - Attack Move Sound Effects.zip,Acid Downpour part 1.mp3,162474,attack-move-sfx-compressed/poison/acid-downpour-part-1.ogg,3159,1.157
10,Acid Downpour part 2,acid-downpour-part-2,poison,/home/baguspermana7/Downloads/3DS - Pokemon Sun _ Moon - Miscellaneous - Attack Move Sound Effects.zip,Acid Downpour part 2.mp3,424743,attack-move-sfx-compressed/poison/acid-downpour-part-2.ogg,2792,1.157
11,Acid Downpour part 3,acid-downpour-part-3,poison,/home/baguspermana7/Downloads/3DS - Pokemon Sun _ Moon - Miscellaneous - Attack Move Sound Effects.zip,Acid Downpour part 3.mp3,665070,attack-move-sfx-compressed/poison/acid-downpour-part-3.ogg,2858,1.157
12,Acid Downpour,acid-downpour,poison,/home/baguspermana7/Downloads/3DS - Pokemon Sun _ Moon - Miscellaneous - Attack Move Sound Effects.zip,Acid Downpour.mp3,1057938,attack-move-sfx-compressed/poison/acid-downpour.ogg,3169,1.157
13,Acid Spray,acid-spray,poison,/home/baguspermana7/Downloads/3DS - Pokemon Sun _ Moon - Miscellaneous - Attack Move Sound Effects.zip,Acid Spray.mp3,227238,attack-move-sfx-compressed/poison/acid-spray.ogg,2843,1.157
14,Acid,acid,poison,/home/baguspermana7/Downloads/3DS - Pokemon Sun _ Moon - Miscellaneous - Attack Move Sound Effects.zip,Acid.mp3,211551,attack-move-sfx-compressed/poison/acid.ogg,2718,1.157
15,Acrobatics,acrobatics,flying,/home/baguspermana7/Downloads/3DS - Pokemon Sun _ Moon - Miscellaneous - Attack Move Sound Effects.zip,Acrobatics.mp3,215744,attack-move-sfx-compressed/flying/acrobatics.ogg,2744,1.157
16,Acupressure part 1,acupressure-part-1,normal,/home/baguspermana7/Downloads/3DS - Pokemon Sun _ Moon - Miscellaneous - Attack Move Sound Effects.zip,Acupressure part 1.mp3,236658,attack-move-sfx-compressed/normal/acupressure-part-1.ogg,2839,1.157
17,Acupressure,acupressure,normal,/home/baguspermana7/Downloads/3DS - Pokemon Sun _ Moon - Miscellaneous - Attack Move Sound Effects.zip,Acupressure.mp3,323370,attack-move-sfx-compressed/normal/acupressure.ogg,2834,1.157
18,Aerial Ace,aerial-ace,flying,/home/baguspermana7/Downloads/3DS - Pokemon Sun _ Moon - Miscellaneous - Attack Move Sound Effects.zip,Aerial Ace.mp3,190666,attack-move-sfx-compressed/flying/aerial-ace.ogg,2758,1.157
19,Aeroblast,aeroblast,normal,/home/baguspermana7/Downloads/3DS - Pokemon Sun _ Moon - Miscellaneous - Attack Move Sound Effects.zip,Aeroblast.mp3,273211,attack-move-sfx-compressed/normal/aeroblast.ogg,2884,1.157
20,After You,after-you,normal,/home/baguspermana7/Downloads/3DS - Pokemon Sun _ Moon - Miscellaneous - Attack Move Sound Effects.zip,After You.mp3,189619,attack-move-sfx-compressed/normal/after-you.ogg,2524,1.157
21,Agility part 1,agility-part-1,normal,/home/baguspermana7/Downloads/3DS - Pokemon Sun _ Moon - Miscellaneous - Attack Move Sound Effects.zip,Agility part 1.mp3,216797,attack-move-sfx-compressed/normal/agility-part-1.ogg,2805,1.157
22,Agility,agility,normal,/home/baguspermana7/Downloads/3DS - Pokemon Sun _ Moon - Miscellaneous - Attack Move Sound Effects.zip,Agility.mp3,290971,attack-move-sfx-compressed/normal/agility.ogg,2806,1.157
23,Air Cutter,air-cutter,flying,/home/baguspermana7/Downloads/3DS - Pokemon Sun _ Moon - Miscellaneous - Attack Move Sound Effects.zip,Air Cutter.mp3,256495,attack-move-sfx-compressed/flying/air-cutter.ogg,2845,1.157
24,Air Slash,air-slash,flying,/home/baguspermana7/Downloads/3DS - Pokemon Sun _ Moon - Miscellaneous - Attack Move Sound Effects.zip,Air Slash.mp3,285750,attack-move-sfx-compressed/flying/air-slash.ogg,2743,1.157
25,All-Out Pummeling part 1,all-out-pummeling-part-1,normal,/home/baguspermana7/Downloads/3DS - Pokemon Sun _ Moon - Miscellaneous - Attack Move Sound Effects.zip,All-Out Pummeling part 1.mp3,189649,attack-move-sfx-compressed/normal/all-out-pummeling-part-1.ogg,3212,1.157
26,All-Out Pummeling part 2,all-out-pummeling-part-2,normal,/home/baguspermana7/Downloads/3DS - Pokemon Sun _ Moon - Miscellaneous - Attack Move Sound Effects.zip,All-Out Pummeling part 2.mp3,402809,attack-move-sfx-compressed/normal/all-out-pummeling-part-2.ogg,2751,1.157
27,All-Out Pummeling part 3,all-out-pummeling-part-3,normal,/home/baguspermana7/Downloads/3DS - Pokemon Sun _ Moon - Miscellaneous - Attack Move Sound Effects.zip,All-Out Pummeling part 3.mp3,718368,attack-move-sfx-compressed/normal/all-out-pummeling-part-3.ogg,2886,1.157
28,All-Out Pummeling,all-out-pummeling,normal,/home/baguspermana7/Downloads/3DS - Pokemon Sun _ Moon - Miscellaneous - Attack Move Sound Effects.zip,All-Out Pummeling.mp3,1116460,attack-move-sfx-compressed/normal/all-out-pummeling.ogg,3223,1.157
29,Ally Switch,ally-switch,normal,/home/baguspermana7/Downloads/3DS - Pokemon Sun _ Moon - Miscellaneous - Attack Move Sound Effects.zip,Ally Switch.mp3,231419,attack-move-sfx-compressed/normal/ally-switch.ogg,2852,1.157
30,Amnesia,amnesia,normal,/home/baguspermana7/Downloads/3DS - Pokemon Sun _ Moon - Miscellaneous - Attack Move Sound Effects.zip,Amnesia.mp3,208424,attack-move-sfx-compressed/normal/amnesia.ogg,2857,1.157
31,Anchor Shot,anchor-shot,steel,/home/baguspermana7/Downloads/3DS - Pokemon Sun _ Moon - Miscellaneous - Attack Move Sound Effects.zip,Anchor Shot.mp3,271125,attack-move-sfx-compressed/steel/anchor-shot.ogg,2781,1.157
32,Ancient Power,ancient-power,rock,/home/baguspermana7/Downloads/3DS - Pokemon Sun _ Moon - Miscellaneous - Attack Move Sound Effects.zip,Ancient Power.mp3,234558,attack-move-sfx-compressed/rock/ancient-power.ogg,2773,1.157
33,Aqua Jet,aqua-jet,water,/home/baguspermana7/Downloads/3DS - Pokemon Sun _ Moon - Miscellaneous - Attack Move Sound Effects.zip,Aqua Jet.mp3,226189,attack-move-sfx-compressed/water/aqua-jet.ogg,2803,1.157
34,Aqua Ring,aqua-ring,water,/home/baguspermana7/Downloads/3DS - Pokemon Sun _ Moon - Miscellaneous - Attack Move Sound Effects.zip,Aqua Ring.mp3,203203,attack-move-sfx-compressed/water/aqua-ring.ogg,2783,1.157
35,Aqua Tail,aqua-tail,water,/home/baguspermana7/Downloads/3DS - Pokemon Sun _ Moon - Miscellaneous - Attack Move Sound Effects.zip,Aqua Tail.mp3,215742,attack-move-sfx-compressed/water/aqua-tail.ogg,2693,1.157
36,Arm Thrust 1hit,arm-thrust-1hit,fighting,/home/baguspermana7/Downloads/3DS - Pokemon Sun _ Moon - Miscellaneous - Attack Move Sound Effects.zip,Arm Thrust 1hit.mp3,185452,attack-move-sfx-compressed/fighting/arm-thrust-1hit.ogg,2739,1.157
37,Arm Thrust 2hits,arm-thrust-2hits,fighting,/home/baguspermana7/Downloads/3DS - Pokemon Sun _ Moon - Miscellaneous - Attack Move Sound Effects.zip,Arm Thrust 2hits.mp3,293078,attack-move-sfx-compressed/fighting/arm-thrust-2hits.ogg,2731,1.157
38,Aromatherapy,aromatherapy,normal,/home/baguspermana7/Downloads/3DS - Pokemon Sun _ Moon - Miscellaneous - Attack Move Sound Effects.zip,Aromatherapy.mp3,246050,attack-move-sfx-compressed/normal/aromatherapy.ogg,2959,1.157
40,Assurance,assurance,dark,/home/baguspermana7/Downloads/3DS - Pokemon Sun _ Moon - Miscellaneous - Attack Move Sound Effects.zip,Assurance.mp3,204248,attack-move-sfx-compressed/dark/assurance.ogg,2848,1.157
41,Astonish,astonish,ghost,/home/baguspermana7/Downloads/3DS - Pokemon Sun _ Moon - Miscellaneous - Attack Move Sound Effects.zip,Astonish.mp3,182303,attack-move-sfx-compressed/ghost/astonish.ogg,3041,1.157
42,Attack Order,attack-order,bug,/home/baguspermana7/Downloads/3DS - Pokemon Sun _ Moon - Miscellaneous - Attack Move Sound Effects.zip,Attack Order.mp3,251274,attack-move-sfx-compressed/bug/attack-order.ogg,2797,1.157
43,Attract turn damage,attract-turn-damage,normal,/home/baguspermana7/Downloads/3DS - Pokemon Sun _ Moon - Miscellaneous - Attack Move Sound Effects.zip,Attract turn damage.mp3,154113,attack-move-sfx-compressed/normal/attract-turn-damage.ogg,3010,1.157
44,Attract,attract,normal,/home/baguspermana7/Downloads/3DS - Pokemon Sun _ Moon - Miscellaneous - Attack Move Sound Effects.zip,Attract.mp3,277387,attack-move-sfx-compressed/normal/attract.ogg,3893,1.157
45,Aura Sphere,aura-sphere,normal,/home/baguspermana7/Downloads/3DS - Pokemon Sun _ Moon - Miscellaneous - Attack Move Sound Effects.zip,Aura Sphere.mp3,250227,attack-move-sfx-compressed/normal/aura-sphere.ogg,2829,1.157
46,Aurora Beam,aurora-beam,normal,/home/baguspermana7/Downloads/3DS - Pokemon Sun _ Moon - Miscellaneous - Attack Move Sound Effects.zip,Aurora Beam.mp3,239779,attack-move-sfx-compressed/normal/aurora-beam.ogg,2786,1.157
47,Aurora Veil,aurora-veil,normal,/home/baguspermana7/Downloads/3DS - Pokemon Sun _ Moon - Miscellaneous - Attack Move Sound Effects.zip,Aurora Veil.mp3,351583,attack-move-sfx-compressed/normal/aurora-veil.ogg,2805,1.157
48,Autotomize,autotomize,normal,/home/baguspermana7/Downloads/3DS - Pokemon Sun _ Moon - Miscellaneous - Attack Move Sound Effects.zip,Autotomize.mp3,223058,attack-move-sfx-compressed/normal/autotomize.ogg,2834,1.157
49,Avalanche,avalanche,ice,/home/baguspermana7/Downloads/3DS - Pokemon Sun _ Moon - Miscellaneous - Attack Move Sound Effects.zip,Avalanche.mp3,216787,attack-move-sfx-compressed/ice/avalanche.ogg,2760,1.157
50,Baby-Doll Eyes,baby-doll-eyes,normal,/home/baguspermana7/Downloads/3DS - Pokemon Sun _ Moon - Miscellaneous - Attack Move Sound Effects.zip,Baby-Doll Eyes.mp3,195899,attack-move-sfx-compressed/normal/baby-doll-eyes.ogg,2973,1.157
51,Baneful Bunker,baneful-bunker,poison,/home/baguspermana7/Downloads/3DS - Pokemon Sun _ Moon - Miscellaneous - Attack Move Sound Effects.zip,Baneful Bunker.mp3,239785,attack-move-sfx-compressed/poison/baneful-bunker.ogg,2829,1.157
52,Barrage 1hit,barrage-1hit,normal,/home/baguspermana7/Downloads/3DS - Pokemon Sun _ Moon - Miscellaneous - Attack Move Sound Effects.zip,Barrage 1hit.mp3,194850,attack-move-sfx-compressed/normal/barrage-1hit.ogg,2869,1.157
53,Barrage 2hits,barrage-2hits,normal,/home/baguspermana7/Downloads/3DS - Pokemon Sun _ Moon - Miscellaneous - Attack Move Sound Effects.zip,Barrage 2hits.mp3,282623,attack-move-sfx-compressed/normal/barrage-2hits.ogg,2849,1.157
54,Barrier,barrier,normal,/home/baguspermana7/Downloads/3DS - Pokemon Sun _ Moon - Miscellaneous - Attack Move Sound Effects.zip,Barrier.mp3,195885,attack-move-sfx-compressed/normal/barrier.ogg,2795,1.157
55,Baton Pass,baton-pass,normal,/home/baguspermana7/Downloads/3DS - Pokemon Sun _ Moon - Miscellaneous - Attack Move Sound Effects.zip,Baton Pass.mp3,296201,attack-move-sfx-compressed/normal/baton-pass.ogg,2252,1.157
56,Beak Blast part 1,beak-blast-part-1,normal,/home/baguspermana7/Downloads/3DS - Pokemon Sun _ Moon - Miscellaneous - Attack Move Sound Effects.zip,Beak Blast part 1.mp3,190680,attack-move-sfx-compressed/normal/beak-blast-part-1.ogg,2709,1.157
57,Beak Blast part 2,beak-blast-part-2,normal,/home/baguspermana7/Downloads/3DS - Pokemon Sun _ Moon - Miscellaneous - Attack Move Sound Effects.zip,Beak Blast part 2.mp3,236656,attack-move-sfx-compressed/normal/beak-blast-part-2.ogg,2688,1.157
58,Beak Blast,beak-blast,normal,/home/baguspermana7/Downloads/3DS - Pokemon Sun _ Moon - Miscellaneous - Attack Move Sound Effects.zip,Beak Blast.mp3,330683,attack-move-sfx-compressed/normal/beak-blast.ogg,2716,1.157
59,Beat Up 1hit,beat-up-1hit,normal,/home/baguspermana7/Downloads/3DS - Pokemon Sun _ Moon - Miscellaneous - Attack Move Sound Effects.zip,Beat Up 1hit.mp3,176042,attack-move-sfx-compressed/normal/beat-up-1hit.ogg,2623,1.157
60,Beat Up 2hits,beat-up-2hits,normal,/home/baguspermana7/Downloads/3DS - Pokemon Sun _ Moon - Miscellaneous - Attack Move Sound Effects.zip,Beat Up 2hits.mp3,242917,attack-move-sfx-compressed/normal/beat-up-2hits.ogg,2616,1.157
61,Belch,belch,normal,/home/baguspermana7/Downloads/3DS - Pokemon Sun _ Moon - Miscellaneous - Attack Move Sound Effects.zip,Belch.mp3,197971,attack-move-sfx-compressed/normal/belch.ogg,2793,1.157
62,Belly Drum,belly-drum,normal,/home/baguspermana7/Downloads/3DS - Pokemon Sun _ Moon - Miscellaneous - Attack Move Sound Effects.zip,Belly Drum.mp3,205295,attack-move-sfx-compressed/normal/belly-drum.ogg,2756,1.157
63,Bestow,bestow,normal,/home/baguspermana7/Downloads/3DS - Pokemon Sun _ Moon - Miscellaneous - Attack Move Sound Effects.zip,Bestow.mp3,174985,attack-move-sfx-compressed/normal/bestow.ogg,2871,1.157
64,Bide part 1,bide-part-1,normal,/home/baguspermana7/Downloads/3DS - Pokemon Sun _ Moon - Miscellaneous - Attack Move Sound Effects.zip,Bide part 1.mp3,219925,attack-move-sfx-compressed/normal/bide-part-1.ogg,2805,1.157
65,Bide part 2,bide-part-2,normal,/home/baguspermana7/Downloads/3DS - Pokemon Sun _ Moon - Miscellaneous - Attack Move Sound Effects.zip,Bide part 2.mp3,205297,attack-move-sfx-compressed/normal/bide-part-2.ogg,2792,1.157
66,Bide,bide,normal,/home/baguspermana7/Downloads/3DS - Pokemon Sun _ Moon - Miscellaneous - Attack Move Sound Effects.zip,Bide.mp3,602344,attack-move-sfx-compressed/normal/bide.ogg,2809,1.157
67,Bind turn damage,bind-turn-damage,normal,/home/baguspermana7/Downloads/3DS - Pokemon Sun _ Moon - Miscellaneous - Attack Move Sound Effects.zip,Bind turn damage.mp3,185454,attack-move-sfx-compressed/normal/bind-turn-damage.ogg,2752,1.157
68,Bind,bind,normal,/home/baguspermana7/Downloads/3DS - Pokemon Sun _ Moon - Miscellaneous - Attack Move Sound Effects.zip,Bind.mp3,225136,attack-move-sfx-compressed/normal/bind.ogg,2267,1.157
69,Bite,bite,dark,/home/baguspermana7/Downloads/3DS - Pokemon Sun _ Moon - Miscellaneous - Attack Move Sound Effects.zip,Bite.mp3,179160,attack-move-sfx-compressed/dark/bite.ogg,2714,1.157
70,Black Hole Eclipse part 1,black-hole-eclipse-part-1,normal,/home/baguspermana7/Downloads/3DS - Pokemon Sun _ Moon - Miscellaneous - Attack Move Sound Effects.zip,Black Hole Eclipse part 1.mp3,164574,attack-move-sfx-compressed/normal/black-hole-eclipse-part-1.ogg,3216,1.157
71,Black Hole Eclipse part 2,black-hole-eclipse-part-2,normal,/home/baguspermana7/Downloads/3DS - Pokemon Sun _ Moon - Miscellaneous - Attack Move Sound Effects.zip,Black Hole Eclipse part 2.mp3,421619,attack-move-sfx-compressed/normal/black-hole-eclipse-part-2.ogg,2836,1.157
72,Black Hole Eclipse part 3,black-hole-eclipse-part-3,normal,/home/baguspermana7/Downloads/3DS - Pokemon Sun _ Moon - Miscellaneous - Attack Move Sound Effects.zip,Black Hole Eclipse part 3.mp3,649407,attack-move-sfx-compressed/normal/black-hole-eclipse-part-3.ogg,2852,1.157
73,Black Hole Eclipse,black-hole-eclipse,normal,/home/baguspermana7/Downloads/3DS - Pokemon Sun _ Moon - Miscellaneous - Attack Move Sound Effects.zip,Black Hole Eclipse.mp3,1040184,attack-move-sfx-compressed/normal/black-hole-eclipse.ogg,3208,1.157
74,Blast Burn,blast-burn,fire,/home/baguspermana7/Downloads/3DS - Pokemon Sun _ Moon - Miscellaneous - Attack Move Sound Effects.zip,Blast Burn.mp3,253360,attack-move-sfx-compressed/fire/blast-burn.ogg,2728,1.157
75,Blaze Kick,blaze-kick,fighting,/home/baguspermana7/Downloads/3DS - Pokemon Sun _ Moon - Miscellaneous - Attack Move Sound Effects.zip,Blaze Kick.mp3,179172,attack-move-sfx-compressed/fighting/blaze-kick.ogg,2934,1.157
76,Blizzard,blizzard,ice,/home/baguspermana7/Downloads/3DS - Pokemon Sun _ Moon - Miscellaneous - Attack Move Sound Effects.zip,Blizzard.mp3,272164,attack-move-sfx-compressed/ice/blizzard.ogg,2811,1.157
77,Block,block,normal,/home/baguspermana7/Downloads/3DS - Pokemon Sun _ Moon - Miscellaneous - Attack Move Sound Effects.zip,Block.mp3,201105,attack-move-sfx-compressed/normal/block.ogg,1984,1.157
78,Bloom Doom part 1,bloom-doom-part-1,grass,/home/baguspermana7/Downloads/3DS - Pokemon Sun _ Moon - Miscellaneous - Attack Move Sound Effects.zip,Bloom Doom part 1.mp3,166648,attack-move-sfx-compressed/grass/bloom-doom-part-1.ogg,3175,1.157
79,Bloom Doom part 2,bloom-doom-part-2,grass,/home/baguspermana7/Downloads/3DS - Pokemon Sun _ Moon - Miscellaneous - Attack Move Sound Effects.zip,Bloom Doom part 2.mp3,419513,attack-move-sfx-compressed/grass/bloom-doom-part-2.ogg,2722,1.157
80,Bloom Doom part 3,bloom-doom-part-3,grass,/home/baguspermana7/Downloads/3DS - Pokemon Sun _ Moon - Miscellaneous - Attack Move Sound Effects.zip,Bloom Doom part 3.mp3,683872,attack-move-sfx-compressed/grass/bloom-doom-part-3.ogg,2850,1.157
81,Bloom Doom,bloom-doom,grass,/home/baguspermana7/Downloads/3DS - Pokemon Sun _ Moon - Miscellaneous - Attack Move Sound Effects.zip,Bloom Doom.mp3,1076740,attack-move-sfx-compressed/grass/bloom-doom.ogg,3171,1.157
82,Blue Flare,blue-flare,fire,/home/baguspermana7/Downloads/3DS - Pokemon Sun _ Moon - Miscellaneous - Attack Move Sound Effects.zip,Blue Flare.mp3,297246,attack-move-sfx-compressed/fire/blue-flare.ogg,2791,1.157
83,Body Slam,body-slam,normal,/home/baguspermana7/Downloads/3DS - Pokemon Sun _ Moon - Miscellaneous - Attack Move Sound Effects.zip,Body Slam.mp3,204248,attack-move-sfx-compressed/normal/body-slam.ogg,2361,1.157
84,Bolt Strike part 1,bolt-strike-part-1,normal,/home/baguspermana7/Downloads/3DS - Pokemon Sun _ Moon - Miscellaneous - Attack Move Sound Effects.zip,Bolt Strike part 1.mp3,177099,attack-move-sfx-compressed/normal/bolt-strike-part-1.ogg,2795,1.157
85,Bolt Strike part 2,bolt-strike-part-2,normal,/home/baguspermana7/Downloads/3DS - Pokemon Sun _ Moon - Miscellaneous - Attack Move Sound Effects.zip,Bolt Strike part 2.mp3,201131,attack-move-sfx-compressed/normal/bolt-strike-part-2.ogg,2792,1.157
86,Bolt Strike part 3,bolt-strike-part-3,normal,/home/baguspermana7/Downloads/3DS - Pokemon Sun _ Moon - Miscellaneous - Attack Move Sound Effects.zip,Bolt Strike part 3.mp3,190682,attack-move-sfx-compressed/normal/bolt-strike-part-3.ogg,2796,1.157
87,Bolt Strike,bolt-strike,normal,/home/baguspermana7/Downloads/3DS - Pokemon Sun _ Moon - Miscellaneous - Attack Move Sound Effects.zip,Bolt Strike.mp3,374570,attack-move-sfx-compressed/normal/bolt-strike.ogg,2801,1.157
88,Bone Club,bone-club,normal,/home/baguspermana7/Downloads/3DS - Pokemon Sun _ Moon - Miscellaneous - Attack Move Sound Effects.zip,Bone Club.mp3,183350,attack-move-sfx-compressed/normal/bone-club.ogg,2526,1.157
89,Bone Rush 1hit,bone-rush-1hit,normal,/home/baguspermana7/Downloads/3DS - Pokemon Sun _ Moon - Miscellaneous - Attack Move Sound Effects.zip,Bone Rush 1hit.mp3,157238,attack-move-sfx-compressed/normal/bone-rush-1hit.ogg,2787,1.157
90,Bone Rush 2hits,bone-rush-2hits,normal,/home/baguspermana7/Downloads/3DS - Pokemon Sun _ Moon - Miscellaneous - Attack Move Sound Effects.zip,Bone Rush 2hits.mp3,313974,attack-move-sfx-compressed/normal/bone-rush-2hits.ogg,2782,1.157
91,Bonemerang 1hit,bonemerang-1hit,normal,/home/baguspermana7/Downloads/3DS - Pokemon Sun _ Moon - Miscellaneous - Attack Move Sound Effects.zip,Bonemerang 1hit.mp3,173958,attack-move-sfx-compressed/normal/bonemerang-1hit.ogg,2939,1.157
92,Bonemerang 2hits,bonemerang-2hits,normal,/home/baguspermana7/Downloads/3DS - Pokemon Sun _ Moon - Miscellaneous - Attack Move Sound Effects.zip,Bonemerang 2hits.mp3,294123,attack-move-sfx-compressed/normal/bonemerang-2hits.ogg,2924,1.157
93,Boomburst,boomburst,normal,/home/baguspermana7/Downloads/3DS - Pokemon Sun _ Moon - Miscellaneous - Attack Move Sound Effects.zip,Boomburst.mp3,252313,attack-move-sfx-compressed/normal/boomburst.ogg,2753,1.157
94,Bounce part 1,bounce-part-1,normal,/home/baguspermana7/Downloads/3DS - Pokemon Sun _ Moon - Miscellaneous - Attack Move Sound Effects.zip,Bounce part 1.mp3,235603,attack-move-sfx-compressed/normal/bounce-part-1.ogg,2830,1.157
95,Bounce part 2,bounce-part-2,normal,/home/baguspermana7/Downloads/3DS - Pokemon Sun _ Moon - Miscellaneous - Attack Move Sound Effects.zip,Bounce part 2.mp3,227244,attack-move-sfx-compressed/normal/bounce-part-2.ogg,3004,1.157
96,Bounce,bounce,normal,/home/baguspermana7/Downloads/3DS - Pokemon Sun _ Moon - Miscellaneous - Attack Move Sound Effects.zip,Bounce.mp3,365156,attack-move-sfx-compressed/normal/bounce.ogg,2829,1.157
97,Brave Bird part 1,brave-bird-part-1,flying,/home/baguspermana7/Downloads/3DS - Pokemon Sun _ Moon - Miscellaneous - Attack Move Sound Effects.zip,Brave Bird part 1.mp3,133211,attack-move-sfx-compressed/flying/brave-bird-part-1.ogg,1984,0.798
98,Brave Bird part 2,brave-bird-part-2,flying,/home/baguspermana7/Downloads/3DS - Pokemon Sun _ Moon - Miscellaneous - Attack Move Sound Effects.zip,Brave Bird part 2.mp3,321293,attack-move-sfx-compressed/flying/brave-bird-part-2.ogg,2880,1.157
99,Brave Bird,brave-bird,flying,/home/baguspermana7/Downloads/3DS - Pokemon Sun _ Moon - Miscellaneous - Attack Move Sound Effects.zip,Brave Bird.mp3,356805,attack-move-sfx-compressed/flying/brave-bird.ogg,2846,1.157
100,Breakneck Blitz part 1,breakneck-blitz-part-1,normal,/home/baguspermana7/Downloads/3DS - Pokemon Sun _ Moon - Miscellaneous - Attack Move Sound Effects.zip,Breakneck Blitz part 1.mp3,160389,attack-move-sfx-compressed/normal/breakneck-blitz-part-1.ogg,3147,1.157
101,Breakneck Blitz part 2,breakneck-blitz-part-2,normal,/home/baguspermana7/Downloads/3DS - Pokemon Sun _ Moon - Miscellaneous - Attack Move Sound Effects.zip,Breakneck Blitz part 2.mp3,424748,attack-move-sfx-compressed/normal/breakneck-blitz-part-2.ogg,2740,1.157
102,Breakneck Blitz part 3,breakneck-blitz-part-3,normal,/home/baguspermana7/Downloads/3DS - Pokemon Sun _ Moon - Miscellaneous - Attack Move Sound Effects.zip,Breakneck Blitz part 3.mp3,646267,attack-move-sfx-compressed/normal/breakneck-blitz-part-3.ogg,2881,1.157
103,Breakneck Blitz,breakneck-blitz,normal,/home/baguspermana7/Downloads/3DS - Pokemon Sun _ Moon - Miscellaneous - Attack Move Sound Effects.zip,Breakneck Blitz.mp3,1037045,attack-move-sfx-compressed/normal/breakneck-blitz.ogg,3140,1.157
104,Brick Break,brick-break,fighting,/home/baguspermana7/Downloads/3DS - Pokemon Sun _ Moon - Miscellaneous - Attack Move Sound Effects.zip,Brick Break.mp3,164547,attack-move-sfx-compressed/fighting/brick-break.ogg,2580,1.157
105,Brine,brine,water,/home/baguspermana7/Downloads/3DS - Pokemon Sun _ Moon - Miscellaneous - Attack Move Sound Effects.zip,Brine.mp3,187523,attack-move-sfx-compressed/water/brine.ogg,2780,1.157
106,Brutal Swing,brutal-swing,flying,/home/baguspermana7/Downloads/3DS - Pokemon Sun _ Moon - Miscellaneous - Attack Move Sound Effects.zip,Brutal Swing.mp3,188582,attack-move-sfx-compressed/flying/brutal-swing.ogg,2792,1.157
107,Bubble Beam,bubble-beam,water,/home/baguspermana7/Downloads/3DS - Pokemon Sun _ Moon - Miscellaneous - Attack Move Sound Effects.zip,Bubble Beam.mp3,289935,attack-move-sfx-compressed/water/bubble-beam.ogg,2966,1.157
108,Bubble,bubble,water,/home/baguspermana7/Downloads/3DS - Pokemon Sun _ Moon - Miscellaneous - Attack Move Sound Effects.zip,Bubble.mp3,209467,attack-move-sfx-compressed/water/bubble.ogg,2852,1.157
109,Bug Bite,bug-bite,dark,/home/baguspermana7/Downloads/3DS - Pokemon Sun _ Moon - Miscellaneous - Attack Move Sound Effects.zip,Bug Bite.mp3,169765,attack-move-sfx-compressed/dark/bug-bite.ogg,2708,1.157
110,Bug Buzz,bug-buzz,bug,/home/baguspermana7/Downloads/3DS - Pokemon Sun _ Moon - Miscellaneous - Attack Move Sound Effects.zip,Bug Buzz.mp3,237684,attack-move-sfx-compressed/bug/bug-buzz.ogg,2806,1.157
111,Bulk Up,bulk-up,normal,/home/baguspermana7/Downloads/3DS - Pokemon Sun _ Moon - Miscellaneous - Attack Move Sound Effects.zip,Bulk Up.mp3,168718,attack-move-sfx-compressed/normal/bulk-up.ogg,2592,1.157
112,Bulldoze,bulldoze,ground,/home/baguspermana7/Downloads/3DS - Pokemon Sun _ Moon - Miscellaneous - Attack Move Sound Effects.zip,Bulldoze.mp3,205292,attack-move-sfx-compressed/ground/bulldoze.ogg,2825,1.157
113,Bullet Punch,bullet-punch,fighting,/home/baguspermana7/Downloads/3DS - Pokemon Sun _ Moon - Miscellaneous - Attack Move Sound Effects.zip,Bullet Punch.mp3,195896,attack-move-sfx-compressed/fighting/bullet-punch.ogg,2785,1.157
114,Bullet Seed 1hit,bullet-seed-1hit,grass,/home/baguspermana7/Downloads/3DS - Pokemon Sun _ Moon - Miscellaneous - Attack Move Sound Effects.zip,Bullet Seed 1hit.mp3,206353,attack-move-sfx-compressed/grass/bullet-seed-1hit.ogg,2827,1.157
115,Bullet Seed 2hits,bullet-seed-2hits,grass,/home/baguspermana7/Downloads/3DS - Pokemon Sun _ Moon - Miscellaneous - Attack Move Sound Effects.zip,Bullet Seed 2hits.mp3,344281,attack-move-sfx-compressed/grass/bullet-seed-2hits.ogg,2818,1.157
116,Burn Up,burn-up,fire,/home/baguspermana7/Downloads/3DS - Pokemon Sun _ Moon - Miscellaneous - Attack Move Sound Effects.zip,Burn Up.mp3,320229,attack-move-sfx-compressed/fire/burn-up.ogg,2798,1.157
117,Calm Mind part 1,calm-mind-part-1,psychic,/home/baguspermana7/Downloads/3DS - Pokemon Sun _ Moon - Miscellaneous - Attack Move Sound Effects.zip,Calm Mind part 1.mp3,219936,attack-move-sfx-compressed/psychic/calm-mind-part-1.ogg,2758,1.157
118,Calm Mind part 2,calm-mind-part-2,psychic,/home/baguspermana7/Downloads/3DS - Pokemon Sun _ Moon - Miscellaneous - Attack Move Sound Effects.zip,Calm Mind part 2.mp3,164557,attack-move-sfx-compressed/psychic/calm-mind-part-2.ogg,2785,1.157
119,Calm Mind,calm-mind,psychic,/home/baguspermana7/Downloads/3DS - Pokemon Sun _ Moon - Miscellaneous - Attack Move Sound Effects.zip,Calm Mind.mp3,287841,attack-move-sfx-compressed/psychic/calm-mind.ogg,2772,1.157
120,Camouflage,camouflage,normal,/home/baguspermana7/Downloads/3DS - Pokemon Sun _ Moon - Miscellaneous - Attack Move Sound Effects.zip,Camouflage.mp3,217835,attack-move-sfx-compressed/normal/camouflage.ogg,2819,1.157
121,Captivate,captivate,normal,/home/baguspermana7/Downloads/3DS - Pokemon Sun _ Moon - Miscellaneous - Attack Move Sound Effects.zip,Captivate.mp3,202159,attack-move-sfx-compressed/normal/captivate.ogg,3227,1.157
122,Catastropika part 1,catastropika-part-1,electric,/home/baguspermana7/Downloads/3DS - Pokemon Sun _ Moon - Miscellaneous - Attack Move Sound Effects.zip,Catastropika part 1.mp3,198000,attack-move-sfx-compressed/electric/catastropika-part-1.ogg,3046,1.157
123,Catastropika part 2,catastropika-part-2,electric,/home/baguspermana7/Downloads/3DS - Pokemon Sun _ Moon - Miscellaneous - Attack Move Sound Effects.zip,Catastropika part 2.mp3,474898,attack-move-sfx-compressed/electric/catastropika-part-2.ogg,2826,1.157
124,Catastropika part 3,catastropika-part-3,electric,/home/baguspermana7/Downloads/3DS - Pokemon Sun _ Moon - Miscellaneous - Attack Move Sound Effects.zip,Catastropika part 3.mp3,583567,attack-move-sfx-compressed/electric/catastropika-part-3.ogg,2849,1.157
125,Catastropika,catastropika,electric,/home/baguspermana7/Downloads/3DS - Pokemon Sun _ Moon - Miscellaneous - Attack Move Sound Effects.zip,Catastropika.mp3,1062116,attack-move-sfx-compressed/electric/catastropika.ogg,3043,1.157
126,Celebrate part 1,celebrate-part-1,normal,/home/baguspermana7/Downloads/3DS - Pokemon Sun _ Moon - Miscellaneous - Attack Move Sound Effects.zip,Celebrate part 1.mp3,171871,attack-move-sfx-compressed/normal/celebrate-part-1.ogg,2793,1.157
127,Celebrate part 2,celebrate-part-2,normal,/home/baguspermana7/Downloads/3DS - Pokemon Sun _ Moon - Miscellaneous - Attack Move Sound Effects.zip,Celebrate part 2.mp3,232475,attack-move-sfx-compressed/normal/celebrate-part-2.ogg,2816,1.157
128,Celebrate,celebrate,normal,/home/baguspermana7/Downloads/3DS - Pokemon Sun _ Moon - Miscellaneous - Attack Move Sound Effects.zip,Celebrate.mp3,306649,attack-move-sfx-compressed/normal/celebrate.ogg,2802,1.157
129,Charge Beam,charge-beam,electric,/home/baguspermana7/Downloads/3DS - Pokemon Sun _ Moon - Miscellaneous - Attack Move Sound Effects.zip,Charge Beam.mp3,265902,attack-move-sfx-compressed/electric/charge-beam.ogg,2696,1.157
130,Charm,charm,fairy,/home/baguspermana7/Downloads/3DS - Pokemon Sun _ Moon - Miscellaneous - Attack Move Sound Effects.zip,Charm.mp3,177074,attack-move-sfx-compressed/fairy/charm.ogg,2989,1.157
131,Chatter part 1,chatter-part-1,normal,/home/baguspermana7/Downloads/3DS - Pokemon Sun _ Moon - Miscellaneous - Attack Move Sound Effects.zip,Chatter part 1.mp3,160373,attack-move-sfx-compressed/normal/chatter-part-1.ogg,2800,1.157
132,Chatter part 2,chatter-part-2,normal,/home/baguspermana7/Downloads/3DS - Pokemon Sun _ Moon - Miscellaneous - Attack Move Sound Effects.zip,Chatter part 2.mp3,186496,attack-move-sfx-compressed/normal/chatter-part-2.ogg,2816,1.157
133,Chatter,chatter,normal,/home/baguspermana7/Downloads/3DS - Pokemon Sun _ Moon - Miscellaneous - Attack Move Sound Effects.zip,Chatter.mp3,249176,attack-move-sfx-compressed/normal/chatter.ogg,2810,1.157
134,Chip Away part 1,chip-away-part-1,normal,/home/baguspermana7/Downloads/3DS - Pokemon Sun _ Moon - Miscellaneous - Attack Move Sound Effects.zip,Chip Away part 1.mp3,143659,attack-move-sfx-compressed/normal/chip-away-part-1.ogg,2510,1.069
135,Chip Away part 2,chip-away-part-2,normal,/home/baguspermana7/Downloads/3DS - Pokemon Sun _ Moon - Miscellaneous - Attack Move Sound Effects.zip,Chip Away part 2.mp3,177096,attack-move-sfx-compressed/normal/chip-away-part-2.ogg,2610,1.157
136,Chip Away,chip-away,normal,/home/baguspermana7/Downloads/3DS - Pokemon Sun _ Moon - Miscellaneous - Attack Move Sound Effects.zip,Chip Away.mp3,224102,attack-move-sfx-compressed/normal/chip-away.ogg,2717,1.157
137,Circle Throw,circle-throw,normal,/home/baguspermana7/Downloads/3DS - Pokemon Sun _ Moon - Miscellaneous - Attack Move Sound Effects.zip,Circle Throw.mp3,179177,attack-move-sfx-compressed/normal/circle-throw.ogg,2820,1.157
138,Clamp,clamp,normal,/home/baguspermana7/Downloads/3DS - Pokemon Sun _ Moon - Miscellaneous - Attack Move Sound Effects.zip,Clamp.mp3,181253,attack-move-sfx-compressed/normal/clamp.ogg,2782,1.157
139,Clanging Scales,clanging-scales,dragon,/home/baguspermana7/Downloads/3DS - Pokemon Sun _ Moon - Miscellaneous - Attack Move Sound Effects.zip,Clanging Scales.mp3,239788,attack-move-sfx-compressed/dragon/clanging-scales.ogg,2827,1.157
140,Clangorous Soulblaze part 1,clangorous-soulblaze-part-1,normal,/home/baguspermana7/Downloads/3DS - Pokemon Sun _ Moon - Miscellaneous - Attack Move Sound Effects.zip,Clangorous Soulblaze part 1.mp3,160399,attack-move-sfx-compressed/normal/clangorous-soulblaze-part-1.ogg,3073,1.157
141,Clangorous Soulblaze part 2,clangorous-soulblaze-part-2,normal,/home/baguspermana7/Downloads/3DS - Pokemon Sun _ Moon - Miscellaneous - Attack Move Sound Effects.zip,Clangorous Soulblaze part 2.mp3,368334,attack-move-sfx-compressed/normal/clangorous-soulblaze-part-2.ogg,2827,1.157
142,Clangorous Soulblaze part 3,clangorous-soulblaze-part-3,normal,/home/baguspermana7/Downloads/3DS - Pokemon Sun _ Moon - Miscellaneous - Attack Move Sound Effects.zip,Clangorous Soulblaze part 3.mp3,1093493,attack-move-sfx-compressed/normal/clangorous-soulblaze-part-3.ogg,2744,1.157
143,Clangorous Soulblaze,clangorous-soulblaze,normal,/home/baguspermana7/Downloads/3DS - Pokemon Sun _ Moon - Miscellaneous - Attack Move Sound Effects.zip,Clangorous Soulblaze.mp3,1427846,attack-move-sfx-compressed/normal/clangorous-soulblaze.ogg,3067,1.157
144,Clear Smog,clear-smog,normal,/home/baguspermana7/Downloads/3DS - Pokemon Sun _ Moon - Miscellaneous - Attack Move Sound Effects.zip,Clear Smog.mp3,208431,attack-move-sfx-compressed/normal/clear-smog.ogg,2822,1.157
145,Close Combat,close-combat,fighting,/home/baguspermana7/Downloads/3DS - Pokemon Sun _ Moon - Miscellaneous - Attack Move Sound Effects.zip,Close Combat.mp3,255455,attack-move-sfx-compressed/fighting/close-combat.ogg,2821,1.157
146,Coil,coil,normal,/home/baguspermana7/Downloads/3DS - Pokemon Sun _ Moon - Miscellaneous - Attack Move Sound Effects.zip,Coil.mp3,207374,attack-move-sfx-compressed/normal/coil.ogg,2796,1.157
147,Comet Punch 1hit,comet-punch-1hit,fighting,/home/baguspermana7/Downloads/3DS - Pokemon Sun _ Moon - Miscellaneous - Attack Move Sound Effects.zip,Comet Punch 1hit.mp3,137390,attack-move-sfx-compressed/fighting/comet-punch-1hit.ogg,2024,0.896
148,Comet Punch 2hits,comet-punch-2hits,fighting,/home/baguspermana7/Downloads/3DS - Pokemon Sun _ Moon - Miscellaneous - Attack Move Sound Effects.zip,Comet Punch 2hits.mp3,187547,attack-move-sfx-compressed/fighting/comet-punch-2hits.ogg,2341,1.157
149,Confide,confide,normal,/home/baguspermana7/Downloads/3DS - Pokemon Sun _ Moon - Miscellaneous - Attack Move Sound Effects.zip,Confide.mp3,211559,attack-move-sfx-compressed/normal/confide.ogg,2858,1.157
150,Confuse Ray part 1,confuse-ray-part-1,normal,/home/baguspermana7/Downloads/3DS - Pokemon Sun _ Moon - Miscellaneous - Attack Move Sound Effects.zip,Confuse Ray part 1.mp3,259647,attack-move-sfx-compressed/normal/confuse-ray-part-1.ogg,2808,1.157
151,Confuse Ray,confuse-ray,normal,/home/baguspermana7/Downloads/3DS - Pokemon Sun _ Moon - Miscellaneous - Attack Move Sound Effects.zip,Confuse Ray.mp3,331731,attack-move-sfx-compressed/normal/confuse-ray.ogg,2753,1.157
152,Confusion part 1,confusion-part-1,psychic,/home/baguspermana7/Downloads/3DS - Pokemon Sun _ Moon - Miscellaneous - Attack Move Sound Effects.zip,Confusion part 1.mp3,153063,attack-move-sfx-compressed/psychic/confusion-part-1.ogg,2687,1.157
153,Confusion part 2,confusion-part-2,psychic,/home/baguspermana7/Downloads/3DS - Pokemon Sun _ Moon - Miscellaneous - Attack Move Sound Effects.zip,Confusion part 2.mp3,177096,attack-move-sfx-compressed/psychic/confusion-part-2.ogg,2923,1.157
154,Confusion,confusion,psychic,/home/baguspermana7/Downloads/3DS - Pokemon Sun _ Moon - Miscellaneous - Attack Move Sound Effects.zip,Confusion.mp3,232461,attack-move-sfx-compressed/psychic/confusion.ogg,2696,1.157
155,Constrict,constrict,normal,/home/baguspermana7/Downloads/3DS - Pokemon Sun _ Moon - Miscellaneous - Attack Move Sound Effects.zip,Constrict.mp3,190665,attack-move-sfx-compressed/normal/constrict.ogg,2969,1.157
156,Continental Crush part 1,continental-crush-part-1,rock,/home/baguspermana7/Downloads/3DS - Pokemon Sun _ Moon - Miscellaneous - Attack Move Sound Effects.zip,Continental Crush part 1.mp3,186516,attack-move-sfx-compressed/rock/continental-crush-part-1.ogg,3141,1.157
157,Continental Crush part 2,continental-crush-part-2,rock,/home/baguspermana7/Downloads/3DS - Pokemon Sun _ Moon - Miscellaneous - Attack Move Sound Effects.zip,Continental Crush part 2.mp3,396540,attack-move-sfx-compressed/rock/continental-crush-part-2.ogg,2759,1.157
158,Continental Crush part 3,continental-crush-part-3,rock,/home/baguspermana7/Downloads/3DS - Pokemon Sun _ Moon - Miscellaneous - Attack Move Sound Effects.zip,Continental Crush part 3.mp3,632687,attack-move-sfx-compressed/rock/continental-crush-part-3.ogg,2837,1.157
159,Continental Crush,continental-crush,rock,/home/baguspermana7/Downloads/3DS - Pokemon Sun _ Moon - Miscellaneous - Attack Move Sound Effects.zip,Continental Crush.mp3,1021375,attack-move-sfx-compressed/rock/continental-crush.ogg,3146,1.157
160,Conversion 2,conversion-2,normal,/home/baguspermana7/Downloads/3DS - Pokemon Sun _ Moon - Miscellaneous - Attack Move Sound Effects.zip,Conversion 2.mp3,281577,attack-move-sfx-compressed/normal/conversion-2.ogg,2843,1.157
161,Conversion part 1,conversion-part-1,normal,/home/baguspermana7/Downloads/3DS - Pokemon Sun _ Moon - Miscellaneous - Attack Move Sound Effects.zip,Conversion part 1.mp3,142616,attack-move-sfx-compressed/normal/conversion-part-1.ogg,2484,1.03
162,Conversion part 2,conversion-part-2,normal,/home/baguspermana7/Downloads/3DS - Pokemon Sun _ Moon - Miscellaneous - Attack Move Sound Effects.zip,Conversion part 2.mp3,172918,attack-move-sfx-compressed/normal/conversion-part-2.ogg,3122,1.157
163,Conversion,conversion,normal,/home/baguspermana7/Downloads/3DS - Pokemon Sun _ Moon - Miscellaneous - Attack Move Sound Effects.zip,Conversion.mp3,218880,attack-move-sfx-compressed/normal/conversion.ogg,2759,1.157
164,Copycat part 1,copycat-part-1,normal,/home/baguspermana7/Downloads/3DS - Pokemon Sun _ Moon - Miscellaneous - Attack Move Sound Effects.zip,Copycat part 1.mp3,148879,attack-move-sfx-compressed/normal/copycat-part-1.ogg,2689,1.157
165,Copycat part 2,copycat-part-2,normal,/home/baguspermana7/Downloads/3DS - Pokemon Sun _ Moon - Miscellaneous - Attack Move Sound Effects.zip,Copycat part 2.mp3,196945,attack-move-sfx-compressed/normal/copycat-part-2.ogg,2773,1.157
166,Copycat,copycat,normal,/home/baguspermana7/Downloads/3DS - Pokemon Sun _ Moon - Miscellaneous - Attack Move Sound Effects.zip,Copycat.mp3,249176,attack-move-sfx-compressed/normal/copycat.ogg,2698,1.157
167,Core Enforcer part 1,core-enforcer-part-1,dragon,/home/baguspermana7/Downloads/3DS - Pokemon Sun _ Moon - Miscellaneous - Attack Move Sound Effects.zip,Core Enforcer part 1.mp3,421610,attack-move-sfx-compressed/dragon/core-enforcer-part-1.ogg,2799,1.157
168,Core Enforcer part 2,core-enforcer-part-2,dragon,/home/baguspermana7/Downloads/3DS - Pokemon Sun _ Moon - Miscellaneous - Attack Move Sound Effects.zip,Core Enforcer part 2.mp3,196957,attack-move-sfx-compressed/dragon/core-enforcer-part-2.ogg,2730,1.157
169,Core Enforcer,core-enforcer,dragon,/home/baguspermana7/Downloads/3DS - Pokemon Sun _ Moon - Miscellaneous - Attack Move Sound Effects.zip,Core Enforcer.mp3,520861,attack-move-sfx-compressed/dragon/core-enforcer.ogg,2810,1.157
170,Corkscrew Crash part 1,corkscrew-crash-part-1,steel,/home/baguspermana7/Downloads/3DS - Pokemon Sun _ Moon - Miscellaneous - Attack Move Sound Effects.zip,Corkscrew Crash part 1.mp3,186512,attack-move-sfx-compressed/steel/corkscrew-crash-part-1.ogg,3186,1.157
171,Corkscrew Crash part 2,corkscrew-crash-part-2,steel,/home/baguspermana7/Downloads/3DS - Pokemon Sun _ Moon - Miscellaneous - Attack Move Sound Effects.zip,Corkscrew Crash part 2.mp3,400716,attack-move-sfx-compressed/steel/corkscrew-crash-part-2.ogg,2798,1.157
172,Corkscrew Crash part 3,corkscrew-crash-part-3,steel,/home/baguspermana7/Downloads/3DS - Pokemon Sun _ Moon - Miscellaneous - Attack Move Sound Effects.zip,Corkscrew Crash part 3.mp3,598202,attack-move-sfx-compressed/steel/corkscrew-crash-part-3.ogg,2825,1.157
173,Corkscrew Crash,corkscrew-crash,steel,/home/baguspermana7/Downloads/3DS - Pokemon Sun _ Moon - Miscellaneous - Attack Move Sound Effects.zip,Corkscrew Crash.mp3,991069,attack-move-sfx-compressed/steel/corkscrew-crash.ogg,3187,1.157
174,Cosmic Power,cosmic-power,normal,/home/baguspermana7/Downloads/3DS - Pokemon Sun _ Moon - Miscellaneous - Attack Move Sound Effects.zip,Cosmic Power.mp3,230377,attack-move-sfx-compressed/normal/cosmic-power.ogg,2836,1.157
175,Cotton Guard,cotton-guard,normal,/home/baguspermana7/Downloads/3DS - Pokemon Sun _ Moon - Miscellaneous - Attack Move Sound Effects.zip,Cotton Guard.mp3,191716,attack-move-sfx-compressed/normal/cotton-guard.ogg,2818,1.157
176,Cotton Sport,cotton-sport,normal,/home/baguspermana7/Downloads/3DS - Pokemon Sun _ Moon - Miscellaneous - Attack Move Sound Effects.zip,Cotton Sport.mp3,210524,attack-move-sfx-compressed/normal/cotton-sport.ogg,2760,1.157
177,Counter,counter,normal,/home/baguspermana7/Downloads/3DS - Pokemon Sun _ Moon - Miscellaneous - Attack Move Sound Effects.zip,Counter.mp3,199020,attack-move-sfx-compressed/normal/counter.ogg,2877,1.157
178,Covet,covet,normal,/home/baguspermana7/Downloads/3DS - Pokemon Sun _ Moon - Miscellaneous - Attack Move Sound Effects.zip,Covet.mp3,194837,attack-move-sfx-compressed/normal/covet.ogg,2917,1.157
179,Crabhammer,crabhammer,normal,/home/baguspermana7/Downloads/3DS - Pokemon Sun _ Moon - Miscellaneous - Attack Move Sound Effects.zip,Crabhammer.mp3,201116,attack-move-sfx-compressed/normal/crabhammer.ogg,2755,1.157
180,Crafty Shield,crafty-shield,normal,/home/baguspermana7/Downloads/3DS - Pokemon Sun _ Moon - Miscellaneous - Attack Move Sound Effects.zip,Crafty Shield.mp3,269041,attack-move-sfx-compressed/normal/crafty-shield.ogg,2820,1.157
181,Cross Chop,cross-chop,normal,/home/baguspermana7/Downloads/3DS - Pokemon Sun _ Moon - Miscellaneous - Attack Move Sound Effects.zip,Cross Chop.mp3,192757,attack-move-sfx-compressed/normal/cross-chop.ogg,2990,1.157
182,Cross Poison,cross-poison,poison,/home/baguspermana7/Downloads/3DS - Pokemon Sun _ Moon - Miscellaneous - Attack Move Sound Effects.zip,Cross Poison.mp3,158279,attack-move-sfx-compressed/poison/cross-poison.ogg,2717,1.157
183,Crunch,crunch,dark,/home/baguspermana7/Downloads/3DS - Pokemon Sun _ Moon - Miscellaneous - Attack Move Sound Effects.zip,Crunch.mp3,161402,attack-move-sfx-compressed/dark/crunch.ogg,2665,1.157
184,Crush Claw,crush-claw,normal,/home/baguspermana7/Downloads/3DS - Pokemon Sun _ Moon - Miscellaneous - Attack Move Sound Effects.zip,Crush Claw.mp3,180218,attack-move-sfx-compressed/normal/crush-claw.ogg,2714,1.157
185,Crush Grip,crush-grip,normal,/home/baguspermana7/Downloads/3DS - Pokemon Sun _ Moon - Miscellaneous - Attack Move Sound Effects.zip,Crush Grip.mp3,179173,attack-move-sfx-compressed/normal/crush-grip.ogg,2931,1.157
186,Curse,curse,normal,/home/baguspermana7/Downloads/3DS - Pokemon Sun _ Moon - Miscellaneous - Attack Move Sound Effects.zip,Curse.mp3,240812,attack-move-sfx-compressed/normal/curse.ogg,2772,1.157
187,Cut,cut,normal,/home/baguspermana7/Downloads/3DS - Pokemon Sun _ Moon - Miscellaneous - Attack Move Sound Effects.zip,Cut.mp3,143633,attack-move-sfx-compressed/normal/cut.ogg,2325,1.056
188,Dark Pulse,dark-pulse,dark,/home/baguspermana7/Downloads/3DS - Pokemon Sun _ Moon - Miscellaneous - Attack Move Sound Effects.zip,Dark Pulse.mp3,203206,attack-move-sfx-compressed/dark/dark-pulse.ogg,2795,1.157
189,Dark Void,dark-void,dark,/home/baguspermana7/Downloads/3DS - Pokemon Sun _ Moon - Miscellaneous - Attack Move Sound Effects.zip,Dark Void.mp3,368298,attack-move-sfx-compressed/dark/dark-void.ogg,2757,1.157
190,Darkest Lariat,darkest-lariat,dark,/home/baguspermana7/Downloads/3DS - Pokemon Sun _ Moon - Miscellaneous - Attack Move Sound Effects.zip,Darkest Lariat.mp3,275312,attack-move-sfx-compressed/dark/darkest-lariat.ogg,2737,1.157
191,Dazzling Gleam,dazzling-gleam,fairy,/home/baguspermana7/Downloads/3DS - Pokemon Sun _ Moon - Miscellaneous - Attack Move Sound Effects.zip,Dazzling Gleam.mp3,269043,attack-move-sfx-compressed/fairy/dazzling-gleam.ogg,2915,1.157
192,Defend Order,defend-order,normal,/home/baguspermana7/Downloads/3DS - Pokemon Sun _ Moon - Miscellaneous - Attack Move Sound Effects.zip,Defend Order.mp3,202165,attack-move-sfx-compressed/normal/defend-order.ogg,2741,1.157
193,Defense Curl,defense-curl,normal,/home/baguspermana7/Downloads/3DS - Pokemon Sun _ Moon - Miscellaneous - Attack Move Sound Effects.zip,Defense Curl.mp3,187537,attack-move-sfx-compressed/normal/defense-curl.ogg,2998,1.157
194,Defog,defog,normal,/home/baguspermana7/Downloads/3DS - Pokemon Sun _ Moon - Miscellaneous - Attack Move Sound Effects.zip,Defog.mp3,205286,attack-move-sfx-compressed/normal/defog.ogg,2737,1.157
195,Destiny Bond,destiny-bond,normal,/home/baguspermana7/Downloads/3DS - Pokemon Sun _ Moon - Miscellaneous - Attack Move Sound Effects.zip,Destiny Bond.mp3,241871,attack-move-sfx-compressed/normal/destiny-bond.ogg,2803,1.157
196,Detect shield hit,detect-shield-hit,normal,/home/baguspermana7/Downloads/3DS - Pokemon Sun _ Moon - Miscellaneous - Attack Move Sound Effects.zip,Detect shield hit.mp3,124853,attack-move-sfx-compressed/normal/detect-shield-hit.ogg,1355,0.579
197,Detect,detect,normal,/home/baguspermana7/Downloads/3DS - Pokemon Sun _ Moon - Miscellaneous - Attack Move Sound Effects.zip,Detect.mp3,184390,attack-move-sfx-compressed/normal/detect.ogg,2808,1.157
198,Devastating Drake part 1,devastating-drake-part-1,normal,/home/baguspermana7/Downloads/3DS - Pokemon Sun _ Moon - Miscellaneous - Attack Move Sound Effects.zip,Devastating Drake part 1.mp3,160393,attack-move-sfx-compressed/normal/devastating-drake-part-1.ogg,3142,1.157
199,Devastating Drake part 2,devastating-drake-part-2,normal,/home/baguspermana7/Downloads/3DS - Pokemon Sun _ Moon - Miscellaneous - Attack Move Sound Effects.zip,Devastating Drake part 2.mp3,425797,attack-move-sfx-compressed/normal/devastating-drake-part-2.ogg,2811,1.157
200,Devastating Drake part 3,devastating-drake-part-3,normal,/home/baguspermana7/Downloads/3DS - Pokemon Sun _ Moon - Miscellaneous - Attack Move Sound Effects.zip,Devastating Drake part 3.mp3,683887,attack-move-sfx-compressed/normal/devastating-drake-part-3.ogg,2879,1.157
201,Devastating Drake,devastating-drake,normal,/home/baguspermana7/Downloads/3DS - Pokemon Sun _ Moon - Miscellaneous - Attack Move Sound Effects.zip,Devastating Drake.mp3,1076755,attack-move-sfx-compressed/normal/devastating-drake.ogg,3147,1.157
202,Diamond Storm,diamond-storm,normal,/home/baguspermana7/Downloads/3DS - Pokemon Sun _ Moon - Miscellaneous - Attack Move Sound Effects.zip,Diamond Storm.mp3,318151,attack-move-sfx-compressed/normal/diamond-storm.ogg,2768,1.157
203,Dig part 1,dig-part-1,ground,/home/baguspermana7/Downloads/3DS - Pokemon Sun _ Moon - Miscellaneous - Attack Move Sound Effects.zip,Dig part 1.mp3,206341,attack-move-sfx-compressed/ground/dig-part-1.ogg,2773,1.157
204,Dig part 2,dig-part-2,ground,/home/baguspermana7/Downloads/3DS - Pokemon Sun _ Moon - Miscellaneous - Attack Move Sound Effects.zip,Dig part 2.mp3,213655,attack-move-sfx-compressed/ground/dig-part-2.ogg,2800,1.157
205,Dig,dig,ground,/home/baguspermana7/Downloads/3DS - Pokemon Sun _ Moon - Miscellaneous - Attack Move Sound Effects.zip,Dig.mp3,323355,attack-move-sfx-compressed/ground/dig.ogg,2770,1.157
206,Disable,disable,normal,/home/baguspermana7/Downloads/3DS - Pokemon Sun _ Moon - Miscellaneous - Attack Move Sound Effects.zip,Disable.mp3,224098,attack-move-sfx-compressed/normal/disable.ogg,2837,1.157
207,Disarming Voice,disarming-voice,fairy,/home/baguspermana7/Downloads/3DS - Pokemon Sun _ Moon - Miscellaneous - Attack Move Sound Effects.zip,Disarming Voice.mp3,208441,attack-move-sfx-compressed/fairy/disarming-voice.ogg,3125,1.157
208,Discharge,discharge,electric,/home/baguspermana7/Downloads/3DS - Pokemon Sun _ Moon - Miscellaneous - Attack Move Sound Effects.zip,Discharge.mp3,232461,attack-move-sfx-compressed/electric/discharge.ogg,2802,1.157
209,Dive part 1,dive-part-1,water,/home/baguspermana7/Downloads/3DS - Pokemon Sun _ Moon - Miscellaneous - Attack Move Sound Effects.zip,Dive part 1.mp3,188580,attack-move-sfx-compressed/water/dive-part-1.ogg,2692,1.157
210,Dive part 2,dive-part-2,water,/home/baguspermana7/Downloads/3DS - Pokemon Sun _ Moon - Miscellaneous - Attack Move Sound Effects.zip,Dive part 2.mp3,251273,attack-move-sfx-compressed/water/dive-part-2.ogg,2687,1.157
211,Dive,dive,water,/home/baguspermana7/Downloads/3DS - Pokemon Sun _ Moon - Miscellaneous - Attack Move Sound Effects.zip,Dive.mp3,343210,attack-move-sfx-compressed/water/dive.ogg,2679,1.157
212,Dizzy Punch,dizzy-punch,fighting,/home/baguspermana7/Downloads/3DS - Pokemon Sun _ Moon - Miscellaneous - Attack Move Sound Effects.zip,Dizzy Punch.mp3,156188,attack-move-sfx-compressed/fighting/dizzy-punch.ogg,2902,1.157
213,Doom Desire,doom-desire,normal,/home/baguspermana7/Downloads/3DS - Pokemon Sun _ Moon - Miscellaneous - Attack Move Sound Effects.zip,Doom Desire.mp3,172906,attack-move-sfx-compressed/normal/doom-desire.ogg,2648,1.157
214,Double Hit 1hit,double-hit-1hit,normal,/home/baguspermana7/Downloads/3DS - Pokemon Sun _ Moon - Miscellaneous - Attack Move Sound Effects.zip,Double Hit 1hit.mp3,137388,attack-move-sfx-compressed/normal/double-hit-1hit.ogg,2017,0.895
215,Double Hit 2hits,double-hit-2hits,normal,/home/baguspermana7/Downloads/3DS - Pokemon Sun _ Moon - Miscellaneous - Attack Move Sound Effects.zip,Double Hit 2hits.mp3,214712,attack-move-sfx-compressed/normal/double-hit-2hits.ogg,2321,1.157
216,Double Kick 1hit,double-kick-1hit,fighting,/home/baguspermana7/Downloads/3DS - Pokemon Sun _ Moon - Miscellaneous - Attack Move Sound Effects.zip,Double Kick 1hit.mp3,130075,attack-move-sfx-compressed/fighting/double-kick-1hit.ogg,1595,0.702
217,Double Kick 2hits,double-kick-2hits,fighting,/home/baguspermana7/Downloads/3DS - Pokemon Sun _ Moon - Miscellaneous - Attack Move Sound Effects.zip,Double Kick 2hits.mp3,229343,attack-move-sfx-compressed/fighting/double-kick-2hits.ogg,2147,1.157
218,Double Slap 1hit,double-slap-1hit,normal,/home/baguspermana7/Downloads/3DS - Pokemon Sun _ Moon - Miscellaneous - Attack Move Sound Effects.zip,Double Slap 1hit.mp3,141569,attack-move-sfx-compressed/normal/double-slap-1hit.ogg,2395,1.014
219,Double Slap 2hits,double-slap-2hits,normal,/home/baguspermana7/Downloads/3DS - Pokemon Sun _ Moon - Miscellaneous - Attack Move Sound Effects.zip,Double Slap 2hits.mp3,206355,attack-move-sfx-compressed/normal/double-slap-2hits.ogg,2508,1.157
220,Double Team,double-team,normal,/home/baguspermana7/Downloads/3DS - Pokemon Sun _ Moon - Miscellaneous - Attack Move Sound Effects.zip,Double Team.mp3,217837,attack-move-sfx-compressed/normal/double-team.ogg,2828,1.157
221,Double-Edge,double-edge,normal,/home/baguspermana7/Downloads/3DS - Pokemon Sun _ Moon - Miscellaneous - Attack Move Sound Effects.zip,Double-Edge.mp3,273216,attack-move-sfx-compressed/normal/double-edge.ogg,2768,1.157
222,Draco Meteor,draco-meteor,dragon,/home/baguspermana7/Downloads/3DS - Pokemon Sun _ Moon - Miscellaneous - Attack Move Sound Effects.zip,Draco Meteor.mp3,414279,attack-move-sfx-compressed/dragon/draco-meteor.ogg,2739,1.157
223,Dragon Ascent,dragon-ascent,dragon,/home/baguspermana7/Downloads/3DS - Pokemon Sun _ Moon - Miscellaneous - Attack Move Sound Effects.zip,Dragon Ascent.mp3,356812,attack-move-sfx-compressed/dragon/dragon-ascent.ogg,2813,1.157
224,Dragon Breath,dragon-breath,dragon,/home/baguspermana7/Downloads/3DS - Pokemon Sun _ Moon - Miscellaneous - Attack Move Sound Effects.zip,Dragon Breath.mp3,283669,attack-move-sfx-compressed/dragon/dragon-breath.ogg,2783,1.157
225,Dragon Claw,dragon-claw,dragon,/home/baguspermana7/Downloads/3DS - Pokemon Sun _ Moon - Miscellaneous - Attack Move Sound Effects.zip,Dragon Claw.mp3,208433,attack-move-sfx-compressed/dragon/dragon-claw.ogg,2710,1.157
226,Dragon Dance,dragon-dance,dragon,/home/baguspermana7/Downloads/3DS - Pokemon Sun _ Moon - Miscellaneous - Attack Move Sound Effects.zip,Dragon Dance.mp3,229333,attack-move-sfx-compressed/dragon/dragon-dance.ogg,2802,1.157
227,Dragon Hammer,dragon-hammer,dragon,/home/baguspermana7/Downloads/3DS - Pokemon Sun _ Moon - Miscellaneous - Attack Move Sound Effects.zip,Dragon Hammer.mp3,186494,attack-move-sfx-compressed/dragon/dragon-hammer.ogg,2744,1.157
228,Dragon Pulse,dragon-pulse,dragon,/home/baguspermana7/Downloads/3DS - Pokemon Sun _ Moon - Miscellaneous - Attack Move Sound Effects.zip,Dragon Pulse.mp3,292026,attack-move-sfx-compressed/dragon/dragon-pulse.ogg,2803,1.157
229,Dragon Rage,dragon-rage,dragon,/home/baguspermana7/Downloads/3DS - Pokemon Sun _ Moon - Miscellaneous - Attack Move Sound Effects.zip,Dragon Rage.mp3,225151,attack-move-sfx-compressed/dragon/dragon-rage.ogg,2678,1.157
230,Dragon Rush,dragon-rush,dragon,/home/baguspermana7/Downloads/3DS - Pokemon Sun _ Moon - Miscellaneous - Attack Move Sound Effects.zip,Dragon Rush.mp3,292024,attack-move-sfx-compressed/dragon/dragon-rush.ogg,2680,1.157
231,Dragon Tail,dragon-tail,dragon,/home/baguspermana7/Downloads/3DS - Pokemon Sun _ Moon - Miscellaneous - Attack Move Sound Effects.zip,Dragon Tail.mp3,162457,attack-move-sfx-compressed/dragon/dragon-tail.ogg,2658,1.157
232,Drain Punch,drain-punch,fighting,/home/baguspermana7/Downloads/3DS - Pokemon Sun _ Moon - Miscellaneous - Attack Move Sound Effects.zip,Drain Punch.mp3,264857,attack-move-sfx-compressed/fighting/drain-punch.ogg,2817,1.157
233,Draining Kiss part 1,draining-kiss-part-1,fairy,/home/baguspermana7/Downloads/3DS - Pokemon Sun _ Moon - Miscellaneous - Attack Move Sound Effects.zip,Draining Kiss part 1.mp3,205316,attack-move-sfx-compressed/fairy/draining-kiss-part-1.ogg,2913,1.157
234,Draining Kiss part 2,draining-kiss-part-2,fairy,/home/baguspermana7/Downloads/3DS - Pokemon Sun _ Moon - Miscellaneous - Attack Move Sound Effects.zip,Draining Kiss part 2.mp3,187553,attack-move-sfx-compressed/fairy/draining-kiss-part-2.ogg,2798,1.157
235,Draining Kiss,draining-kiss,fairy,/home/baguspermana7/Downloads/3DS - Pokemon Sun _ Moon - Miscellaneous - Attack Move Sound Effects.zip,Draining Kiss.mp3,295163,attack-move-sfx-compressed/fairy/draining-kiss.ogg,2912,1.157
236,Dream Eater part 1,dream-eater-part-1,normal,/home/baguspermana7/Downloads/3DS - Pokemon Sun _ Moon - Miscellaneous - Attack Move Sound Effects.zip,Dream Eater part 1.mp3,290994,attack-move-sfx-compressed/normal/dream-eater-part-1.ogg,2807,1.157
237,Dream Eater,dream-eater,normal,/home/baguspermana7/Downloads/3DS - Pokemon Sun _ Moon - Miscellaneous - Attack Move Sound Effects.zip,Dream Eater.mp3,387110,attack-move-sfx-compressed/normal/dream-eater.ogg,2816,1.157
238,Drill Peck,drill-peck,normal,/home/baguspermana7/Downloads/3DS - Pokemon Sun _ Moon - Miscellaneous - Attack Move Sound Effects.zip,Drill Peck.mp3,162455,attack-move-sfx-compressed/normal/drill-peck.ogg,2616,1.157
239,Drill Run,drill-run,normal,/home/baguspermana7/Downloads/3DS - Pokemon Sun _ Moon - Miscellaneous - Attack Move Sound Effects.zip,Drill Run.mp3,248135,attack-move-sfx-compressed/normal/drill-run.ogg,2815,1.157
240,Dual Chop 1hit,dual-chop-1hit,normal,/home/baguspermana7/Downloads/3DS - Pokemon Sun _ Moon - Miscellaneous - Attack Move Sound Effects.zip,Dual Chop 1hit.mp3,150969,attack-move-sfx-compressed/normal/dual-chop-1hit.ogg,2600,1.157
241,Dual Chop 2hits,dual-chop-2hits,normal,/home/baguspermana7/Downloads/3DS - Pokemon Sun _ Moon - Miscellaneous - Attack Move Sound Effects.zip,Dual Chop 2hits.mp3,229339,attack-move-sfx-compressed/normal/dual-chop-2hits.ogg,2606,1.157
242,Dynamic Punch,dynamic-punch,fighting,/home/baguspermana7/Downloads/3DS - Pokemon Sun _ Moon - Miscellaneous - Attack Move Sound Effects.zip,Dynamic Punch.mp3,264861,attack-move-sfx-compressed/fighting/dynamic-punch.ogg,2806,1.157
243,Earth Power,earth-power,ground,/home/baguspermana7/Downloads/3DS - Pokemon Sun _ Moon - Miscellaneous - Attack Move Sound Effects.zip,Earth Power.mp3,254408,attack-move-sfx-compressed/ground/earth-power.ogg,2810,1.157
244,Earthquake,earthquake,ground,/home/baguspermana7/Downloads/3DS - Pokemon Sun _ Moon - Miscellaneous - Attack Move Sound Effects.zip,Earthquake.mp3,381884,attack-move-sfx-compressed/ground/earthquake.ogg,2774,1.157
245,Echoed Voice,echoed-voice,ice,/home/baguspermana7/Downloads/3DS - Pokemon Sun _ Moon - Miscellaneous - Attack Move Sound Effects.zip,Echoed Voice.mp3,302475,attack-move-sfx-compressed/ice/echoed-voice.ogg,2816,1.157
246,Eerie Impulse,eerie-impulse,normal,/home/baguspermana7/Downloads/3DS - Pokemon Sun _ Moon - Miscellaneous - Attack Move Sound Effects.zip,Eerie Impulse.mp3,234559,attack-move-sfx-compressed/normal/eerie-impulse.ogg,2822,1.157
247,Egg Bomb,egg-bomb,normal,/home/baguspermana7/Downloads/3DS - Pokemon Sun _ Moon - Miscellaneous - Attack Move Sound Effects.zip,Egg Bomb.mp3,192753,attack-move-sfx-compressed/normal/egg-bomb.ogg,2763,1.157
248,Electric Terrain part 1,electric-terrain-part-1,normal,/home/baguspermana7/Downloads/3DS - Pokemon Sun _ Moon - Miscellaneous - Attack Move Sound Effects.zip,Electric Terrain part 1.mp3,190693,attack-move-sfx-compressed/normal/electric-terrain-part-1.ogg,2755,1.157
249,Electric Terrain part 2,electric-terrain-part-2,normal,/home/baguspermana7/Downloads/3DS - Pokemon Sun _ Moon - Miscellaneous - Attack Move Sound Effects.zip,Electric Terrain part 2.mp3,177110,attack-move-sfx-compressed/normal/electric-terrain-part-2.ogg,2904,1.157
250,Electric Terrain,electric-terrain,normal,/home/baguspermana7/Downloads/3DS - Pokemon Sun _ Moon - Miscellaneous - Attack Move Sound Effects.zip,Electric Terrain.mp3,286810,attack-move-sfx-compressed/normal/electric-terrain.ogg,2783,1.157
251,Electrify,electrify,normal,/home/baguspermana7/Downloads/3DS - Pokemon Sun _ Moon - Miscellaneous - Attack Move Sound Effects.zip,Electrify.mp3,263808,attack-move-sfx-compressed/normal/electrify.ogg,2816,1.157
252,Electro Ball,electro-ball,electric,/home/baguspermana7/Downloads/3DS - Pokemon Sun _ Moon - Miscellaneous - Attack Move Sound Effects.zip,Electro Ball.mp3,271128,attack-move-sfx-compressed/electric/electro-ball.ogg,2959,1.157
253,Electroweb,electroweb,electric,/home/baguspermana7/Downloads/3DS - Pokemon Sun _ Moon - Miscellaneous - Attack Move Sound Effects.zip,Electroweb.mp3,233508,attack-move-sfx-compressed/electric/electroweb.ogg,2780,1.157
254,Embargo,embargo,normal,/home/baguspermana7/Downloads/3DS - Pokemon Sun _ Moon - Miscellaneous - Attack Move Sound Effects.zip,Embargo.mp3,269029,attack-move-sfx-compressed/normal/embargo.ogg,2780,1.157
255,Ember,ember,fire,/home/baguspermana7/Downloads/3DS - Pokemon Sun _ Moon - Miscellaneous - Attack Move Sound Effects.zip,Ember.mp3,156176,attack-move-sfx-compressed/fire/ember.ogg,2661,1.157
256,Encore,encore,normal,/home/baguspermana7/Downloads/3DS - Pokemon Sun _ Moon - Miscellaneous - Attack Move Sound Effects.zip,Encore.mp3,295149,attack-move-sfx-compressed/normal/encore.ogg,2749,1.157
257,Endeavor,endeavor,normal,/home/baguspermana7/Downloads/3DS - Pokemon Sun _ Moon - Miscellaneous - Attack Move Sound Effects.zip,Endeavor.mp3,183349,attack-move-sfx-compressed/normal/endeavor.ogg,2568,1.157
258,Endure,endure,normal,/home/baguspermana7/Downloads/3DS - Pokemon Sun _ Moon - Miscellaneous - Attack Move Sound Effects.zip,Endure.mp3,226186,attack-move-sfx-compressed/normal/endure.ogg,2899,1.157
259,Energy Ball,energy-ball,normal,/home/baguspermana7/Downloads/3DS - Pokemon Sun _ Moon - Miscellaneous - Attack Move Sound Effects.zip,Energy Ball.mp3,256498,attack-move-sfx-compressed/normal/energy-ball.ogg,2993,1.157
260,Entrainment part 1,entrainment-part-1,normal,/home/baguspermana7/Downloads/3DS - Pokemon Sun _ Moon - Miscellaneous - Attack Move Sound Effects.zip,Entrainment part 1.mp3,233524,attack-move-sfx-compressed/normal/entrainment-part-1.ogg,2648,1.157
261,Entrainment,entrainment,normal,/home/baguspermana7/Downloads/3DS - Pokemon Sun _ Moon - Miscellaneous - Attack Move Sound Effects.zip,Entrainment.mp3,352628,attack-move-sfx-compressed/normal/entrainment.ogg,2656,1.157
262,Eruption,eruption,normal,/home/baguspermana7/Downloads/3DS - Pokemon Sun _ Moon - Miscellaneous - Attack Move Sound Effects.zip,Eruption.mp3,278435,attack-move-sfx-compressed/normal/eruption.ogg,2715,1.157
263,Explosion,explosion,normal,/home/baguspermana7/Downloads/3DS - Pokemon Sun _ Moon - Miscellaneous - Attack Move Sound Effects.zip,Explosion.mp3,383971,attack-move-sfx-compressed/normal/explosion.ogg,2864,1.157
264,Extrasensory,extrasensory,psychic,/home/baguspermana7/Downloads/3DS - Pokemon Sun _ Moon - Miscellaneous - Attack Move Sound Effects.zip,Extrasensory.mp3,248141,attack-move-sfx-compressed/psychic/extrasensory.ogg,2850,1.157
265,Extreme Evoboost part 1,extreme-evoboost-part-1,normal,/home/baguspermana7/Downloads/3DS - Pokemon Sun _ Moon - Miscellaneous - Attack Move Sound Effects.zip,Extreme Evoboost part 1.mp3,159346,attack-move-sfx-compressed/normal/extreme-evoboost-part-1.ogg,3190,1.157
266,Extreme Evoboost part 2,extreme-evoboost-part-2,normal,/home/baguspermana7/Downloads/3DS - Pokemon Sun _ Moon - Miscellaneous - Attack Move Sound Effects.zip,Extreme Evoboost part 2.mp3,367281,attack-move-sfx-compressed/normal/extreme-evoboost-part-2.ogg,2760,1.157
267,Extreme Evoboost part 3,extreme-evoboost-part-3,normal,/home/baguspermana7/Downloads/3DS - Pokemon Sun _ Moon - Miscellaneous - Attack Move Sound Effects.zip,Extreme Evoboost part 3.mp3,402808,attack-move-sfx-compressed/normal/extreme-evoboost-part-3.ogg,2814,1.157
268,Extreme Evoboost part 4,extreme-evoboost-part-4,normal,/home/baguspermana7/Downloads/3DS - Pokemon Sun _ Moon - Miscellaneous - Attack Move Sound Effects.zip,Extreme Evoboost part 4.mp3,851069,attack-move-sfx-compressed/normal/extreme-evoboost-part-4.ogg,3222,1.157
269,Extreme Evoboost,extreme-evoboost,normal,/home/baguspermana7/Downloads/3DS - Pokemon Sun _ Moon - Miscellaneous - Attack Move Sound Effects.zip,Extreme Evoboost.mp3,1550092,attack-move-sfx-compressed/normal/extreme-evoboost.ogg,3196,1.157
270,Facade,facade,normal,/home/baguspermana7/Downloads/3DS - Pokemon Sun _ Moon - Miscellaneous - Attack Move Sound Effects.zip,Facade.mp3,183345,attack-move-sfx-compressed/normal/facade.ogg,2781,1.157
271,Fairy Lock,fairy-lock,fairy,/home/baguspermana7/Downloads/3DS - Pokemon Sun _ Moon - Miscellaneous - Attack Move Sound Effects.zip,Fairy Lock.mp3,264855,attack-move-sfx-compressed/fairy/fairy-lock.ogg,2810,1.157
272,Fairy Wind,fairy-wind,fairy,/home/baguspermana7/Downloads/3DS - Pokemon Sun _ Moon - Miscellaneous - Attack Move Sound Effects.zip,Fairy Wind.mp3,258586,attack-move-sfx-compressed/fairy/fairy-wind.ogg,2885,1.157
273,Fake Out,fake-out,normal,/home/baguspermana7/Downloads/3DS - Pokemon Sun _ Moon - Miscellaneous - Attack Move Sound Effects.zip,Fake Out.mp3,141553,attack-move-sfx-compressed/normal/fake-out.ogg,2281,1.012
274,Fake Tears,fake-tears,normal,/home/baguspermana7/Downloads/3DS - Pokemon Sun _ Moon - Miscellaneous - Attack Move Sound Effects.zip,Fake Tears.mp3,170814,attack-move-sfx-compressed/normal/fake-tears.ogg,2876,1.157
275,False Swipe,false-swipe,normal,/home/baguspermana7/Downloads/3DS - Pokemon Sun _ Moon - Miscellaneous - Attack Move Sound Effects.zip,False Swipe.mp3,143649,attack-move-sfx-compressed/normal/false-swipe.ogg,2335,1.053
276,Feather Dance,feather-dance,normal,/home/baguspermana7/Downloads/3DS - Pokemon Sun _ Moon - Miscellaneous - Attack Move Sound Effects.zip,Feather Dance.mp3,226200,attack-move-sfx-compressed/normal/feather-dance.ogg,3010,1.157
277,Feint Attack,feint-attack,normal,/home/baguspermana7/Downloads/3DS - Pokemon Sun _ Moon - Miscellaneous - Attack Move Sound Effects.zip,Feint Attack.mp3,168728,attack-move-sfx-compressed/normal/feint-attack.ogg,2611,1.157
278,Feint,feint,normal,/home/baguspermana7/Downloads/3DS - Pokemon Sun _ Moon - Miscellaneous - Attack Move Sound Effects.zip,Feint.mp3,191702,attack-move-sfx-compressed/normal/feint.ogg,2575,1.157
279,Fell Stinger,fell-stinger,normal,/home/baguspermana7/Downloads/3DS - Pokemon Sun _ Moon - Miscellaneous - Attack Move Sound Effects.zip,Fell Stinger.mp3,249186,attack-move-sfx-compressed/normal/fell-stinger.ogg,2838,1.157
280,Fiery Dance,fiery-dance,normal,/home/baguspermana7/Downloads/3DS - Pokemon Sun _ Moon - Miscellaneous - Attack Move Sound Effects.zip,Fiery Dance.mp3,367257,attack-move-sfx-compressed/normal/fiery-dance.ogg,2776,1.157
281,Final Gambit,final-gambit,normal,/home/baguspermana7/Downloads/3DS - Pokemon Sun _ Moon - Miscellaneous - Attack Move Sound Effects.zip,Final Gambit.mp3,233512,attack-move-sfx-compressed/normal/final-gambit.ogg,2702,1.157
282,Fire Blast,fire-blast,fire,/home/baguspermana7/Downloads/3DS - Pokemon Sun _ Moon - Miscellaneous - Attack Move Sound Effects.zip,Fire Blast.mp3,240822,attack-move-sfx-compressed/fire/fire-blast.ogg,2764,1.157
283,Fire Fang,fire-fang,fire,/home/baguspermana7/Downloads/3DS - Pokemon Sun _ Moon - Miscellaneous - Attack Move Sound Effects.zip,Fire Fang.mp3,182306,attack-move-sfx-compressed/fire/fire-fang.ogg,2712,1.157
284,Fire Lash,fire-lash,fire,/home/baguspermana7/Downloads/3DS - Pokemon Sun _ Moon - Miscellaneous - Attack Move Sound Effects.zip,Fire Lash.mp3,182306,attack-move-sfx-compressed/fire/fire-lash.ogg,2710,1.157
285,Fire Pledge,fire-pledge,fire,/home/baguspermana7/Downloads/3DS - Pokemon Sun _ Moon - Miscellaneous - Attack Move Sound Effects.zip,Fire Pledge.mp3,209477,attack-move-sfx-compressed/fire/fire-pledge.ogg,2767,1.157
286,Fire Punch,fire-punch,fighting,/home/baguspermana7/Downloads/3DS - Pokemon Sun _ Moon - Miscellaneous - Attack Move Sound Effects.zip,Fire Punch.mp3,172904,attack-move-sfx-compressed/fighting/fire-punch.ogg,2730,1.157
287,Fire Spin turn damage,fire-spin-turn-damage,fire,/home/baguspermana7/Downloads/3DS - Pokemon Sun _ Moon - Miscellaneous - Attack Move Sound Effects.zip,Fire Spin turn damage.mp3,171881,attack-move-sfx-compressed/fire/fire-spin-turn-damage.ogg,2661,1.157
288,Fire Spin,fire-spin,fire,/home/baguspermana7/Downloads/3DS - Pokemon Sun _ Moon - Miscellaneous - Attack Move Sound Effects.zip,Fire Spin.mp3,190665,attack-move-sfx-compressed/fire/fire-spin.ogg,2677,1.157
289,First Impression,first-impression,normal,/home/baguspermana7/Downloads/3DS - Pokemon Sun _ Moon - Miscellaneous - Attack Move Sound Effects.zip,First Impression.mp3,202173,attack-move-sfx-compressed/normal/first-impression.ogg,3105,1.157
290,Fissure,fissure,normal,/home/baguspermana7/Downloads/3DS - Pokemon Sun _ Moon - Miscellaneous - Attack Move Sound Effects.zip,Fissure.mp3,235592,attack-move-sfx-compressed/normal/fissure.ogg,2835,1.157
291,Flail,flail,normal,/home/baguspermana7/Downloads/3DS - Pokemon Sun _ Moon - Miscellaneous - Attack Move Sound Effects.zip,Flail.mp3,194837,attack-move-sfx-compressed/normal/flail.ogg,2749,1.157
292,Flame Burst,flame-burst,fire,/home/baguspermana7/Downloads/3DS - Pokemon Sun _ Moon - Miscellaneous - Attack Move Sound Effects.zip,Flame Burst.mp3,259633,attack-move-sfx-compressed/fire/flame-burst.ogg,2690,1.157
293,Flame Charge,flame-charge,fire,/home/baguspermana7/Downloads/3DS - Pokemon Sun _ Moon - Miscellaneous - Attack Move Sound Effects.zip,Flame Charge.mp3,289937,attack-move-sfx-compressed/fire/flame-charge.ogg,2777,1.157
294,Flame Wheel,flame-wheel,fire,/home/baguspermana7/Downloads/3DS - Pokemon Sun _ Moon - Miscellaneous - Attack Move Sound Effects.zip,Flame Wheel.mp3,258588,attack-move-sfx-compressed/fire/flame-wheel.ogg,2741,1.157
295,Flamethrower,flamethrower,fire,/home/baguspermana7/Downloads/3DS - Pokemon Sun _ Moon - Miscellaneous - Attack Move Sound Effects.zip,Flamethrower.mp3,290982,attack-move-sfx-compressed/fire/flamethrower.ogg,2770,1.157
296,Flare Blitz,flare-blitz,fire,/home/baguspermana7/Downloads/3DS - Pokemon Sun _ Moon - Miscellaneous - Attack Move Sound Effects.zip,Flare Blitz.mp3,303518,attack-move-sfx-compressed/fire/flare-blitz.ogg,2720,1.157
297,Flash Cannon,flash-cannon,steel,/home/baguspermana7/Downloads/3DS - Pokemon Sun _ Moon - Miscellaneous - Attack Move Sound Effects.zip,Flash Cannon.mp3,273218,attack-move-sfx-compressed/steel/flash-cannon.ogg,2764,1.157
298,Flash,flash,normal,/home/baguspermana7/Downloads/3DS - Pokemon Sun _ Moon - Miscellaneous - Attack Move Sound Effects.zip,Flash.mp3,215735,attack-move-sfx-compressed/normal/flash.ogg,2999,1.157
299,Flatter,flatter,normal,/home/baguspermana7/Downloads/3DS - Pokemon Sun _ Moon - Miscellaneous - Attack Move Sound Effects.zip,Flatter.mp3,207380,attack-move-sfx-compressed/normal/flatter.ogg,2847,1.157
300,Fleur Cannon,fleur-cannon,normal,/home/baguspermana7/Downloads/3DS - Pokemon Sun _ Moon - Miscellaneous - Attack Move Sound Effects.zip,Fleur Cannon.mp3,372484,attack-move-sfx-compressed/normal/fleur-cannon.ogg,2824,1.157
301,Fling,fling,normal,/home/baguspermana7/Downloads/3DS - Pokemon Sun _ Moon - Miscellaneous - Attack Move Sound Effects.zip,Fling.mp3,182298,attack-move-sfx-compressed/normal/fling.ogg,2709,1.157
302,Floral Healing part 1,floral-healing-part-1,normal,/home/baguspermana7/Downloads/3DS - Pokemon Sun _ Moon - Miscellaneous - Attack Move Sound Effects.zip,Floral Healing part 1.mp3,257563,attack-move-sfx-compressed/normal/floral-healing-part-1.ogg,2735,1.157
303,Floral Healing,floral-healing,normal,/home/baguspermana7/Downloads/3DS - Pokemon Sun _ Moon - Miscellaneous - Attack Move Sound Effects.zip,Floral Healing.mp3,348455,attack-move-sfx-compressed/normal/floral-healing.ogg,2736,1.157
304,Flower Shield,flower-shield,normal,/home/baguspermana7/Downloads/3DS - Pokemon Sun _ Moon - Miscellaneous - Attack Move Sound Effects.zip,Flower Shield.mp3,224110,attack-move-sfx-compressed/normal/flower-shield.ogg,2824,1.157
305,Fly part 1,fly-part-1,flying,/home/baguspermana7/Downloads/3DS - Pokemon Sun _ Moon - Miscellaneous - Attack Move Sound Effects.zip,Fly part 1.mp3,136333,attack-move-sfx-compressed/flying/fly-part-1.ogg,1897,0.864
306,Fly part 2,fly-part-2,flying,/home/baguspermana7/Downloads/3DS - Pokemon Sun _ Moon - Miscellaneous - Attack Move Sound Effects.zip,Fly part 2.mp3,269035,attack-move-sfx-compressed/flying/fly-part-2.ogg,2823,1.157
307,Fly,fly,flying,/home/baguspermana7/Downloads/3DS - Pokemon Sun _ Moon - Miscellaneous - Attack Move Sound Effects.zip,Fly.mp3,307682,attack-move-sfx-compressed/flying/fly.ogg,2444,1.157
308,Flying Press,flying-press,flying,/home/baguspermana7/Downloads/3DS - Pokemon Sun _ Moon - Miscellaneous - Attack Move Sound Effects.zip,Flying Press.mp3,223063,attack-move-sfx-compressed/flying/flying-press.ogg,2834,1.157
309,Focus Blast,focus-blast,fighting,/home/baguspermana7/Downloads/3DS - Pokemon Sun _ Moon - Miscellaneous - Attack Move Sound Effects.zip,Focus Blast.mp3,319192,attack-move-sfx-compressed/fighting/focus-blast.ogg,2845,1.157
310,Focus Energy,focus-energy,fighting,/home/baguspermana7/Downloads/3DS - Pokemon Sun _ Moon - Miscellaneous - Attack Move Sound Effects.zip,Focus Energy.mp3,235602,attack-move-sfx-compressed/fighting/focus-energy.ogg,2797,1.157
311,Focus Punch part 1,focus-punch-part-1,fighting,/home/baguspermana7/Downloads/3DS - Pokemon Sun _ Moon - Miscellaneous - Attack Move Sound Effects.zip,Focus Punch part 1.mp3,194863,attack-move-sfx-compressed/fighting/focus-punch-part-1.ogg,2800,1.157
312,Focus Punch part 2,focus-punch-part-2,fighting,/home/baguspermana7/Downloads/3DS - Pokemon Sun _ Moon - Miscellaneous - Attack Move Sound Effects.zip,Focus Punch part 2.mp3,274275,attack-move-sfx-compressed/fighting/focus-punch-part-2.ogg,2812,1.157
313,Focus Punch,focus-punch,fighting,/home/baguspermana7/Downloads/3DS - Pokemon Sun _ Moon - Miscellaneous - Attack Move Sound Effects.zip,Focus Punch.mp3,372482,attack-move-sfx-compressed/fighting/focus-punch.ogg,2798,1.157
314,Follow Me,follow-me,normal,/home/baguspermana7/Downloads/3DS - Pokemon Sun _ Moon - Miscellaneous - Attack Move Sound Effects.zip,Follow Me.mp3,217833,attack-move-sfx-compressed/normal/follow-me.ogg,3019,1.157
315,Force Palm,force-palm,normal,/home/baguspermana7/Downloads/3DS - Pokemon Sun _ Moon - Miscellaneous - Attack Move Sound Effects.zip,Force Palm.mp3,159320,attack-move-sfx-compressed/normal/force-palm.ogg,2416,1.157
316,Foresight,foresight,normal,/home/baguspermana7/Downloads/3DS - Pokemon Sun _ Moon - Miscellaneous - Attack Move Sound Effects.zip,Foresight.mp3,250224,attack-move-sfx-compressed/normal/foresight.ogg,2934,1.157
317,Forest's Curse,forest-s-curse,normal,/home/baguspermana7/Downloads/3DS - Pokemon Sun _ Moon - Miscellaneous - Attack Move Sound Effects.zip,Forest's Curse.mp3,255459,attack-move-sfx-compressed/normal/forest-s-curse.ogg,2802,1.157
318,Foul Play,foul-play,dark,/home/baguspermana7/Downloads/3DS - Pokemon Sun _ Moon - Miscellaneous - Attack Move Sound Effects.zip,Foul Play.mp3,215743,attack-move-sfx-compressed/dark/foul-play.ogg,2770,1.157
319,Freeze Shock part 1,freeze-shock-part-1,ice,/home/baguspermana7/Downloads/3DS - Pokemon Sun _ Moon - Miscellaneous - Attack Move Sound Effects.zip,Freeze Shock part 1.mp3,246065,attack-move-sfx-compressed/ice/freeze-shock-part-1.ogg,2758,1.157
320,Freeze Shock part 2,freeze-shock-part-2,ice,/home/baguspermana7/Downloads/3DS - Pokemon Sun _ Moon - Miscellaneous - Attack Move Sound Effects.zip,Freeze Shock part 2.mp3,334881,attack-move-sfx-compressed/ice/freeze-shock-part-2.ogg,2835,1.157
321,Freeze Shock,freeze-shock,ice,/home/baguspermana7/Downloads/3DS - Pokemon Sun _ Moon - Miscellaneous - Attack Move Sound Effects.zip,Freeze Shock.mp3,483243,attack-move-sfx-compressed/ice/freeze-shock.ogg,2769,1.157
322,Freeze-Dry,freeze-dry,ice,/home/baguspermana7/Downloads/3DS - Pokemon Sun _ Moon - Miscellaneous - Attack Move Sound Effects.zip,Freeze-Dry.mp3,257541,attack-move-sfx-compressed/ice/freeze-dry.ogg,2811,1.157
323,Frenzy Plant,frenzy-plant,grass,/home/baguspermana7/Downloads/3DS - Pokemon Sun _ Moon - Miscellaneous - Attack Move Sound Effects.zip,Frenzy Plant.mp3,286802,attack-move-sfx-compressed/grass/frenzy-plant.ogg,2724,1.157
324,Frost Breath,frost-breath,ice,/home/baguspermana7/Downloads/3DS - Pokemon Sun _ Moon - Miscellaneous - Attack Move Sound Effects.zip,Frost Breath.mp3,237692,attack-move-sfx-compressed/ice/frost-breath.ogg,2875,1.157
325,Frustration,frustration,normal,/home/baguspermana7/Downloads/3DS - Pokemon Sun _ Moon - Miscellaneous - Attack Move Sound Effects.zip,Frustration.mp3,195894,attack-move-sfx-compressed/normal/frustration.ogg,1474,1.157
326,Fury Attack 1hit,fury-attack-1hit,normal,/home/baguspermana7/Downloads/3DS - Pokemon Sun _ Moon - Miscellaneous - Attack Move Sound Effects.zip,Fury Attack 1hit.mp3,149928,attack-move-sfx-compressed/normal/fury-attack-1hit.ogg,2796,1.157
327,Fury Attack 2hits,fury-attack-2hits,normal,/home/baguspermana7/Downloads/3DS - Pokemon Sun _ Moon - Miscellaneous - Attack Move Sound Effects.zip,Fury Attack 2hits.mp3,249196,attack-move-sfx-compressed/normal/fury-attack-2hits.ogg,2787,1.157
328,Fury Cutter,fury-cutter,bug,/home/baguspermana7/Downloads/3DS - Pokemon Sun _ Moon - Miscellaneous - Attack Move Sound Effects.zip,Fury Cutter.mp3,182310,attack-move-sfx-compressed/bug/fury-cutter.ogg,2793,1.157
329,Fury Swipes 1hit,fury-swipes-1hit,normal,/home/baguspermana7/Downloads/3DS - Pokemon Sun _ Moon - Miscellaneous - Attack Move Sound Effects.zip,Fury Swipes 1hit.mp3,140524,attack-move-sfx-compressed/normal/fury-swipes-1hit.ogg,2201,0.968
330,Fury Swipes 2hits,fury-swipes-2hits,normal,/home/baguspermana7/Downloads/3DS - Pokemon Sun _ Moon - Miscellaneous - Attack Move Sound Effects.zip,Fury Swipes 2hits.mp3,206355,attack-move-sfx-compressed/normal/fury-swipes-2hits.ogg,2400,1.157
331,Fusion Bolt,fusion-bolt,normal,/home/baguspermana7/Downloads/3DS - Pokemon Sun _ Moon - Miscellaneous - Attack Move Sound Effects.zip,Fusion Bolt.mp3,393380,attack-move-sfx-compressed/normal/fusion-bolt.ogg,2772,1.157
332,Fusion Flare,fusion-flare,fire,/home/baguspermana7/Downloads/3DS - Pokemon Sun _ Moon - Miscellaneous - Attack Move Sound Effects.zip,Fusion Flare.mp3,372484,attack-move-sfx-compressed/fire/fusion-flare.ogg,2757,1.157
333,Future Sight part 1,future-sight-part-1,psychic,/home/baguspermana7/Downloads/3DS - Pokemon Sun _ Moon - Miscellaneous - Attack Move Sound Effects.zip,Future Sight part 1.mp3,189640,attack-move-sfx-compressed/psychic/future-sight-part-1.ogg,2836,1.157
334,Future Sight part 2,future-sight-part-2,psychic,/home/baguspermana7/Downloads/3DS - Pokemon Sun _ Moon - Miscellaneous - Attack Move Sound Effects.zip,Future Sight part 2.mp3,227257,attack-move-sfx-compressed/psychic/future-sight-part-2.ogg,2801,1.157
335,Future Sight,future-sight,psychic,/home/baguspermana7/Downloads/3DS - Pokemon Sun _ Moon - Miscellaneous - Attack Move Sound Effects.zip,Future Sight.mp3,319194,attack-move-sfx-compressed/psychic/future-sight.ogg,2831,1.157
336,Gastro Acid,gastro-acid,poison,/home/baguspermana7/Downloads/3DS - Pokemon Sun _ Moon - Miscellaneous - Attack Move Sound Effects.zip,Gastro Acid.mp3,225151,attack-move-sfx-compressed/poison/gastro-acid.ogg,2693,1.157
337,Gear Grind,gear-grind,normal,/home/baguspermana7/Downloads/3DS - Pokemon Sun _ Moon - Miscellaneous - Attack Move Sound Effects.zip,Gear Grind.mp3,232463,attack-move-sfx-compressed/normal/gear-grind.ogg,2790,1.157
338,Gear Up,gear-up,normal,/home/baguspermana7/Downloads/3DS - Pokemon Sun _ Moon - Miscellaneous - Attack Move Sound Effects.zip,Gear Up.mp3,243951,attack-move-sfx-compressed/normal/gear-up.ogg,2782,1.157
339,Genesis Supernova part 1,genesis-supernova-part-1,normal,/home/baguspermana7/Downloads/3DS - Pokemon Sun _ Moon - Miscellaneous - Attack Move Sound Effects.zip,Genesis Supernova part 1.mp3,160393,attack-move-sfx-compressed/normal/genesis-supernova-part-1.ogg,3162,1.157
340,Genesis Supernova part 2,genesis-supernova-part-2,normal,/home/baguspermana7/Downloads/3DS - Pokemon Sun _ Moon - Miscellaneous - Attack Move Sound Effects.zip,Genesis Supernova part 2.mp3,390271,attack-move-sfx-compressed/normal/genesis-supernova-part-2.ogg,2814,1.157
341,Genesis Supernova part 3,genesis-supernova-part-3,normal,/home/baguspermana7/Downloads/3DS - Pokemon Sun _ Moon - Miscellaneous - Attack Move Sound Effects.zip,Genesis Supernova part 3.mp3,934663,attack-move-sfx-compressed/normal/genesis-supernova-part-3.ogg,2798,1.157
342,Genesis Supernova,genesis-supernova,normal,/home/baguspermana7/Downloads/3DS - Pokemon Sun _ Moon - Miscellaneous - Attack Move Sound Effects.zip,Genesis Supernova.mp3,1296183,attack-move-sfx-compressed/normal/genesis-supernova.ogg,3143,1.157
343,Geomancy part 1,geomancy-part-1,normal,/home/baguspermana7/Downloads/3DS - Pokemon Sun _ Moon - Miscellaneous - Attack Move Sound Effects.zip,Geomancy part 1.mp3,259641,attack-move-sfx-compressed/normal/geomancy-part-1.ogg,2839,1.157
344,Geomancy part 2,geomancy-part-2,normal,/home/baguspermana7/Downloads/3DS - Pokemon Sun _ Moon - Miscellaneous - Attack Move Sound Effects.zip,Geomancy part 2.mp3,326514,attack-move-sfx-compressed/normal/geomancy-part-2.ogg,2808,1.157
345,Geomancy,geomancy,normal,/home/baguspermana7/Downloads/3DS - Pokemon Sun _ Moon - Miscellaneous - Attack Move Sound Effects.zip,Geomancy.mp3,489504,attack-move-sfx-compressed/normal/geomancy.ogg,2835,1.157
346,Giga Drain,giga-drain,normal,/home/baguspermana7/Downloads/3DS - Pokemon Sun _ Moon - Miscellaneous - Attack Move Sound Effects.zip,Giga Drain.mp3,248137,attack-move-sfx-compressed/normal/giga-drain.ogg,3005,1.157
347,Giga Impact,giga-impact,normal,/home/baguspermana7/Downloads/3DS - Pokemon Sun _ Moon - Miscellaneous - Attack Move Sound Effects.zip,Giga Impact.mp3,241869,attack-move-sfx-compressed/normal/giga-impact.ogg,2744,1.157
348,Gigavolt Havoc part 1,gigavolt-havoc-part-1,electric,/home/baguspermana7/Downloads/3DS - Pokemon Sun _ Moon - Miscellaneous - Attack Move Sound Effects.zip,Gigavolt Havoc part 1.mp3,162477,attack-move-sfx-compressed/electric/gigavolt-havoc-part-1.ogg,3216,1.157
349,Gigavolt Havoc part 2,gigavolt-havoc-part-2,electric,/home/baguspermana7/Downloads/3DS - Pokemon Sun _ Moon - Miscellaneous - Attack Move Sound Effects.zip,Gigavolt Havoc part 2.mp3,424746,attack-move-sfx-compressed/electric/gigavolt-havoc-part-2.ogg,3061,1.157
350,Gigavolt Havoc part 3,gigavolt-havoc-part-3,electric,/home/baguspermana7/Downloads/3DS - Pokemon Sun _ Moon - Miscellaneous - Attack Move Sound Effects.zip,Gigavolt Havoc part 3.mp3,674477,attack-move-sfx-compressed/electric/gigavolt-havoc-part-3.ogg,2920,1.157
351,Gigavolt Havoc,gigavolt-havoc,electric,/home/baguspermana7/Downloads/3DS - Pokemon Sun _ Moon - Miscellaneous - Attack Move Sound Effects.zip,Gigavolt Havoc.mp3,1066300,attack-move-sfx-compressed/electric/gigavolt-havoc.ogg,3219,1.157
352,Glaciate,glaciate,normal,/home/baguspermana7/Downloads/3DS - Pokemon Sun _ Moon - Miscellaneous - Attack Move Sound Effects.zip,Glaciate.mp3,321276,attack-move-sfx-compressed/normal/glaciate.ogg,2645,1.157
353,Glare,glare,normal,/home/baguspermana7/Downloads/3DS - Pokemon Sun _ Moon - Miscellaneous - Attack Move Sound Effects.zip,Glare.mp3,195882,attack-move-sfx-compressed/normal/glare.ogg,2768,1.157
354,Grass Knot,grass-knot,grass,/home/baguspermana7/Downloads/3DS - Pokemon Sun _ Moon - Miscellaneous - Attack Move Sound Effects.zip,Grass Knot.mp3,223059,attack-move-sfx-compressed/grass/grass-knot.ogg,2937,1.157
355,Grass Pledge,grass-pledge,grass,/home/baguspermana7/Downloads/3DS - Pokemon Sun _ Moon - Miscellaneous - Attack Move Sound Effects.zip,Grass Pledge.mp3,200075,attack-move-sfx-compressed/grass/grass-pledge.ogg,2748,1.157
356,Grass Whistle part 1,grass-whistle-part-1,grass,/home/baguspermana7/Downloads/3DS - Pokemon Sun _ Moon - Miscellaneous - Attack Move Sound Effects.zip,Grass Whistle part 1.mp3,189642,attack-move-sfx-compressed/grass/grass-whistle-part-1.ogg,3780,1.157
357,Grass Whistle,grass-whistle,grass,/home/baguspermana7/Downloads/3DS - Pokemon Sun _ Moon - Miscellaneous - Attack Move Sound Effects.zip,Grass Whistle.mp3,249188,attack-move-sfx-compressed/grass/grass-whistle.ogg,3790,1.157
358,Grassy Terrain part 1,grassy-terrain-part-1,grass,/home/baguspermana7/Downloads/3DS - Pokemon Sun _ Moon - Miscellaneous - Attack Move Sound Effects.zip,Grassy Terrain part 1.mp3,189644,attack-move-sfx-compressed/grass/grassy-terrain-part-1.ogg,2779,1.157
359,Grassy Terrain part 2,grassy-terrain-part-2,grass,/home/baguspermana7/Downloads/3DS - Pokemon Sun _ Moon - Miscellaneous - Attack Move Sound Effects.zip,Grassy Terrain part 2.mp3,182330,attack-move-sfx-compressed/grass/grassy-terrain-part-2.ogg,2677,1.157
360,Grassy Terrain,grassy-terrain,grass,/home/baguspermana7/Downloads/3DS - Pokemon Sun _ Moon - Miscellaneous - Attack Move Sound Effects.zip,Grassy Terrain.mp3,289941,attack-move-sfx-compressed/grass/grassy-terrain.ogg,2772,1.157
361,Gravity,gravity,normal,/home/baguspermana7/Downloads/3DS - Pokemon Sun _ Moon - Miscellaneous - Attack Move Sound Effects.zip,Gravity.mp3,305600,attack-move-sfx-compressed/normal/gravity.ogg,2790,1.157
362,Growl,growl,normal,/home/baguspermana7/Downloads/3DS - Pokemon Sun _ Moon - Miscellaneous - Attack Move Sound Effects.zip,Growl.mp3,170804,attack-move-sfx-compressed/normal/growl.ogg,2799,1.157
363,Growth,growth,normal,/home/baguspermana7/Downloads/3DS - Pokemon Sun _ Moon - Miscellaneous - Attack Move Sound Effects.zip,Growth.mp3,161402,attack-move-sfx-compressed/normal/growth.ogg,2712,1.157
364,Grudge,grudge,normal,/home/baguspermana7/Downloads/3DS - Pokemon Sun _ Moon - Miscellaneous - Attack Move Sound Effects.zip,Grudge.mp3,266937,attack-move-sfx-compressed/normal/grudge.ogg,2753,1.157
365,Guard Split,guard-split,normal,/home/baguspermana7/Downloads/3DS - Pokemon Sun _ Moon - Miscellaneous - Attack Move Sound Effects.zip,Guard Split.mp3,195894,attack-move-sfx-compressed/normal/guard-split.ogg,2864,1.157
366,Guard Swap,guard-swap,normal,/home/baguspermana7/Downloads/3DS - Pokemon Sun _ Moon - Miscellaneous - Attack Move Sound Effects.zip,Guard Swap.mp3,217835,attack-move-sfx-compressed/normal/guard-swap.ogg,2773,1.157
367,Guardian of Alola part 1,guardian-of-alola-part-1,normal,/home/baguspermana7/Downloads/3DS - Pokemon Sun _ Moon - Miscellaneous - Attack Move Sound Effects.zip,Guardian of Alola part 1.mp3,162483,attack-move-sfx-compressed/normal/guardian-of-alola-part-1.ogg,3188,1.157
368,Guardian of Alola part 2,guardian-of-alola-part-2,normal,/home/baguspermana7/Downloads/3DS - Pokemon Sun _ Moon - Miscellaneous - Attack Move Sound Effects.zip,Guardian of Alola part 2.mp3,366238,attack-move-sfx-compressed/normal/guardian-of-alola-part-2.ogg,2771,1.157
369,Guardian of Alola part 3,guardian-of-alola-part-3,normal,/home/baguspermana7/Downloads/3DS - Pokemon Sun _ Moon - Miscellaneous - Attack Move Sound Effects.zip,Guardian of Alola part 3.mp3,831218,attack-move-sfx-compressed/normal/guardian-of-alola-part-3.ogg,3113,1.157
370,Guardian of Alola,guardian-of-alola,normal,/home/baguspermana7/Downloads/3DS - Pokemon Sun _ Moon - Miscellaneous - Attack Move Sound Effects.zip,Guardian of Alola.mp3,1165571,attack-move-sfx-compressed/normal/guardian-of-alola.ogg,3197,1.157
371,Guillotine,guillotine,normal,/home/baguspermana7/Downloads/3DS - Pokemon Sun _ Moon - Miscellaneous - Attack Move Sound Effects.zip,Guillotine.mp3,193802,attack-move-sfx-compressed/normal/guillotine.ogg,2825,1.157
372,Gunk Shot,gunk-shot,normal,/home/baguspermana7/Downloads/3DS - Pokemon Sun _ Moon - Miscellaneous - Attack Move Sound Effects.zip,Gunk Shot.mp3,310829,attack-move-sfx-compressed/normal/gunk-shot.ogg,2728,1.157
373,Gyro Ball,gyro-ball,steel,/home/baguspermana7/Downloads/3DS - Pokemon Sun _ Moon - Miscellaneous - Attack Move Sound Effects.zip,Gyro Ball.mp3,234551,attack-move-sfx-compressed/steel/gyro-ball.ogg,2796,1.157
374,Hail turn damage,hail-turn-damage,normal,/home/baguspermana7/Downloads/3DS - Pokemon Sun _ Moon - Miscellaneous - Attack Move Sound Effects.zip,Hail turn damage.mp3,129030,attack-move-sfx-compressed/normal/hail-turn-damage.ogg,1506,0.692
375,Hail,hail,normal,/home/baguspermana7/Downloads/3DS - Pokemon Sun _ Moon - Miscellaneous - Attack Move Sound Effects.zip,Hail.mp3,364108,attack-move-sfx-compressed/normal/hail.ogg,2881,1.157
376,Hammer Arm,hammer-arm,normal,/home/baguspermana7/Downloads/3DS - Pokemon Sun _ Moon - Miscellaneous - Attack Move Sound Effects.zip,Hammer Arm.mp3,190667,attack-move-sfx-compressed/normal/hammer-arm.ogg,2783,1.157
377,Happy Hour,happy-hour,normal,/home/baguspermana7/Downloads/3DS - Pokemon Sun _ Moon - Miscellaneous - Attack Move Sound Effects.zip,Happy Hour.mp3,236643,attack-move-sfx-compressed/normal/happy-hour.ogg,2886,1.157
378,Harden,harden,normal,/home/baguspermana7/Downloads/3DS - Pokemon Sun _ Moon - Miscellaneous - Attack Move Sound Effects.zip,Harden.mp3,203198,attack-move-sfx-compressed/normal/harden.ogg,2773,1.157
379,Haze,haze,normal,/home/baguspermana7/Downloads/3DS - Pokemon Sun _ Moon - Miscellaneous - Attack Move Sound Effects.zip,Haze.mp3,200059,attack-move-sfx-compressed/normal/haze.ogg,2737,1.157
380,Head Charge,head-charge,normal,/home/baguspermana7/Downloads/3DS - Pokemon Sun _ Moon - Miscellaneous - Attack Move Sound Effects.zip,Head Charge.mp3,323371,attack-move-sfx-compressed/normal/head-charge.ogg,2821,1.157
381,Head Smash,head-smash,normal,/home/baguspermana7/Downloads/3DS - Pokemon Sun _ Moon - Miscellaneous - Attack Move Sound Effects.zip,Head Smash.mp3,262765,attack-move-sfx-compressed/normal/head-smash.ogg,2836,1.157
382,Headbutt,headbutt,normal,/home/baguspermana7/Downloads/3DS - Pokemon Sun _ Moon - Miscellaneous - Attack Move Sound Effects.zip,Headbutt.mp3,150957,attack-move-sfx-compressed/normal/headbutt.ogg,2718,1.157
383,Heal Bell,heal-bell,normal,/home/baguspermana7/Downloads/3DS - Pokemon Sun _ Moon - Miscellaneous - Attack Move Sound Effects.zip,Heal Bell.mp3,236641,attack-move-sfx-compressed/normal/heal-bell.ogg,3095,1.157
384,Heal Block,heal-block,normal,/home/baguspermana7/Downloads/3DS - Pokemon Sun _ Moon - Miscellaneous - Attack Move Sound Effects.zip,Heal Block.mp3,212610,attack-move-sfx-compressed/normal/heal-block.ogg,2977,1.157
385,Heal Order part 1,heal-order-part-1,normal,/home/baguspermana7/Downloads/3DS - Pokemon Sun _ Moon - Miscellaneous - Attack Move Sound Effects.zip,Heal Order part 1.mp3,218894,attack-move-sfx-compressed/normal/heal-order-part-1.ogg,2681,1.157
386,Heal Order,heal-order,normal,/home/baguspermana7/Downloads/3DS - Pokemon Sun _ Moon - Miscellaneous - Attack Move Sound Effects.zip,Heal Order.mp3,313965,attack-move-sfx-compressed/normal/heal-order.ogg,2673,1.157
387,Heal Pulse part 1,heal-pulse-part-1,normal,/home/baguspermana7/Downloads/3DS - Pokemon Sun _ Moon - Miscellaneous - Attack Move Sound Effects.zip,Heal Pulse part 1.mp3,194861,attack-move-sfx-compressed/normal/heal-pulse-part-1.ogg,2814,1.157
388,Heal Pulse,heal-pulse,normal,/home/baguspermana7/Downloads/3DS - Pokemon Sun _ Moon - Miscellaneous - Attack Move Sound Effects.zip,Heal Pulse.mp3,284708,attack-move-sfx-compressed/normal/heal-pulse.ogg,2834,1.157
389,Healing Wish part 1,healing-wish-part-1,normal,/home/baguspermana7/Downloads/3DS - Pokemon Sun _ Moon - Miscellaneous - Attack Move Sound Effects.zip,Healing Wish part 1.mp3,246065,attack-move-sfx-compressed/normal/healing-wish-part-1.ogg,2851,1.157
390,Healing Wish,healing-wish,normal,/home/baguspermana7/Downloads/3DS - Pokemon Sun _ Moon - Miscellaneous - Attack Move Sound Effects.zip,Healing Wish.mp3,501006,attack-move-sfx-compressed/normal/healing-wish.ogg,2857,1.157
391,Heart Stamp,heart-stamp,normal,/home/baguspermana7/Downloads/3DS - Pokemon Sun _ Moon - Miscellaneous - Attack Move Sound Effects.zip,Heart Stamp.mp3,213657,attack-move-sfx-compressed/normal/heart-stamp.ogg,2919,1.157
392,Heat Crash,heat-crash,fire,/home/baguspermana7/Downloads/3DS - Pokemon Sun _ Moon - Miscellaneous - Attack Move Sound Effects.zip,Heat Crash.mp3,317100,attack-move-sfx-compressed/fire/heat-crash.ogg,2804,1.157
393,Heat Wave,heat-wave,fire,/home/baguspermana7/Downloads/3DS - Pokemon Sun _ Moon - Miscellaneous - Attack Move Sound Effects.zip,Heat Wave.mp3,271122,attack-move-sfx-compressed/fire/heat-wave.ogg,2822,1.157
394,Heavy Slam,heavy-slam,normal,/home/baguspermana7/Downloads/3DS - Pokemon Sun _ Moon - Miscellaneous - Attack Move Sound Effects.zip,Heavy Slam.mp3,242912,attack-move-sfx-compressed/normal/heavy-slam.ogg,2724,1.157
395,Helping Hand,helping-hand,normal,/home/baguspermana7/Downloads/3DS - Pokemon Sun _ Moon - Miscellaneous - Attack Move Sound Effects.zip,Helping Hand.mp3,171863,attack-move-sfx-compressed/normal/helping-hand.ogg,2863,1.157
396,Hex,hex,ghost,/home/baguspermana7/Downloads/3DS - Pokemon Sun _ Moon - Miscellaneous - Attack Move Sound Effects.zip,Hex.mp3,295143,attack-move-sfx-compressed/ghost/hex.ogg,2789,1.157
397,Hidden Power,hidden-power,normal,/home/baguspermana7/Downloads/3DS - Pokemon Sun _ Moon - Miscellaneous - Attack Move Sound Effects.zip,Hidden Power.mp3,218884,attack-move-sfx-compressed/normal/hidden-power.ogg,2855,1.157
398,High Horsepower,high-horsepower,normal,/home/baguspermana7/Downloads/3DS - Pokemon Sun _ Moon - Miscellaneous - Attack Move Sound Effects.zip,High Horsepower.mp3,197992,attack-move-sfx-compressed/normal/high-horsepower.ogg,2804,1.157
399,High Jump Kick,high-jump-kick,fighting,/home/baguspermana7/Downloads/3DS - Pokemon Sun _ Moon - Miscellaneous - Attack Move Sound Effects.zip,High Jump Kick.mp3,209483,attack-move-sfx-compressed/fighting/high-jump-kick.ogg,2830,1.157
400,Hit Normal Damage,hit-normal-damage,normal,/home/baguspermana7/Downloads/3DS - Pokemon Sun _ Moon - Miscellaneous - Attack Move Sound Effects.zip,Hit Normal Damage.mp3,124853,attack-move-sfx-compressed/normal/hit-normal-damage.ogg,1226,0.578
401,Hit Super Effective,hit-super-effective,normal,/home/baguspermana7/Downloads/3DS - Pokemon Sun _ Moon - Miscellaneous - Attack Move Sound Effects.zip,Hit Super Effective.mp3,168742,attack-move-sfx-compressed/normal/hit-super-effective.ogg,2671,1.157
402,Hit Weak Not Very Effective,hit-weak-not-very-effective,normal,/home/baguspermana7/Downloads/3DS - Pokemon Sun _ Moon - Miscellaneous - Attack Move Sound Effects.zip,Hit Weak Not Very Effective.mp3,113379,attack-move-sfx-compressed/normal/hit-weak-not-very-effective.ogg,619,0.406
403,Hold Back,hold-back,normal,/home/baguspermana7/Downloads/3DS - Pokemon Sun _ Moon - Miscellaneous - Attack Move Sound Effects.zip,Hold Back.mp3,139465,attack-move-sfx-compressed/normal/hold-back.ogg,2097,0.966
404,Hold Hands,hold-hands,normal,/home/baguspermana7/Downloads/3DS - Pokemon Sun _ Moon - Miscellaneous - Attack Move Sound Effects.zip,Hold Hands.mp3,278439,attack-move-sfx-compressed/normal/hold-hands.ogg,2873,1.157
405,Hone Claws,hone-claws,normal,/home/baguspermana7/Downloads/3DS - Pokemon Sun _ Moon - Miscellaneous - Attack Move Sound Effects.zip,Hone Claws.mp3,185443,attack-move-sfx-compressed/normal/hone-claws.ogg,2811,1.157
406,Horn Attack,horn-attack,normal,/home/baguspermana7/Downloads/3DS - Pokemon Sun _ Moon - Miscellaneous - Attack Move Sound Effects.zip,Horn Attack.mp3,149918,attack-move-sfx-compressed/normal/horn-attack.ogg,2889,1.157
407,Horn Drill,horn-drill,normal,/home/baguspermana7/Downloads/3DS - Pokemon Sun _ Moon - Miscellaneous - Attack Move Sound Effects.zip,Horn Drill.mp3,226194,attack-move-sfx-compressed/normal/horn-drill.ogg,2779,1.157
408,Horn Leech,horn-leech,normal,/home/baguspermana7/Downloads/3DS - Pokemon Sun _ Moon - Miscellaneous - Attack Move Sound Effects.zip,Horn Leech.mp3,265900,attack-move-sfx-compressed/normal/horn-leech.ogg,2872,1.157
409,Howl,howl,normal,/home/baguspermana7/Downloads/3DS - Pokemon Sun _ Moon - Miscellaneous - Attack Move Sound Effects.zip,Howl.mp3,174982,attack-move-sfx-compressed/normal/howl.ogg,2747,1.157
410,Hurricane,hurricane,flying,/home/baguspermana7/Downloads/3DS - Pokemon Sun _ Moon - Miscellaneous - Attack Move Sound Effects.zip,Hurricane.mp3,253359,attack-move-sfx-compressed/flying/hurricane.ogg,2806,1.157
411,Hydro Cannon,hydro-cannon,water,/home/baguspermana7/Downloads/3DS - Pokemon Sun _ Moon - Miscellaneous - Attack Move Sound Effects.zip,Hydro Cannon.mp3,280533,attack-move-sfx-compressed/water/hydro-cannon.ogg,2752,1.157
412,Hydro Pump,hydro-pump,water,/home/baguspermana7/Downloads/3DS - Pokemon Sun _ Moon - Miscellaneous - Attack Move Sound Effects.zip,Hydro Pump.mp3,307696,attack-move-sfx-compressed/water/hydro-pump.ogg,2966,1.157
413,Hydro Vortex part 1,hydro-vortex-part-1,water,/home/baguspermana7/Downloads/3DS - Pokemon Sun _ Moon - Miscellaneous - Attack Move Sound Effects.zip,Hydro Vortex part 1.mp3,156204,attack-move-sfx-compressed/water/hydro-vortex-part-1.ogg,3118,1.157
414,Hydro Vortex part 2,hydro-vortex-part-2,water,/home/baguspermana7/Downloads/3DS - Pokemon Sun _ Moon - Miscellaneous - Attack Move Sound Effects.zip,Hydro Vortex part 2.mp3,427877,attack-move-sfx-compressed/water/hydro-vortex-part-2.ogg,2811,1.157
415,Hydro Vortex part 3,hydro-vortex-part-3,water,/home/baguspermana7/Downloads/3DS - Pokemon Sun _ Moon - Miscellaneous - Attack Move Sound Effects.zip,Hydro Vortex part 3.mp3,634767,attack-move-sfx-compressed/water/hydro-vortex-part-3.ogg,2872,1.157
416,Hydro Vortex,hydro-vortex,water,/home/baguspermana7/Downloads/3DS - Pokemon Sun _ Moon - Miscellaneous - Attack Move Sound Effects.zip,Hydro Vortex.mp3,1024500,attack-move-sfx-compressed/water/hydro-vortex.ogg,3107,1.157
417,Hyper Beam,hyper-beam,normal,/home/baguspermana7/Downloads/3DS - Pokemon Sun _ Moon - Miscellaneous - Attack Move Sound Effects.zip,Hyper Beam.mp3,372480,attack-move-sfx-compressed/normal/hyper-beam.ogg,2840,1.157
418,Hyper Fang,hyper-fang,normal,/home/baguspermana7/Downloads/3DS - Pokemon Sun _ Moon - Miscellaneous - Attack Move Sound Effects.zip,Hyper Fang.mp3,205296,attack-move-sfx-compressed/normal/hyper-fang.ogg,2837,1.157
419,Hyper Voice,hyper-voice,ice,/home/baguspermana7/Downloads/3DS - Pokemon Sun _ Moon - Miscellaneous - Attack Move Sound Effects.zip,Hyper Voice.mp3,209477,attack-move-sfx-compressed/ice/hyper-voice.ogg,2726,1.157
420,Hyperspace Fury,hyperspace-fury,normal,/home/baguspermana7/Downloads/3DS - Pokemon Sun _ Moon - Miscellaneous - Attack Move Sound Effects.zip,Hyperspace Fury.mp3,381894,attack-move-sfx-compressed/normal/hyperspace-fury.ogg,2756,1.157
421,Hyperspace Hole,hyperspace-hole,normal,/home/baguspermana7/Downloads/3DS - Pokemon Sun _ Moon - Miscellaneous - Attack Move Sound Effects.zip,Hyperspace Hole.mp3,368310,attack-move-sfx-compressed/normal/hyperspace-hole.ogg,3104,1.157
422,Hypnosis part 1,hypnosis-part-1,normal,/home/baguspermana7/Downloads/3DS - Pokemon Sun _ Moon - Miscellaneous - Attack Move Sound Effects.zip,Hypnosis part 1.mp3,219934,attack-move-sfx-compressed/normal/hypnosis-part-1.ogg,2983,1.157
423,Hypnosis,hypnosis,normal,/home/baguspermana7/Downloads/3DS - Pokemon Sun _ Moon - Miscellaneous - Attack Move Sound Effects.zip,Hypnosis.mp3,283659,attack-move-sfx-compressed/normal/hypnosis.ogg,2955,1.157
424,Ice Ball,ice-ball,ice,/home/baguspermana7/Downloads/3DS - Pokemon Sun _ Moon - Miscellaneous - Attack Move Sound Effects.zip,Ice Ball.mp3,256492,attack-move-sfx-compressed/ice/ice-ball.ogg,2834,1.157
425,Ice Beam,ice-beam,ice,/home/baguspermana7/Downloads/3DS - Pokemon Sun _ Moon - Miscellaneous - Attack Move Sound Effects.zip,Ice Beam.mp3,259627,attack-move-sfx-compressed/ice/ice-beam.ogg,2917,1.157
426,Ice Burn part 1,ice-burn-part-1,fire,/home/baguspermana7/Downloads/3DS - Pokemon Sun _ Moon - Miscellaneous - Attack Move Sound Effects.zip,Ice Burn part 1.mp3,205306,attack-move-sfx-compressed/fire/ice-burn-part-1.ogg,2949,1.157
427,Ice Burn part 2,ice-burn-part-2,fire,/home/baguspermana7/Downloads/3DS - Pokemon Sun _ Moon - Miscellaneous - Attack Move Sound Effects.zip,Ice Burn part 2.mp3,371445,attack-move-sfx-compressed/fire/ice-burn-part-2.ogg,3032,1.157
428,Ice Burn,ice-burn,fire,/home/baguspermana7/Downloads/3DS - Pokemon Sun _ Moon - Miscellaneous - Attack Move Sound Effects.zip,Ice Burn.mp3,479055,attack-move-sfx-compressed/fire/ice-burn.ogg,2955,1.157
429,Ice Fang,ice-fang,ice,/home/baguspermana7/Downloads/3DS - Pokemon Sun _ Moon - Miscellaneous - Attack Move Sound Effects.zip,Ice Fang.mp3,179169,attack-move-sfx-compressed/ice/ice-fang.ogg,2745,1.157
430,Ice Hammer,ice-hammer,ice,/home/baguspermana7/Downloads/3DS - Pokemon Sun _ Moon - Miscellaneous - Attack Move Sound Effects.zip,Ice Hammer.mp3,179173,attack-move-sfx-compressed/ice/ice-hammer.ogg,2762,1.157
431,Ice Punch,ice-punch,fighting,/home/baguspermana7/Downloads/3DS - Pokemon Sun _ Moon - Miscellaneous - Attack Move Sound Effects.zip,Ice Punch.mp3,188576,attack-move-sfx-compressed/fighting/ice-punch.ogg,2685,1.157
432,Ice Shard,ice-shard,ice,/home/baguspermana7/Downloads/3DS - Pokemon Sun _ Moon - Miscellaneous - Attack Move Sound Effects.zip,Ice Shard.mp3,214698,attack-move-sfx-compressed/ice/ice-shard.ogg,2803,1.157
433,Icicle Crash,icicle-crash,normal,/home/baguspermana7/Downloads/3DS - Pokemon Sun _ Moon - Miscellaneous - Attack Move Sound Effects.zip,Icicle Crash.mp3,390247,attack-move-sfx-compressed/normal/icicle-crash.ogg,2832,1.157
434,Icicle Spear 1hit,icicle-spear-1hit,normal,/home/baguspermana7/Downloads/3DS - Pokemon Sun _ Moon - Miscellaneous - Attack Move Sound Effects.zip,Icicle Spear 1hit.mp3,196951,attack-move-sfx-compressed/normal/icicle-spear-1hit.ogg,2797,1.157
435,Icicle Spear 2hits,icicle-spear-2hits,normal,/home/baguspermana7/Downloads/3DS - Pokemon Sun _ Moon - Miscellaneous - Attack Move Sound Effects.zip,Icicle Spear 2hits.mp3,320251,attack-move-sfx-compressed/normal/icicle-spear-2hits.ogg,2787,1.157
436,Icy Wind,icy-wind,ice,/home/baguspermana7/Downloads/3DS - Pokemon Sun _ Moon - Miscellaneous - Attack Move Sound Effects.zip,Icy Wind.mp3,320231,attack-move-sfx-compressed/ice/icy-wind.ogg,2835,1.157
437,Imprison,imprison,normal,/home/baguspermana7/Downloads/3DS - Pokemon Sun _ Moon - Miscellaneous - Attack Move Sound Effects.zip,Imprison.mp3,178125,attack-move-sfx-compressed/normal/imprison.ogg,2703,1.157
438,In-Battle Ability Activate,in-battle-ability-activate,normal,/home/baguspermana7/Downloads/3DS - Pokemon Sun _ Moon - Miscellaneous - Attack Move Sound Effects.zip,In-Battle Ability Activate.mp3,154128,attack-move-sfx-compressed/normal/in-battle-ability-activate.ogg,2544,1.157
439,In-Battle Eat Berry,in-battle-eat-berry,normal,/home/baguspermana7/Downloads/3DS - Pokemon Sun _ Moon - Miscellaneous - Attack Move Sound Effects.zip,In-Battle Eat Berry.mp3,177102,attack-move-sfx-compressed/normal/in-battle-eat-berry.ogg,2109,1.157
440,In-Battle Faint No Health,in-battle-faint-no-health,normal,/home/baguspermana7/Downloads/3DS - Pokemon Sun _ Moon - Miscellaneous - Attack Move Sound Effects.zip,In-Battle Faint No Health.mp3,145767,attack-move-sfx-compressed/normal/in-battle-faint-no-health.ogg,2480,1.115
441,In-Battle Heal HP Restore,in-battle-heal-hp-restore,normal,/home/baguspermana7/Downloads/3DS - Pokemon Sun _ Moon - Miscellaneous - Attack Move Sound Effects.zip,In-Battle Heal HP Restore.mp3,191742,attack-move-sfx-compressed/normal/in-battle-heal-hp-restore.ogg,2807,1.157
442,In-Battle Health Low Loop,in-battle-health-low-loop,normal,/home/baguspermana7/Downloads/3DS - Pokemon Sun _ Moon - Miscellaneous - Attack Move Sound Effects.zip,In-Battle Health Low Loop.mp3,242942,attack-move-sfx-compressed/normal/in-battle-health-low-loop.ogg,3669,1.157
443,In-Battle Health Low,in-battle-health-low,normal,/home/baguspermana7/Downloads/3DS - Pokemon Sun _ Moon - Miscellaneous - Attack Move Sound Effects.zip,In-Battle Health Low.mp3,199046,attack-move-sfx-compressed/normal/in-battle-health-low.ogg,3694,1.157
444,In-Battle Held Item Activate,in-battle-held-item-activate,normal,/home/baguspermana7/Downloads/3DS - Pokemon Sun _ Moon - Miscellaneous - Attack Move Sound Effects.zip,In-Battle Held Item Activate.mp3,256532,attack-move-sfx-compressed/normal/in-battle-held-item-activate.ogg,2932,1.157
445,In-Battle Recall Switch Alive,in-battle-recall-switch-alive,normal,/home/baguspermana7/Downloads/3DS - Pokemon Sun _ Moon - Miscellaneous - Attack Move Sound Effects.zip,In-Battle Recall Switch Alive.mp3,191750,attack-move-sfx-compressed/normal/in-battle-recall-switch-alive.ogg,2776,1.157
446,In-Battle Recall Switch Fainted,in-battle-recall-switch-fainted,normal,/home/baguspermana7/Downloads/3DS - Pokemon Sun _ Moon - Miscellaneous - Attack Move Sound Effects.zip,In-Battle Recall Switch Fainted.mp3,194889,attack-move-sfx-compressed/normal/in-battle-recall-switch-fainted.ogg,2777,1.157
447,In-Battle Recall Switch Flee Run,in-battle-recall-switch-flee-run,normal,/home/baguspermana7/Downloads/3DS - Pokemon Sun _ Moon - Miscellaneous - Attack Move Sound Effects.zip,In-Battle Recall Switch Flee Run.mp3,134287,attack-move-sfx-compressed/normal/in-battle-recall-switch-flee-run.ogg,1741,0.824
448,In-Battle Recall Switch Forced Retreat,in-battle-recall-switch-forced-retreat,normal,/home/baguspermana7/Downloads/3DS - Pokemon Sun _ Moon - Miscellaneous - Attack Move Sound Effects.zip,In-Battle Recall Switch Forced Retreat.mp3,152062,attack-move-sfx-compressed/normal/in-battle-recall-switch-forced-retreat.ogg,2542,1.157
449,In-Battle Recall Switch Pokeball,in-battle-recall-switch-pokeball,normal,/home/baguspermana7/Downloads/3DS - Pokemon Sun _ Moon - Miscellaneous - Attack Move Sound Effects.zip,In-Battle Recall Switch Pokeball.mp3,162499,attack-move-sfx-compressed/normal/in-battle-recall-switch-pokeball.ogg,2506,1.157
450,Incinerate,incinerate,normal,/home/baguspermana7/Downloads/3DS - Pokemon Sun _ Moon - Miscellaneous - Attack Move Sound Effects.zip,Incinerate.mp3,209475,attack-move-sfx-compressed/normal/incinerate.ogg,2760,1.157
451,Inferno Drive part 1,inferno-drive-part-1,fire,/home/baguspermana7/Downloads/3DS - Pokemon Sun _ Moon - Miscellaneous - Attack Move Sound Effects.zip,Inferno Drive part 1.mp3,173969,attack-move-sfx-compressed/fire/inferno-drive-part-1.ogg,3185,1.157
452,Inferno Drive part 2,inferno-drive-part-2,fire,/home/baguspermana7/Downloads/3DS - Pokemon Sun _ Moon - Miscellaneous - Attack Move Sound Effects.zip,Inferno Drive part 2.mp3,414295,attack-move-sfx-compressed/fire/inferno-drive-part-2.ogg,2733,1.157
453,Inferno Drive part 3,inferno-drive-part-3,fire,/home/baguspermana7/Downloads/3DS - Pokemon Sun _ Moon - Miscellaneous - Attack Move Sound Effects.zip,Inferno Drive part 3.mp3,653577,attack-move-sfx-compressed/fire/inferno-drive-part-3.ogg,2978,1.157
454,Inferno Drive,inferno-drive,fire,/home/baguspermana7/Downloads/3DS - Pokemon Sun _ Moon - Miscellaneous - Attack Move Sound Effects.zip,Inferno Drive.mp3,1046445,attack-move-sfx-compressed/fire/inferno-drive.ogg,3177,1.157
455,Infestation,infestation,bug,/home/baguspermana7/Downloads/3DS - Pokemon Sun _ Moon - Miscellaneous - Attack Move Sound Effects.zip,Infestation.mp3,218882,attack-move-sfx-compressed/bug/infestation.ogg,2982,1.157
456,Ingrain part 1,ingrain-part-1,normal,/home/baguspermana7/Downloads/3DS - Pokemon Sun _ Moon - Miscellaneous - Attack Move Sound Effects.zip,Ingrain part 1.mp3,191720,attack-move-sfx-compressed/normal/ingrain-part-1.ogg,2678,1.157
457,Ingrain,ingrain,normal,/home/baguspermana7/Downloads/3DS - Pokemon Sun _ Moon - Miscellaneous - Attack Move Sound Effects.zip,Ingrain.mp3,282612,attack-move-sfx-compressed/normal/ingrain.ogg,2697,1.157
458,Instruct,instruct,normal,/home/baguspermana7/Downloads/3DS - Pokemon Sun _ Moon - Miscellaneous - Attack Move Sound Effects.zip,Instruct.mp3,258582,attack-move-sfx-compressed/normal/instruct.ogg,2786,1.157
459,Ion Deluge,ion-deluge,normal,/home/baguspermana7/Downloads/3DS - Pokemon Sun _ Moon - Miscellaneous - Attack Move Sound Effects.zip,Ion Deluge.mp3,197982,attack-move-sfx-compressed/normal/ion-deluge.ogg,2790,1.157
460,Iron Defense,iron-defense,steel,/home/baguspermana7/Downloads/3DS - Pokemon Sun _ Moon - Miscellaneous - Attack Move Sound Effects.zip,Iron Defense.mp3,204255,attack-move-sfx-compressed/steel/iron-defense.ogg,2841,1.157
461,Iron Head,iron-head,steel,/home/baguspermana7/Downloads/3DS - Pokemon Sun _ Moon - Miscellaneous - Attack Move Sound Effects.zip,Iron Head.mp3,216788,attack-move-sfx-compressed/steel/iron-head.ogg,2817,1.157
462,Iron Tail,iron-tail,steel,/home/baguspermana7/Downloads/3DS - Pokemon Sun _ Moon - Miscellaneous - Attack Move Sound Effects.zip,Iron Tail.mp3,199024,attack-move-sfx-compressed/steel/iron-tail.ogg,2836,1.157
463,Judgement,judgement,normal,/home/baguspermana7/Downloads/3DS - Pokemon Sun _ Moon - Miscellaneous - Attack Move Sound Effects.zip,Judgement.mp3,339041,attack-move-sfx-compressed/normal/judgement.ogg,2816,1.157
464,Jump Kick,jump-kick,fighting,/home/baguspermana7/Downloads/3DS - Pokemon Sun _ Moon - Miscellaneous - Attack Move Sound Effects.zip,Jump Kick.mp3,208429,attack-move-sfx-compressed/fighting/jump-kick.ogg,2818,1.157
465,Karate Chop,karate-chop,fighting,/home/baguspermana7/Downloads/3DS - Pokemon Sun _ Moon - Miscellaneous - Attack Move Sound Effects.zip,Karate Chop.mp3,149918,attack-move-sfx-compressed/fighting/karate-chop.ogg,2628,1.157
466,Kinesis,kinesis,normal,/home/baguspermana7/Downloads/3DS - Pokemon Sun _ Moon - Miscellaneous - Attack Move Sound Effects.zip,Kinesis.mp3,239772,attack-move-sfx-compressed/normal/kinesis.ogg,2770,1.157
467,King's Shield,king-s-shield,normal,/home/baguspermana7/Downloads/3DS - Pokemon Sun _ Moon - Miscellaneous - Attack Move Sound Effects.zip,King's Shield.mp3,231424,attack-move-sfx-compressed/normal/king-s-shield.ogg,2742,1.157
468,Knock Off,knock-off,normal,/home/baguspermana7/Downloads/3DS - Pokemon Sun _ Moon - Miscellaneous - Attack Move Sound Effects.zip,Knock Off.mp3,139465,attack-move-sfx-compressed/normal/knock-off.ogg,2162,0.964
469,Land's Wrath,land-s-wrath,normal,/home/baguspermana7/Downloads/3DS - Pokemon Sun _ Moon - Miscellaneous - Attack Move Sound Effects.zip,Land's Wrath.mp3,305610,attack-move-sfx-compressed/normal/land-s-wrath.ogg,2757,1.157
470,Laser Focus,laser-focus,fighting,/home/baguspermana7/Downloads/3DS - Pokemon Sun _ Moon - Miscellaneous - Attack Move Sound Effects.zip,Laser Focus.mp3,211567,attack-move-sfx-compressed/fighting/laser-focus.ogg,2870,1.157
471,Last Resort,last-resort,normal,/home/baguspermana7/Downloads/3DS - Pokemon Sun _ Moon - Miscellaneous - Attack Move Sound Effects.zip,Last Resort.mp3,246049,attack-move-sfx-compressed/normal/last-resort.ogg,3077,1.157
472,Lava Plume,lava-plume,normal,/home/baguspermana7/Downloads/3DS - Pokemon Sun _ Moon - Miscellaneous - Attack Move Sound Effects.zip,Lava Plume.mp3,236643,attack-move-sfx-compressed/normal/lava-plume.ogg,2717,1.157
473,Leaf Blade,leaf-blade,grass,/home/baguspermana7/Downloads/3DS - Pokemon Sun _ Moon - Miscellaneous - Attack Move Sound Effects.zip,Leaf Blade.mp3,230373,attack-move-sfx-compressed/grass/leaf-blade.ogg,2753,1.157
474,Leaf Storm,leaf-storm,grass,/home/baguspermana7/Downloads/3DS - Pokemon Sun _ Moon - Miscellaneous - Attack Move Sound Effects.zip,Leaf Storm.mp3,278439,attack-move-sfx-compressed/grass/leaf-storm.ogg,2787,1.157
475,Leaf Tornado,leaf-tornado,grass,/home/baguspermana7/Downloads/3DS - Pokemon Sun _ Moon - Miscellaneous - Attack Move Sound Effects.zip,Leaf Tornado.mp3,218884,attack-move-sfx-compressed/grass/leaf-tornado.ogg,2819,1.157
476,Leafage,leafage,grass,/home/baguspermana7/Downloads/3DS - Pokemon Sun _ Moon - Miscellaneous - Attack Move Sound Effects.zip,Leafage.mp3,185437,attack-move-sfx-compressed/grass/leafage.ogg,2733,1.157
477,Leech Life,leech-life,normal,/home/baguspermana7/Downloads/3DS - Pokemon Sun _ Moon - Miscellaneous - Attack Move Sound Effects.zip,Leech Life.mp3,269035,attack-move-sfx-compressed/normal/leech-life.ogg,2812,1.157
478,Leech Seed turn damage,leech-seed-turn-damage,grass,/home/baguspermana7/Downloads/3DS - Pokemon Sun _ Moon - Miscellaneous - Attack Move Sound Effects.zip,Leech Seed turn damage.mp3,254430,attack-move-sfx-compressed/grass/leech-seed-turn-damage.ogg,2798,1.157
479,Leech Seed,leech-seed,grass,/home/baguspermana7/Downloads/3DS - Pokemon Sun _ Moon - Miscellaneous - Attack Move Sound Effects.zip,Leech Seed.mp3,215745,attack-move-sfx-compressed/grass/leech-seed.ogg,3040,1.157
480,Leer,leer,normal,/home/baguspermana7/Downloads/3DS - Pokemon Sun _ Moon - Miscellaneous - Attack Move Sound Effects.zip,Leer.mp3,183341,attack-move-sfx-compressed/normal/leer.ogg,2864,1.157
481,Let's Snuggle Forever part 1,let-s-snuggle-forever-part-1,normal,/home/baguspermana7/Downloads/3DS - Pokemon Sun _ Moon - Miscellaneous - Attack Move Sound Effects.zip,Let's Snuggle Forever part 1.mp3,166671,attack-move-sfx-compressed/normal/let-s-snuggle-forever-part-1.ogg,3295,1.157
482,Let's Snuggle Forever part 2,let-s-snuggle-forever-part-2,normal,/home/baguspermana7/Downloads/3DS - Pokemon Sun _ Moon - Miscellaneous - Attack Move Sound Effects.zip,Let's Snuggle Forever part 2.mp3,390279,attack-move-sfx-compressed/normal/let-s-snuggle-forever-part-2.ogg,3006,1.157
483,Let's Snuggle Forever part 3,let-s-snuggle-forever-part-3,normal,/home/baguspermana7/Downloads/3DS - Pokemon Sun _ Moon - Miscellaneous - Attack Move Sound Effects.zip,Let's Snuggle Forever part 3.mp3,981691,attack-move-sfx-compressed/normal/let-s-snuggle-forever-part-3.ogg,2543,1.157
484,Let's Snuggle Forever,let-s-snuggle-forever,normal,/home/baguspermana7/Downloads/3DS - Pokemon Sun _ Moon - Miscellaneous - Attack Move Sound Effects.zip,Let's Snuggle Forever.mp3,1344257,attack-move-sfx-compressed/normal/let-s-snuggle-forever.ogg,3279,1.157
485,Light of Ruin,light-of-ruin,normal,/home/baguspermana7/Downloads/3DS - Pokemon Sun _ Moon - Miscellaneous - Attack Move Sound Effects.zip,Light of Ruin.mp3,349498,attack-move-sfx-compressed/normal/light-of-ruin.ogg,2753,1.157
486,Light Screen,light-screen,normal,/home/baguspermana7/Downloads/3DS - Pokemon Sun _ Moon - Miscellaneous - Attack Move Sound Effects.zip,Light Screen.mp3,256500,attack-move-sfx-compressed/normal/light-screen.ogg,2832,1.157
487,Light That Burns The Sky part 1,light-that-burns-the-sky-part-1,fire,/home/baguspermana7/Downloads/3DS - Pokemon Sun _ Moon - Miscellaneous - Attack Move Sound Effects.zip,Light That Burns The Sky part 1.mp3,166677,attack-move-sfx-compressed/fire/light-that-burns-the-sky-part-1.ogg,3186,1.157
488,Light That Burns The Sky part 2,light-that-burns-the-sky-part-2,fire,/home/baguspermana7/Downloads/3DS - Pokemon Sun _ Moon - Miscellaneous - Attack Move Sound Effects.zip,Light That Burns The Sky part 2.mp3,772717,attack-move-sfx-compressed/fire/light-that-burns-the-sky-part-2.ogg,2996,1.157
489,Light That Burns The Sky part 3,light-that-burns-the-sky-part-3,fire,/home/baguspermana7/Downloads/3DS - Pokemon Sun _ Moon - Miscellaneous - Attack Move Sound Effects.zip,Light That Burns The Sky part 3.mp3,1225158,attack-move-sfx-compressed/fire/light-that-burns-the-sky-part-3.ogg,2947,1.157
490,Light That Burns The Sky,light-that-burns-the-sky,fire,/home/baguspermana7/Downloads/3DS - Pokemon Sun _ Moon - Miscellaneous - Attack Move Sound Effects.zip,Light That Burns The Sky.mp3,1969112,attack-move-sfx-compressed/fire/light-that-burns-the-sky.ogg,3195,1.157
491,Liquidation,liquidation,normal,/home/baguspermana7/Downloads/3DS - Pokemon Sun _ Moon - Miscellaneous - Attack Move Sound Effects.zip,Liquidation.mp3,266947,attack-move-sfx-compressed/normal/liquidation.ogg,2757,1.157
492,Lock-On,lock-on,normal,/home/baguspermana7/Downloads/3DS - Pokemon Sun _ Moon - Miscellaneous - Attack Move Sound Effects.zip,Lock-On.mp3,219918,attack-move-sfx-compressed/normal/lock-on.ogg,2861,1.157
493,Lovely Kiss part 1,lovely-kiss-part-1,fairy,/home/baguspermana7/Downloads/3DS - Pokemon Sun _ Moon - Miscellaneous - Attack Move Sound Effects.zip,Lovely Kiss part 1.mp3,242928,attack-move-sfx-compressed/fairy/lovely-kiss-part-1.ogg,2787,1.157
494,Lovely Kiss,lovely-kiss,fairy,/home/baguspermana7/Downloads/3DS - Pokemon Sun _ Moon - Miscellaneous - Attack Move Sound Effects.zip,Lovely Kiss.mp3,303518,attack-move-sfx-compressed/fairy/lovely-kiss.ogg,2795,1.157
495,Low Kick,low-kick,fighting,/home/baguspermana7/Downloads/3DS - Pokemon Sun _ Moon - Miscellaneous - Attack Move Sound Effects.zip,Low Kick.mp3,135284,attack-move-sfx-compressed/fighting/low-kick.ogg,1904,0.859
496,Low Sweep,low-sweep,fighting,/home/baguspermana7/Downloads/3DS - Pokemon Sun _ Moon - Miscellaneous - Attack Move Sound Effects.zip,Low Sweep.mp3,181261,attack-move-sfx-compressed/fighting/low-sweep.ogg,2728,1.157
497,Lucky Chant,lucky-chant,normal,/home/baguspermana7/Downloads/3DS - Pokemon Sun _ Moon - Miscellaneous - Attack Move Sound Effects.zip,Lucky Chant.mp3,220971,attack-move-sfx-compressed/normal/lucky-chant.ogg,2892,1.157
498,Lunar Dance,lunar-dance,normal,/home/baguspermana7/Downloads/3DS - Pokemon Sun _ Moon - Miscellaneous - Attack Move Sound Effects.zip,Lunar Dance.mp3,509363,attack-move-sfx-compressed/normal/lunar-dance.ogg,2818,1.157
499,Lunge,lunge,normal,/home/baguspermana7/Downloads/3DS - Pokemon Sun _ Moon - Miscellaneous - Attack Move Sound Effects.zip,Lunge.mp3,243947,attack-move-sfx-compressed/normal/lunge.ogg,2853,1.157
500,Luster Purge,luster-purge,normal,/home/baguspermana7/Downloads/3DS - Pokemon Sun _ Moon - Miscellaneous - Attack Move Sound Effects.zip,Luster Purge.mp3,297251,attack-move-sfx-compressed/normal/luster-purge.ogg,2832,1.157
501,Mach Punch,mach-punch,fighting,/home/baguspermana7/Downloads/3DS - Pokemon Sun _ Moon - Miscellaneous - Attack Move Sound Effects.zip,Mach Punch.mp3,135288,attack-move-sfx-compressed/fighting/mach-punch.ogg,1833,0.858
502,Magic Coat,magic-coat,normal,/home/baguspermana7/Downloads/3DS - Pokemon Sun _ Moon - Miscellaneous - Attack Move Sound Effects.zip,Magic Coat.mp3,212610,attack-move-sfx-compressed/normal/magic-coat.ogg,2956,1.157
503,Magic Room,magic-room,normal,/home/baguspermana7/Downloads/3DS - Pokemon Sun _ Moon - Miscellaneous - Attack Move Sound Effects.zip,Magic Room.mp3,230373,attack-move-sfx-compressed/normal/magic-room.ogg,2841,1.157
504,Magical Leaf,magical-leaf,grass,/home/baguspermana7/Downloads/3DS - Pokemon Sun _ Moon - Miscellaneous - Attack Move Sound Effects.zip,Magical Leaf.mp3,209479,attack-move-sfx-compressed/grass/magical-leaf.ogg,2807,1.157
505,Magma Storm turn damage,magma-storm-turn-damage,normal,/home/baguspermana7/Downloads/3DS - Pokemon Sun _ Moon - Miscellaneous - Attack Move Sound Effects.zip,Magma Storm turn damage.mp3,242938,attack-move-sfx-compressed/normal/magma-storm-turn-damage.ogg,2754,1.157
506,Magma Storm,magma-storm,normal,/home/baguspermana7/Downloads/3DS - Pokemon Sun _ Moon - Miscellaneous - Attack Move Sound Effects.zip,Magma Storm.mp3,367257,attack-move-sfx-compressed/normal/magma-storm.ogg,2823,1.157
507,Magnet Bomb,magnet-bomb,normal,/home/baguspermana7/Downloads/3DS - Pokemon Sun _ Moon - Miscellaneous - Attack Move Sound Effects.zip,Magnet Bomb.mp3,231420,attack-move-sfx-compressed/normal/magnet-bomb.ogg,2768,1.157
508,Magnet Rise,magnet-rise,normal,/home/baguspermana7/Downloads/3DS - Pokemon Sun _ Moon - Miscellaneous - Attack Move Sound Effects.zip,Magnet Rise.mp3,236645,attack-move-sfx-compressed/normal/magnet-rise.ogg,2780,1.157
509,Magnetic Flux,magnetic-flux,normal,/home/baguspermana7/Downloads/3DS - Pokemon Sun _ Moon - Miscellaneous - Attack Move Sound Effects.zip,Magnetic Flux.mp3,206347,attack-move-sfx-compressed/normal/magnetic-flux.ogg,2749,1.157
510,Magnitude,magnitude,ground,/home/baguspermana7/Downloads/3DS - Pokemon Sun _ Moon - Miscellaneous - Attack Move Sound Effects.zip,Magnitude.mp3,397555,attack-move-sfx-compressed/ground/magnitude.ogg,2813,1.157
511,Malicious Moonsault part 1,malicious-moonsault-part-1,fairy,/home/baguspermana7/Downloads/3DS - Pokemon Sun _ Moon - Miscellaneous - Attack Move Sound Effects.zip,Malicious Moonsault part 1.mp3,163532,attack-move-sfx-compressed/fairy/malicious-moonsault-part-1.ogg,3172,1.157
512,Malicious Moonsault part 2,malicious-moonsault-part-2,fairy,/home/baguspermana7/Downloads/3DS - Pokemon Sun _ Moon - Miscellaneous - Attack Move Sound Effects.zip,Malicious Moonsault part 2.mp3,378781,attack-move-sfx-compressed/fairy/malicious-moonsault-part-2.ogg,2813,1.157
513,Malicious Moonsault part 3,malicious-moonsault-part-3,fairy,/home/baguspermana7/Downloads/3DS - Pokemon Sun _ Moon - Miscellaneous - Attack Move Sound Effects.zip,Malicious Moonsault part 3.mp3,642095,attack-move-sfx-compressed/fairy/malicious-moonsault-part-3.ogg,2824,1.157
514,Malicious Moonsault,malicious-moonsault,fairy,/home/baguspermana7/Downloads/3DS - Pokemon Sun _ Moon - Miscellaneous - Attack Move Sound Effects.zip,Malicious Moonsault.mp3,990032,attack-move-sfx-compressed/fairy/malicious-moonsault.ogg,3180,1.157
515,Mat Block,mat-block,normal,/home/baguspermana7/Downloads/3DS - Pokemon Sun _ Moon - Miscellaneous - Attack Move Sound Effects.zip,Mat Block.mp3,184396,attack-move-sfx-compressed/normal/mat-block.ogg,2844,1.157
516,Me First,me-first,normal,/home/baguspermana7/Downloads/3DS - Pokemon Sun _ Moon - Miscellaneous - Attack Move Sound Effects.zip,Me First.mp3,208427,attack-move-sfx-compressed/normal/me-first.ogg,2814,1.157
517,Mean Look,mean-look,normal,/home/baguspermana7/Downloads/3DS - Pokemon Sun _ Moon - Miscellaneous - Attack Move Sound Effects.zip,Mean Look.mp3,276347,attack-move-sfx-compressed/normal/mean-look.ogg,2739,1.157
518,Meditate,meditate,normal,/home/baguspermana7/Downloads/3DS - Pokemon Sun _ Moon - Miscellaneous - Attack Move Sound Effects.zip,Meditate.mp3,211561,attack-move-sfx-compressed/normal/meditate.ogg,3161,1.157
519,Mega Drain part 1,mega-drain-part-1,normal,/home/baguspermana7/Downloads/3DS - Pokemon Sun _ Moon - Miscellaneous - Attack Move Sound Effects.zip,Mega Drain part 1.mp3,220983,attack-move-sfx-compressed/normal/mega-drain-part-1.ogg,2812,1.157
520,Mega Drain,mega-drain,normal,/home/baguspermana7/Downloads/3DS - Pokemon Sun _ Moon - Miscellaneous - Attack Move Sound Effects.zip,Mega Drain.mp3,311875,attack-move-sfx-compressed/normal/mega-drain.ogg,2824,1.157
521,Mega Kick,mega-kick,fighting,/home/baguspermana7/Downloads/3DS - Pokemon Sun _ Moon - Miscellaneous - Attack Move Sound Effects.zip,Mega Kick.mp3,195890,attack-move-sfx-compressed/fighting/mega-kick.ogg,2783,1.157
522,Mega Punch,mega-punch,fighting,/home/baguspermana7/Downloads/3DS - Pokemon Sun _ Moon - Miscellaneous - Attack Move Sound Effects.zip,Mega Punch.mp3,179173,attack-move-sfx-compressed/fighting/mega-punch.ogg,2636,1.157
523,Megahorn,megahorn,normal,/home/baguspermana7/Downloads/3DS - Pokemon Sun _ Moon - Miscellaneous - Attack Move Sound Effects.zip,Megahorn.mp3,286794,attack-move-sfx-compressed/normal/megahorn.ogg,2754,1.157
524,Memento part 1,memento-part-1,normal,/home/baguspermana7/Downloads/3DS - Pokemon Sun _ Moon - Miscellaneous - Attack Move Sound Effects.zip,Memento part 1.mp3,234561,attack-move-sfx-compressed/normal/memento-part-1.ogg,2965,1.157
525,Memento,memento,normal,/home/baguspermana7/Downloads/3DS - Pokemon Sun _ Moon - Miscellaneous - Attack Move Sound Effects.zip,Memento.mp3,310825,attack-move-sfx-compressed/normal/memento.ogg,2963,1.157
526,Menacing Moonraze Maelstrom part 1,menacing-moonraze-maelstrom-part-1,fairy,/home/baguspermana7/Downloads/3DS - Pokemon Sun _ Moon - Miscellaneous - Attack Move Sound Effects.zip,Menacing Moonraze Maelstrom part 1.mp3,164593,attack-move-sfx-compressed/fairy/menacing-moonraze-maelstrom-part-1.ogg,3262,1.157
527,Menacing Moonraze Maelstrom part 2,menacing-moonraze-maelstrom-part-2,fairy,/home/baguspermana7/Downloads/3DS - Pokemon Sun _ Moon - Miscellaneous - Attack Move Sound Effects.zip,Menacing Moonraze Maelstrom part 2.mp3,389246,attack-move-sfx-compressed/fairy/menacing-moonraze-maelstrom-part-2.ogg,2892,1.157
528,Menacing Moonraze Maelstrom part 3,menacing-moonraze-maelstrom-part-3,fairy,/home/baguspermana7/Downloads/3DS - Pokemon Sun _ Moon - Miscellaneous - Attack Move Sound Effects.zip,Menacing Moonraze Maelstrom part 3.mp3,1205311,attack-move-sfx-compressed/fairy/menacing-moonraze-maelstrom-part-3.ogg,2877,1.157
529,Menacing Moonraze Maelstrom,menacing-moonraze-maelstrom,fairy,/home/baguspermana7/Downloads/3DS - Pokemon Sun _ Moon - Miscellaneous - Attack Move Sound Effects.zip,Menacing Moonraze Maelstrom.mp3,1564742,attack-move-sfx-compressed/fairy/menacing-moonraze-maelstrom.ogg,3271,1.157
530,Metal Burst part 1,metal-burst-part-1,steel,/home/baguspermana7/Downloads/3DS - Pokemon Sun _ Moon - Miscellaneous - Attack Move Sound Effects.zip,Metal Burst part 1.mp3,189638,attack-move-sfx-compressed/steel/metal-burst-part-1.ogg,2769,1.157
531,Metal Burst part 2,metal-burst-part-2,steel,/home/baguspermana7/Downloads/3DS - Pokemon Sun _ Moon - Miscellaneous - Attack Move Sound Effects.zip,Metal Burst part 2.mp3,175010,attack-move-sfx-compressed/steel/metal-burst-part-2.ogg,2661,1.157
532,Metal Burst,metal-burst,steel,/home/baguspermana7/Downloads/3DS - Pokemon Sun _ Moon - Miscellaneous - Attack Move Sound Effects.zip,Metal Burst.mp3,266947,attack-move-sfx-compressed/steel/metal-burst.ogg,2783,1.157
533,Metal Claw,metal-claw,steel,/home/baguspermana7/Downloads/3DS - Pokemon Sun _ Moon - Miscellaneous - Attack Move Sound Effects.zip,Metal Claw.mp3,179173,attack-move-sfx-compressed/steel/metal-claw.ogg,2726,1.157
534,Metal Sound,metal-sound,steel,/home/baguspermana7/Downloads/3DS - Pokemon Sun _ Moon - Miscellaneous - Attack Move Sound Effects.zip,Metal Sound.mp3,208433,attack-move-sfx-compressed/steel/metal-sound.ogg,2920,1.157
535,Meteor Mash,meteor-mash,normal,/home/baguspermana7/Downloads/3DS - Pokemon Sun _ Moon - Miscellaneous - Attack Move Sound Effects.zip,Meteor Mash.mp3,257543,attack-move-sfx-compressed/normal/meteor-mash.ogg,2844,1.157
536,Metronome,metronome,normal,/home/baguspermana7/Downloads/3DS - Pokemon Sun _ Moon - Miscellaneous - Attack Move Sound Effects.zip,Metronome.mp3,224102,attack-move-sfx-compressed/normal/metronome.ogg,2799,1.157
537,Milk Drink,milk-drink,normal,/home/baguspermana7/Downloads/3DS - Pokemon Sun _ Moon - Miscellaneous - Attack Move Sound Effects.zip,Milk Drink.mp3,294112,attack-move-sfx-compressed/normal/milk-drink.ogg,1748,1.157
538,Mimic,mimic,normal,/home/baguspermana7/Downloads/3DS - Pokemon Sun _ Moon - Miscellaneous - Attack Move Sound Effects.zip,Mimic.mp3,246037,attack-move-sfx-compressed/normal/mimic.ogg,3191,1.157
539,Mind Blown,mind-blown,psychic,/home/baguspermana7/Downloads/3DS - Pokemon Sun _ Moon - Miscellaneous - Attack Move Sound Effects.zip,Mind Blown.mp3,233508,attack-move-sfx-compressed/psychic/mind-blown.ogg,2969,1.157
540,Mind Reader,mind-reader,psychic,/home/baguspermana7/Downloads/3DS - Pokemon Sun _ Moon - Miscellaneous - Attack Move Sound Effects.zip,Mind Reader.mp3,218882,attack-move-sfx-compressed/psychic/mind-reader.ogg,2888,1.157
541,Minimize,minimize,normal,/home/baguspermana7/Downloads/3DS - Pokemon Sun _ Moon - Miscellaneous - Attack Move Sound Effects.zip,Minimize.mp3,183349,attack-move-sfx-compressed/normal/minimize.ogg,2804,1.157
542,Miracle Eye,miracle-eye,normal,/home/baguspermana7/Downloads/3DS - Pokemon Sun _ Moon - Miscellaneous - Attack Move Sound Effects.zip,Miracle Eye.mp3,225151,attack-move-sfx-compressed/normal/miracle-eye.ogg,2809,1.157
543,Mirror Coat,mirror-coat,normal,/home/baguspermana7/Downloads/3DS - Pokemon Sun _ Moon - Miscellaneous - Attack Move Sound Effects.zip,Mirror Coat.mp3,182310,attack-move-sfx-compressed/normal/mirror-coat.ogg,2959,1.157
544,Mirror Shot,mirror-shot,normal,/home/baguspermana7/Downloads/3DS - Pokemon Sun _ Moon - Miscellaneous - Attack Move Sound Effects.zip,Mirror Shot.mp3,230375,attack-move-sfx-compressed/normal/mirror-shot.ogg,2878,1.157
545,Mist Ball,mist-ball,normal,/home/baguspermana7/Downloads/3DS - Pokemon Sun _ Moon - Miscellaneous - Attack Move Sound Effects.zip,Mist Ball.mp3,227237,attack-move-sfx-compressed/normal/mist-ball.ogg,2828,1.157
546,Misty Terrain part 1,misty-terrain-part-1,normal,/home/baguspermana7/Downloads/3DS - Pokemon Sun _ Moon - Miscellaneous - Attack Move Sound Effects.zip,Misty Terrain part 1.mp3,205316,attack-move-sfx-compressed/normal/misty-terrain-part-1.ogg,2807,1.157
547,Misty Terrain part 2,misty-terrain-part-2,normal,/home/baguspermana7/Downloads/3DS - Pokemon Sun _ Moon - Miscellaneous - Attack Move Sound Effects.zip,Misty Terrain part 2.mp3,191732,attack-move-sfx-compressed/normal/misty-terrain-part-2.ogg,2952,1.157
548,Misty Terrain,misty-terrain,normal,/home/baguspermana7/Downloads/3DS - Pokemon Sun _ Moon - Miscellaneous - Attack Move Sound Effects.zip,Misty Terrain.mp3,300388,attack-move-sfx-compressed/normal/misty-terrain.ogg,2799,1.157
549,Moonblast,moonblast,fairy,/home/baguspermana7/Downloads/3DS - Pokemon Sun _ Moon - Miscellaneous - Attack Move Sound Effects.zip,Moonblast.mp3,302469,attack-move-sfx-compressed/fairy/moonblast.ogg,2861,1.157
550,Moongeist Beam,moongeist-beam,fairy,/home/baguspermana7/Downloads/3DS - Pokemon Sun _ Moon - Miscellaneous - Attack Move Sound Effects.zip,Moongeist Beam.mp3,354724,attack-move-sfx-compressed/fairy/moongeist-beam.ogg,2693,1.157
551,Moonlight part 1,moonlight-part-1,fairy,/home/baguspermana7/Downloads/3DS - Pokemon Sun _ Moon - Miscellaneous - Attack Move Sound Effects.zip,Moonlight part 1.mp3,222026,attack-move-sfx-compressed/fairy/moonlight-part-1.ogg,3040,1.157
552,Moonlight,moonlight,fairy,/home/baguspermana7/Downloads/3DS - Pokemon Sun _ Moon - Miscellaneous - Attack Move Sound Effects.zip,Moonlight.mp3,311873,attack-move-sfx-compressed/fairy/moonlight.ogg,3043,1.157
553,Morning Sun part 1,morning-sun-part-1,normal,/home/baguspermana7/Downloads/3DS - Pokemon Sun _ Moon - Miscellaneous - Attack Move Sound Effects.zip,Morning Sun part 1.mp3,247108,attack-move-sfx-compressed/normal/morning-sun-part-1.ogg,2898,1.157
554,Morning Sun,morning-sun,normal,/home/baguspermana7/Downloads/3DS - Pokemon Sun _ Moon - Miscellaneous - Attack Move Sound Effects.zip,Morning Sun.mp3,338000,attack-move-sfx-compressed/normal/morning-sun.ogg,2898,1.157
555,Mud Bomb,mud-bomb,ground,/home/baguspermana7/Downloads/3DS - Pokemon Sun _ Moon - Miscellaneous - Attack Move Sound Effects.zip,Mud Bomb.mp3,217831,attack-move-sfx-compressed/ground/mud-bomb.ogg,2762,1.157
556,Mud Shot,mud-shot,ground,/home/baguspermana7/Downloads/3DS - Pokemon Sun _ Moon - Miscellaneous - Attack Move Sound Effects.zip,Mud Shot.mp3,191708,attack-move-sfx-compressed/ground/mud-shot.ogg,2769,1.157
557,Mud Sport,mud-sport,ground,/home/baguspermana7/Downloads/3DS - Pokemon Sun _ Moon - Miscellaneous - Attack Move Sound Effects.zip,Mud Sport.mp3,191710,attack-move-sfx-compressed/ground/mud-sport.ogg,2777,1.157
558,Mud-Slap,mud-slap,ground,/home/baguspermana7/Downloads/3DS - Pokemon Sun _ Moon - Miscellaneous - Attack Move Sound Effects.zip,Mud-Slap.mp3,189618,attack-move-sfx-compressed/ground/mud-slap.ogg,2687,1.157
559,Muddy Water,muddy-water,water,/home/baguspermana7/Downloads/3DS - Pokemon Sun _ Moon - Miscellaneous - Attack Move Sound Effects.zip,Muddy Water.mp3,305608,attack-move-sfx-compressed/water/muddy-water.ogg,2784,1.157
560,Multi-Attack part 1,multi-attack-part-1,normal,/home/baguspermana7/Downloads/3DS - Pokemon Sun _ Moon - Miscellaneous - Attack Move Sound Effects.zip,Multi-Attack part 1.mp3,165608,attack-move-sfx-compressed/normal/multi-attack-part-1.ogg,2932,1.157
561,Multi-Attack,multi-attack,normal,/home/baguspermana7/Downloads/3DS - Pokemon Sun _ Moon - Miscellaneous - Attack Move Sound Effects.zip,Multi-Attack.mp3,213659,attack-move-sfx-compressed/normal/multi-attack.ogg,2904,1.157
562,Mystical Fire,mystical-fire,fire,/home/baguspermana7/Downloads/3DS - Pokemon Sun _ Moon - Miscellaneous - Attack Move Sound Effects.zip,Mystical Fire.mp3,273220,attack-move-sfx-compressed/fire/mystical-fire.ogg,2764,1.157
563,Nasty Plot,nasty-plot,normal,/home/baguspermana7/Downloads/3DS - Pokemon Sun _ Moon - Miscellaneous - Attack Move Sound Effects.zip,Nasty Plot.mp3,226194,attack-move-sfx-compressed/normal/nasty-plot.ogg,2743,1.157
564,Natural Gift,natural-gift,normal,/home/baguspermana7/Downloads/3DS - Pokemon Sun _ Moon - Miscellaneous - Attack Move Sound Effects.zip,Natural Gift.mp3,248141,attack-move-sfx-compressed/normal/natural-gift.ogg,2835,1.157
565,Nature's Madness,nature-s-madness,normal,/home/baguspermana7/Downloads/3DS - Pokemon Sun _ Moon - Miscellaneous - Attack Move Sound Effects.zip,Nature's Madness.mp3,298304,attack-move-sfx-compressed/normal/nature-s-madness.ogg,2862,1.157
566,Needle Arm,needle-arm,normal,/home/baguspermana7/Downloads/3DS - Pokemon Sun _ Moon - Miscellaneous - Attack Move Sound Effects.zip,Needle Arm.mp3,155141,attack-move-sfx-compressed/normal/needle-arm.ogg,2724,1.157
567,Never-Ending Nightmare part 1,never-ending-nightmare-part-1,dark,/home/baguspermana7/Downloads/3DS - Pokemon Sun _ Moon - Miscellaneous - Attack Move Sound Effects.zip,Never-Ending Nightmare part 1.mp3,158313,attack-move-sfx-compressed/dark/never-ending-nightmare-part-1.ogg,3255,1.157
568,Never-Ending Nightmare part 2,never-ending-nightmare-part-2,dark,/home/baguspermana7/Downloads/3DS - Pokemon Sun _ Moon - Miscellaneous - Attack Move Sound Effects.zip,Never-Ending Nightmare part 2.mp3,424762,attack-move-sfx-compressed/dark/never-ending-nightmare-part-2.ogg,2891,1.157
569,Never-Ending Nightmare part 3,never-ending-nightmare-part-3,dark,/home/baguspermana7/Downloads/3DS - Pokemon Sun _ Moon - Miscellaneous - Attack Move Sound Effects.zip,Never-Ending Nightmare part 3.mp3,674493,attack-move-sfx-compressed/dark/never-ending-nightmare-part-3.ogg,2860,1.157
570,Never-Ending Nightmare,never-ending-nightmare,dark,/home/baguspermana7/Downloads/3DS - Pokemon Sun _ Moon - Miscellaneous - Attack Move Sound Effects.zip,Never-Ending Nightmare.mp3,1063181,attack-move-sfx-compressed/dark/never-ending-nightmare.ogg,3240,1.157
571,Night Daze,night-daze,dark,/home/baguspermana7/Downloads/3DS - Pokemon Sun _ Moon - Miscellaneous - Attack Move Sound Effects.zip,Night Daze.mp3,214700,attack-move-sfx-compressed/dark/night-daze.ogg,2820,1.157
572,Night Shade,night-shade,ghost,/home/baguspermana7/Downloads/3DS - Pokemon Sun _ Moon - Miscellaneous - Attack Move Sound Effects.zip,Night Shade.mp3,235600,attack-move-sfx-compressed/ghost/night-shade.ogg,2744,1.157
573,Night Slash,night-slash,dark,/home/baguspermana7/Downloads/3DS - Pokemon Sun _ Moon - Miscellaneous - Attack Move Sound Effects.zip,Night Slash.mp3,216792,attack-move-sfx-compressed/dark/night-slash.ogg,2819,1.157
574,Nightmare,nightmare,dark,/home/baguspermana7/Downloads/3DS - Pokemon Sun _ Moon - Miscellaneous - Attack Move Sound Effects.zip,Nightmare.mp3,256494,attack-move-sfx-compressed/dark/nightmare.ogg,2773,1.157
575,Noble Roar,noble-roar,normal,/home/baguspermana7/Downloads/3DS - Pokemon Sun _ Moon - Miscellaneous - Attack Move Sound Effects.zip,Noble Roar.mp3,208431,attack-move-sfx-compressed/normal/noble-roar.ogg,2783,1.157
576,Nuzzle,nuzzle,normal,/home/baguspermana7/Downloads/3DS - Pokemon Sun _ Moon - Miscellaneous - Attack Move Sound Effects.zip,Nuzzle.mp3,191704,attack-move-sfx-compressed/normal/nuzzle.ogg,2782,1.157
577,Oblivion Wing,oblivion-wing,flying,/home/baguspermana7/Downloads/3DS - Pokemon Sun _ Moon - Miscellaneous - Attack Move Sound Effects.zip,Oblivion Wing.mp3,350543,attack-move-sfx-compressed/flying/oblivion-wing.ogg,2806,1.157
578,Oceanic Operetta part 1,oceanic-operetta-part-1,normal,/home/baguspermana7/Downloads/3DS - Pokemon Sun _ Moon - Miscellaneous - Attack Move Sound Effects.zip,Oceanic Operetta part 1.mp3,155167,attack-move-sfx-compressed/normal/oceanic-operetta-part-1.ogg,3214,1.157
579,Oceanic Operetta part 2,oceanic-operetta-part-2,normal,/home/baguspermana7/Downloads/3DS - Pokemon Sun _ Moon - Miscellaneous - Attack Move Sound Effects.zip,Oceanic Operetta part 2.mp3,374595,attack-move-sfx-compressed/normal/oceanic-operetta-part-2.ogg,2777,1.157
580,Oceanic Operetta part 3,oceanic-operetta-part-3,normal,/home/baguspermana7/Downloads/3DS - Pokemon Sun _ Moon - Miscellaneous - Attack Move Sound Effects.zip,Oceanic Operetta part 3.mp3,1203199,attack-move-sfx-compressed/normal/oceanic-operetta-part-3.ogg,2757,1.157
581,Oceanic Operetta,oceanic-operetta,normal,/home/baguspermana7/Downloads/3DS - Pokemon Sun _ Moon - Miscellaneous - Attack Move Sound Effects.zip,Oceanic Operetta.mp3,1539643,attack-move-sfx-compressed/normal/oceanic-operetta.ogg,3207,1.157
582,Octazooka,octazooka,normal,/home/baguspermana7/Downloads/3DS - Pokemon Sun _ Moon - Miscellaneous - Attack Move Sound Effects.zip,Octazooka.mp3,200069,attack-move-sfx-compressed/normal/octazooka.ogg,2791,1.157
583,Odor Sleuth,odor-sleuth,normal,/home/baguspermana7/Downloads/3DS - Pokemon Sun _ Moon - Miscellaneous - Attack Move Sound Effects.zip,Odor Sleuth.mp3,223061,attack-move-sfx-compressed/normal/odor-sleuth.ogg,2856,1.157
584,Ominous Wind,ominous-wind,ghost,/home/baguspermana7/Downloads/3DS - Pokemon Sun _ Moon - Miscellaneous - Attack Move Sound Effects.zip,Ominous Wind.mp3,259635,attack-move-sfx-compressed/ghost/ominous-wind.ogg,2814,1.157
585,Origin Pulse,origin-pulse,normal,/home/baguspermana7/Downloads/3DS - Pokemon Sun _ Moon - Miscellaneous - Attack Move Sound Effects.zip,Origin Pulse.mp3,329643,attack-move-sfx-compressed/normal/origin-pulse.ogg,2750,1.157
586,Outrage,outrage,dragon,/home/baguspermana7/Downloads/3DS - Pokemon Sun _ Moon - Miscellaneous - Attack Move Sound Effects.zip,Outrage.mp3,261714,attack-move-sfx-compressed/dragon/outrage.ogg,2746,1.157
587,Overheat,overheat,fire,/home/baguspermana7/Downloads/3DS - Pokemon Sun _ Moon - Miscellaneous - Attack Move Sound Effects.zip,Overheat.mp3,267986,attack-move-sfx-compressed/fire/overheat.ogg,2729,1.157
588,Pain Split,pain-split,normal,/home/baguspermana7/Downloads/3DS - Pokemon Sun _ Moon - Miscellaneous - Attack Move Sound Effects.zip,Pain Split.mp3,177084,attack-move-sfx-compressed/normal/pain-split.ogg,2738,1.157
589,Parabolic Charge,parabolic-charge,normal,/home/baguspermana7/Downloads/3DS - Pokemon Sun _ Moon - Miscellaneous - Attack Move Sound Effects.zip,Parabolic Charge.mp3,334875,attack-move-sfx-compressed/normal/parabolic-charge.ogg,2775,1.157
590,Parting Shot,parting-shot,normal,/home/baguspermana7/Downloads/3DS - Pokemon Sun _ Moon - Miscellaneous - Attack Move Sound Effects.zip,Parting Shot.mp3,188582,attack-move-sfx-compressed/normal/parting-shot.ogg,2821,1.157
591,Pay Day,pay-day,normal,/home/baguspermana7/Downloads/3DS - Pokemon Sun _ Moon - Miscellaneous - Attack Move Sound Effects.zip,Pay Day.mp3,243951,attack-move-sfx-compressed/normal/pay-day.ogg,2807,1.157
592,Payback,payback,normal,/home/baguspermana7/Downloads/3DS - Pokemon Sun _ Moon - Miscellaneous - Attack Move Sound Effects.zip,Payback.mp3,222008,attack-move-sfx-compressed/normal/payback.ogg,2732,1.157
593,Peck,peck,normal,/home/baguspermana7/Downloads/3DS - Pokemon Sun _ Moon - Miscellaneous - Attack Move Sound Effects.zip,Peck.mp3,147814,attack-move-sfx-compressed/normal/peck.ogg,2572,1.156
594,Perish Song,perish-song,normal,/home/baguspermana7/Downloads/3DS - Pokemon Sun _ Moon - Miscellaneous - Attack Move Sound Effects.zip,Perish Song.mp3,306653,attack-move-sfx-compressed/normal/perish-song.ogg,2816,1.157
595,Petal Blizzard,petal-blizzard,ice,/home/baguspermana7/Downloads/3DS - Pokemon Sun _ Moon - Miscellaneous - Attack Move Sound Effects.zip,Petal Blizzard.mp3,257549,attack-move-sfx-compressed/ice/petal-blizzard.ogg,2799,1.157
596,Petal Dance,petal-dance,grass,/home/baguspermana7/Downloads/3DS - Pokemon Sun _ Moon - Miscellaneous - Attack Move Sound Effects.zip,Petal Dance.mp3,219926,attack-move-sfx-compressed/grass/petal-dance.ogg,2822,1.157
597,Phantom Force part 1,phantom-force-part-1,ghost,/home/baguspermana7/Downloads/3DS - Pokemon Sun _ Moon - Miscellaneous - Attack Move Sound Effects.zip,Phantom Force part 1.mp3,165610,attack-move-sfx-compressed/ghost/phantom-force-part-1.ogg,2725,1.157
598,Phantom Force part 2,phantom-force-part-2,ghost,/home/baguspermana7/Downloads/3DS - Pokemon Sun _ Moon - Miscellaneous - Attack Move Sound Effects.zip,Phantom Force part 2.mp3,264875,attack-move-sfx-compressed/ghost/phantom-force-part-2.ogg,2852,1.157
599,Phantom Force,phantom-force,ghost,/home/baguspermana7/Downloads/3DS - Pokemon Sun _ Moon - Miscellaneous - Attack Move Sound Effects.zip,Phantom Force.mp3,333824,attack-move-sfx-compressed/ghost/phantom-force.ogg,2735,1.157
600,Photon Geyser,photon-geyser,normal,/home/baguspermana7/Downloads/3DS - Pokemon Sun _ Moon - Miscellaneous - Attack Move Sound Effects.zip,Photon Geyser.mp3,379800,attack-move-sfx-compressed/normal/photon-geyser.ogg,2833,1.157
601,Pin Missile 1hit,pin-missile-1hit,normal,/home/baguspermana7/Downloads/3DS - Pokemon Sun _ Moon - Miscellaneous - Attack Move Sound Effects.zip,Pin Missile 1hit.mp3,163512,attack-move-sfx-compressed/normal/pin-missile-1hit.ogg,2674,1.157
602,Pin Missile 2hits,pin-missile-2hits,normal,/home/baguspermana7/Downloads/3DS - Pokemon Sun _ Moon - Miscellaneous - Attack Move Sound Effects.zip,Pin Missile 2hits.mp3,272183,attack-move-sfx-compressed/normal/pin-missile-2hits.ogg,2684,1.157
603,Plasma Fist,plasma-fist,normal,/home/baguspermana7/Downloads/3DS - Pokemon Sun _ Moon - Miscellaneous - Attack Move Sound Effects.zip,Plasma Fist.mp3,357853,attack-move-sfx-compressed/normal/plasma-fist.ogg,2753,1.157
604,Play Nice,play-nice,ice,/home/baguspermana7/Downloads/3DS - Pokemon Sun _ Moon - Miscellaneous - Attack Move Sound Effects.zip,Play Nice.mp3,249180,attack-move-sfx-compressed/ice/play-nice.ogg,2748,1.157
605,Play Rough,play-rough,fairy,/home/baguspermana7/Downloads/3DS - Pokemon Sun _ Moon - Miscellaneous - Attack Move Sound Effects.zip,Play Rough.mp3,201116,attack-move-sfx-compressed/fairy/play-rough.ogg,2895,1.157
606,Pluck,pluck,normal,/home/baguspermana7/Downloads/3DS - Pokemon Sun _ Moon - Miscellaneous - Attack Move Sound Effects.zip,Pluck.mp3,146772,attack-move-sfx-compressed/normal/pluck.ogg,2492,1.144
607,Poison Fang,poison-fang,poison,/home/baguspermana7/Downloads/3DS - Pokemon Sun _ Moon - Miscellaneous - Attack Move Sound Effects.zip,Poison Fang.mp3,202163,attack-move-sfx-compressed/poison/poison-fang.ogg,2779,1.157
608,Poison Gas part 1,poison-gas-part-1,poison,/home/baguspermana7/Downloads/3DS - Pokemon Sun _ Moon - Miscellaneous - Attack Move Sound Effects.zip,Poison Gas part 1.mp3,184412,attack-move-sfx-compressed/poison/poison-gas-part-1.ogg,2748,1.157
609,Poison Gas,poison-gas,poison,/home/baguspermana7/Downloads/3DS - Pokemon Sun _ Moon - Miscellaneous - Attack Move Sound Effects.zip,Poison Gas.mp3,266945,attack-move-sfx-compressed/poison/poison-gas.ogg,2710,1.157
610,Poison Jab,poison-jab,poison,/home/baguspermana7/Downloads/3DS - Pokemon Sun _ Moon - Miscellaneous - Attack Move Sound Effects.zip,Poison Jab.mp3,257541,attack-move-sfx-compressed/poison/poison-jab.ogg,2802,1.157
611,Poison Powder part 1,poison-powder-part-1,poison,/home/baguspermana7/Downloads/3DS - Pokemon Sun _ Moon - Miscellaneous - Attack Move Sound Effects.zip,Poison Powder part 1.mp3,208451,attack-move-sfx-compressed/poison/poison-powder-part-1.ogg,2735,1.157
612,Poison Powder,poison-powder,poison,/home/baguspermana7/Downloads/3DS - Pokemon Sun _ Moon - Miscellaneous - Attack Move Sound Effects.zip,Poison Powder.mp3,285759,attack-move-sfx-compressed/poison/poison-powder.ogg,2763,1.157
613,Poison Sting,poison-sting,poison,/home/baguspermana7/Downloads/3DS - Pokemon Sun _ Moon - Miscellaneous - Attack Move Sound Effects.zip,Poison Sting.mp3,154100,attack-move-sfx-compressed/poison/poison-sting.ogg,2920,1.157
614,Poison Tail,poison-tail,poison,/home/baguspermana7/Downloads/3DS - Pokemon Sun _ Moon - Miscellaneous - Attack Move Sound Effects.zip,Poison Tail.mp3,189624,attack-move-sfx-compressed/poison/poison-tail.ogg,2818,1.157
615,Pollen Puff,pollen-puff,normal,/home/baguspermana7/Downloads/3DS - Pokemon Sun _ Moon - Miscellaneous - Attack Move Sound Effects.zip,Pollen Puff.mp3,209477,attack-move-sfx-compressed/normal/pollen-puff.ogg,2745,1.157
616,Pound,pound,normal,/home/baguspermana7/Downloads/3DS - Pokemon Sun _ Moon - Miscellaneous - Attack Move Sound Effects.zip,Pound.mp3,137368,attack-move-sfx-compressed/normal/pound.ogg,1997,0.906
617,Powder part 1,powder-part-1,normal,/home/baguspermana7/Downloads/3DS - Pokemon Sun _ Moon - Miscellaneous - Attack Move Sound Effects.zip,Powder part 1.mp3,184404,attack-move-sfx-compressed/normal/powder-part-1.ogg,2656,1.157
618,Powder part 2,powder-part-2,normal,/home/baguspermana7/Downloads/3DS - Pokemon Sun _ Moon - Miscellaneous - Attack Move Sound Effects.zip,Powder part 2.mp3,196943,attack-move-sfx-compressed/normal/powder-part-2.ogg,2892,1.157
619,Powder Snow,powder-snow,normal,/home/baguspermana7/Downloads/3DS - Pokemon Sun _ Moon - Miscellaneous - Attack Move Sound Effects.zip,Powder Snow.mp3,185445,attack-move-sfx-compressed/normal/powder-snow.ogg,2744,1.157
620,Powder,powder,normal,/home/baguspermana7/Downloads/3DS - Pokemon Sun _ Moon - Miscellaneous - Attack Move Sound Effects.zip,Powder.mp3,283655,attack-move-sfx-compressed/normal/powder.ogg,2670,1.157
621,Power Gem,power-gem,rock,/home/baguspermana7/Downloads/3DS - Pokemon Sun _ Moon - Miscellaneous - Attack Move Sound Effects.zip,Power Gem.mp3,279482,attack-move-sfx-compressed/rock/power-gem.ogg,2811,1.157
622,Power Split,power-split,normal,/home/baguspermana7/Downloads/3DS - Pokemon Sun _ Moon - Miscellaneous - Attack Move Sound Effects.zip,Power Split.mp3,206343,attack-move-sfx-compressed/normal/power-split.ogg,2797,1.157
623,Power Swap,power-swap,normal,/home/baguspermana7/Downloads/3DS - Pokemon Sun _ Moon - Miscellaneous - Attack Move Sound Effects.zip,Power Swap.mp3,206341,attack-move-sfx-compressed/normal/power-swap.ogg,2742,1.157
624,Power Trick,power-trick,normal,/home/baguspermana7/Downloads/3DS - Pokemon Sun _ Moon - Miscellaneous - Attack Move Sound Effects.zip,Power Trick.mp3,249184,attack-move-sfx-compressed/normal/power-trick.ogg,2812,1.157
625,Power Trip,power-trip,normal,/home/baguspermana7/Downloads/3DS - Pokemon Sun _ Moon - Miscellaneous - Attack Move Sound Effects.zip,Power Trip.mp3,241867,attack-move-sfx-compressed/normal/power-trip.ogg,2790,1.157
626,Power Whip,power-whip,normal,/home/baguspermana7/Downloads/3DS - Pokemon Sun _ Moon - Miscellaneous - Attack Move Sound Effects.zip,Power Whip.mp3,258586,attack-move-sfx-compressed/normal/power-whip.ogg,2777,1.157
627,Power-Up Punch,power-up-punch,fighting,/home/baguspermana7/Downloads/3DS - Pokemon Sun _ Moon - Miscellaneous - Attack Move Sound Effects.zip,Power-Up Punch.mp3,182316,attack-move-sfx-compressed/fighting/power-up-punch.ogg,2760,1.157
628,Precipice Blades,precipice-blades,ice,/home/baguspermana7/Downloads/3DS - Pokemon Sun _ Moon - Miscellaneous - Attack Move Sound Effects.zip,Precipice Blades.mp3,284720,attack-move-sfx-compressed/ice/precipice-blades.ogg,2767,1.157
629,Present damage,present-damage,normal,/home/baguspermana7/Downloads/3DS - Pokemon Sun _ Moon - Miscellaneous - Attack Move Sound Effects.zip,Present damage.mp3,185451,attack-move-sfx-compressed/normal/present-damage.ogg,2860,1.157
630,Present heal,present-heal,normal,/home/baguspermana7/Downloads/3DS - Pokemon Sun _ Moon - Miscellaneous - Attack Move Sound Effects.zip,Present heal.mp3,273218,attack-move-sfx-compressed/normal/present-heal.ogg,2840,1.157
631,Present part 1,present-part-1,normal,/home/baguspermana7/Downloads/3DS - Pokemon Sun _ Moon - Miscellaneous - Attack Move Sound Effects.zip,Present part 1.mp3,186496,attack-move-sfx-compressed/normal/present-part-1.ogg,2855,1.157
632,Prismatic Laser,prismatic-laser,normal,/home/baguspermana7/Downloads/3DS - Pokemon Sun _ Moon - Miscellaneous - Attack Move Sound Effects.zip,Prismatic Laser.mp3,312930,attack-move-sfx-compressed/normal/prismatic-laser.ogg,2960,1.157
633,Protect shield hit,protect-shield-hit,normal,/home/baguspermana7/Downloads/3DS - Pokemon Sun _ Moon - Miscellaneous - Attack Move Sound Effects.zip,Protect shield hit.mp3,124855,attack-move-sfx-compressed/normal/protect-shield-hit.ogg,1322,0.585
634,Protect,protect,normal,/home/baguspermana7/Downloads/3DS - Pokemon Sun _ Moon - Miscellaneous - Attack Move Sound Effects.zip,Protect.mp3,183347,attack-move-sfx-compressed/normal/protect.ogg,2837,1.157
635,Psybeam,psybeam,psychic,/home/baguspermana7/Downloads/3DS - Pokemon Sun _ Moon - Miscellaneous - Attack Move Sound Effects.zip,Psybeam.mp3,263804,attack-move-sfx-compressed/psychic/psybeam.ogg,2715,1.157
636,Psych Up,psych-up,psychic,/home/baguspermana7/Downloads/3DS - Pokemon Sun _ Moon - Miscellaneous - Attack Move Sound Effects.zip,Psych Up.mp3,211561,attack-move-sfx-compressed/psychic/psych-up.ogg,2769,1.157
637,Psychic Fangs,psychic-fangs,psychic,/home/baguspermana7/Downloads/3DS - Pokemon Sun _ Moon - Miscellaneous - Attack Move Sound Effects.zip,Psychic Fangs.mp3,170820,attack-move-sfx-compressed/psychic/psychic-fangs.ogg,2699,1.157
638,Psychic Terrain part 1,psychic-terrain-part-1,psychic,/home/baguspermana7/Downloads/3DS - Pokemon Sun _ Moon - Miscellaneous - Attack Move Sound Effects.zip,Psychic Terrain part 1.mp3,205320,attack-move-sfx-compressed/psychic/psychic-terrain-part-1.ogg,2931,1.157
639,Psychic Terrain part 2,psychic-terrain-part-2,psychic,/home/baguspermana7/Downloads/3DS - Pokemon Sun _ Moon - Miscellaneous - Attack Move Sound Effects.zip,Psychic Terrain part 2.mp3,203230,attack-move-sfx-compressed/psychic/psychic-terrain-part-2.ogg,3287,1.157
640,Psychic Terrain,psychic-terrain,psychic,/home/baguspermana7/Downloads/3DS - Pokemon Sun _ Moon - Miscellaneous - Attack Move Sound Effects.zip,Psychic Terrain.mp3,310841,attack-move-sfx-compressed/psychic/psychic-terrain.ogg,2909,1.157
641,Psychic,psychic,psychic,/home/baguspermana7/Downloads/3DS - Pokemon Sun _ Moon - Miscellaneous - Attack Move Sound Effects.zip,Psychic.mp3,224098,attack-move-sfx-compressed/psychic/psychic.ogg,2811,1.157
642,Psycho Boost,psycho-boost,psychic,/home/baguspermana7/Downloads/3DS - Pokemon Sun _ Moon - Miscellaneous - Attack Move Sound Effects.zip,Psycho Boost.mp3,300386,attack-move-sfx-compressed/psychic/psycho-boost.ogg,2817,1.157
643,Psycho Cut,psycho-cut,psychic,/home/baguspermana7/Downloads/3DS - Pokemon Sun _ Moon - Miscellaneous - Attack Move Sound Effects.zip,Psycho Cut.mp3,163500,attack-move-sfx-compressed/psychic/psycho-cut.ogg,2857,1.157
644,Psycho Shift,psycho-shift,psychic,/home/baguspermana7/Downloads/3DS - Pokemon Sun _ Moon - Miscellaneous - Attack Move Sound Effects.zip,Psycho Shift.mp3,249186,attack-move-sfx-compressed/psychic/psycho-shift.ogg,2752,1.157
645,Psyshock,psyshock,psychic,/home/baguspermana7/Downloads/3DS - Pokemon Sun _ Moon - Miscellaneous - Attack Move Sound Effects.zip,Psyshock.mp3,235594,attack-move-sfx-compressed/psychic/psyshock.ogg,2854,1.157
646,Psystrike,psystrike,psychic,/home/baguspermana7/Downloads/3DS - Pokemon Sun _ Moon - Miscellaneous - Attack Move Sound Effects.zip,Psystrike.mp3,316053,attack-move-sfx-compressed/psychic/psystrike.ogg,2807,1.157
647,Psywave,psywave,psychic,/home/baguspermana7/Downloads/3DS - Pokemon Sun _ Moon - Miscellaneous - Attack Move Sound Effects.zip,Psywave.mp3,243951,attack-move-sfx-compressed/psychic/psywave.ogg,2774,1.157
648,Pulverizing Pancake part 1,pulverizing-pancake-part-1,normal,/home/baguspermana7/Downloads/3DS - Pokemon Sun _ Moon - Miscellaneous - Attack Move Sound Effects.zip,Pulverizing Pancake part 1.mp3,163532,attack-move-sfx-compressed/normal/pulverizing-pancake-part-1.ogg,3159,1.157
649,Pulverizing Pancake part 2,pulverizing-pancake-part-2,normal,/home/baguspermana7/Downloads/3DS - Pokemon Sun _ Moon - Miscellaneous - Attack Move Sound Effects.zip,Pulverizing Pancake part 2.mp3,432071,attack-move-sfx-compressed/normal/pulverizing-pancake-part-2.ogg,2776,1.157
650,Pulverizing Pancake part 3,pulverizing-pancake-part-3,normal,/home/baguspermana7/Downloads/3DS - Pokemon Sun _ Moon - Miscellaneous - Attack Move Sound Effects.zip,Pulverizing Pancake part 3.mp3,911679,attack-move-sfx-compressed/normal/pulverizing-pancake-part-3.ogg,1997,1.157
651,Pulverizing Pancake,pulverizing-pancake,normal,/home/baguspermana7/Downloads/3DS - Pokemon Sun _ Moon - Miscellaneous - Attack Move Sound Effects.zip,Pulverizing Pancake.mp3,1312906,attack-move-sfx-compressed/normal/pulverizing-pancake.ogg,3159,1.157
652,Punishment,punishment,normal,/home/baguspermana7/Downloads/3DS - Pokemon Sun _ Moon - Miscellaneous - Attack Move Sound Effects.zip,Punishment.mp3,157231,attack-move-sfx-compressed/normal/punishment.ogg,2567,1.157
653,Purify,purify,normal,/home/baguspermana7/Downloads/3DS - Pokemon Sun _ Moon - Miscellaneous - Attack Move Sound Effects.zip,Purify.mp3,313957,attack-move-sfx-compressed/normal/purify.ogg,2782,1.157
654,Pursuit,pursuit,normal,/home/baguspermana7/Downloads/3DS - Pokemon Sun _ Moon - Miscellaneous - Attack Move Sound Effects.zip,Pursuit.mp3,211559,attack-move-sfx-compressed/normal/pursuit.ogg,2763,1.157
655,Quash,quash,normal,/home/baguspermana7/Downloads/3DS - Pokemon Sun _ Moon - Miscellaneous - Attack Move Sound Effects.zip,Quash.mp3,157221,attack-move-sfx-compressed/normal/quash.ogg,2526,1.157
656,Quick Attack,quick-attack,normal,/home/baguspermana7/Downloads/3DS - Pokemon Sun _ Moon - Miscellaneous - Attack Move Sound Effects.zip,Quick Attack.mp3,146786,attack-move-sfx-compressed/normal/quick-attack.ogg,2507,1.144
657,Quick Guard,quick-guard,normal,/home/baguspermana7/Downloads/3DS - Pokemon Sun _ Moon - Miscellaneous - Attack Move Sound Effects.zip,Quick Guard.mp3,182310,attack-move-sfx-compressed/normal/quick-guard.ogg,2843,1.157
658,Quiver Dance,quiver-dance,normal,/home/baguspermana7/Downloads/3DS - Pokemon Sun _ Moon - Miscellaneous - Attack Move Sound Effects.zip,Quiver Dance.mp3,203210,attack-move-sfx-compressed/normal/quiver-dance.ogg,3107,1.157
659,Rage Powder,rage-powder,normal,/home/baguspermana7/Downloads/3DS - Pokemon Sun _ Moon - Miscellaneous - Attack Move Sound Effects.zip,Rage Powder.mp3,259633,attack-move-sfx-compressed/normal/rage-powder.ogg,2742,1.157
660,Rage,rage,normal,/home/baguspermana7/Downloads/3DS - Pokemon Sun _ Moon - Miscellaneous - Attack Move Sound Effects.zip,Rage.mp3,195880,attack-move-sfx-compressed/normal/rage.ogg,2746,1.157
661,Rain Dance part 1,rain-dance-part-1,normal,/home/baguspermana7/Downloads/3DS - Pokemon Sun _ Moon - Miscellaneous - Attack Move Sound Effects.zip,Rain Dance part 1.mp3,240836,attack-move-sfx-compressed/normal/rain-dance-part-1.ogg,2754,1.157
662,Rain Dance part 2,rain-dance-part-2,normal,/home/baguspermana7/Downloads/3DS - Pokemon Sun _ Moon - Miscellaneous - Attack Move Sound Effects.zip,Rain Dance part 2.mp3,235612,attack-move-sfx-compressed/normal/rain-dance-part-2.ogg,2740,1.157
663,Rain Dance,rain-dance,normal,/home/baguspermana7/Downloads/3DS - Pokemon Sun _ Moon - Miscellaneous - Attack Move Sound Effects.zip,Rain Dance.mp3,378749,attack-move-sfx-compressed/normal/rain-dance.ogg,2781,1.157
664,Rapid Spin,rapid-spin,normal,/home/baguspermana7/Downloads/3DS - Pokemon Sun _ Moon - Miscellaneous - Attack Move Sound Effects.zip,Rapid Spin.mp3,195892,attack-move-sfx-compressed/normal/rapid-spin.ogg,2751,1.157
665,Razor Leaf,razor-leaf,grass,/home/baguspermana7/Downloads/3DS - Pokemon Sun _ Moon - Miscellaneous - Attack Move Sound Effects.zip,Razor Leaf.mp3,189622,attack-move-sfx-compressed/grass/razor-leaf.ogg,2783,1.157
666,Razor Shell,razor-shell,normal,/home/baguspermana7/Downloads/3DS - Pokemon Sun _ Moon - Miscellaneous - Attack Move Sound Effects.zip,Razor Shell.mp3,170816,attack-move-sfx-compressed/normal/razor-shell.ogg,2743,1.157
667,Razor Wind,razor-wind,normal,/home/baguspermana7/Downloads/3DS - Pokemon Sun _ Moon - Miscellaneous - Attack Move Sound Effects.zip,Razor Wind.mp3,293067,attack-move-sfx-compressed/normal/razor-wind.ogg,2773,1.157
668,Recover part 1,recover-part-1,normal,/home/baguspermana7/Downloads/3DS - Pokemon Sun _ Moon - Miscellaneous - Attack Move Sound Effects.zip,Recover part 1.mp3,166643,attack-move-sfx-compressed/normal/recover-part-1.ogg,3742,1.157
669,Recover,recover,normal,/home/baguspermana7/Downloads/3DS - Pokemon Sun _ Moon - Miscellaneous - Attack Move Sound Effects.zip,Recover.mp3,256490,attack-move-sfx-compressed/normal/recover.ogg,3743,1.157
670,Recycle,recycle,normal,/home/baguspermana7/Downloads/3DS - Pokemon Sun _ Moon - Miscellaneous - Attack Move Sound Effects.zip,Recycle.mp3,222008,attack-move-sfx-compressed/normal/recycle.ogg,2779,1.157
671,Reflect Type,reflect-type,normal,/home/baguspermana7/Downloads/3DS - Pokemon Sun _ Moon - Miscellaneous - Attack Move Sound Effects.zip,Reflect Type.mp3,254410,attack-move-sfx-compressed/normal/reflect-type.ogg,2745,1.157
672,Reflect,reflect,normal,/home/baguspermana7/Downloads/3DS - Pokemon Sun _ Moon - Miscellaneous - Attack Move Sound Effects.zip,Reflect.mp3,220963,attack-move-sfx-compressed/normal/reflect.ogg,2803,1.157
673,Refresh,refresh,normal,/home/baguspermana7/Downloads/3DS - Pokemon Sun _ Moon - Miscellaneous - Attack Move Sound Effects.zip,Refresh.mp3,179167,attack-move-sfx-compressed/normal/refresh.ogg,3028,1.157
674,Relic Song,relic-song,normal,/home/baguspermana7/Downloads/3DS - Pokemon Sun _ Moon - Miscellaneous - Attack Move Sound Effects.zip,Relic Song.mp3,315010,attack-move-sfx-compressed/normal/relic-song.ogg,2980,1.157
675,Rest part 1,rest-part-1,normal,/home/baguspermana7/Downloads/3DS - Pokemon Sun _ Moon - Miscellaneous - Attack Move Sound Effects.zip,Rest part 1.mp3,224106,attack-move-sfx-compressed/normal/rest-part-1.ogg,2953,1.157
676,Rest,rest,normal,/home/baguspermana7/Downloads/3DS - Pokemon Sun _ Moon - Miscellaneous - Attack Move Sound Effects.zip,Rest.mp3,381872,attack-move-sfx-compressed/normal/rest.ogg,2960,1.157
677,Retaliate,retaliate,normal,/home/baguspermana7/Downloads/3DS - Pokemon Sun _ Moon - Miscellaneous - Attack Move Sound Effects.zip,Retaliate.mp3,288886,attack-move-sfx-compressed/normal/retaliate.ogg,2682,1.157
678,Return,return,normal,/home/baguspermana7/Downloads/3DS - Pokemon Sun _ Moon - Miscellaneous - Attack Move Sound Effects.zip,Return.mp3,230365,attack-move-sfx-compressed/normal/return.ogg,2779,1.157
679,Revelation Dance,revelation-dance,normal,/home/baguspermana7/Downloads/3DS - Pokemon Sun _ Moon - Miscellaneous - Attack Move Sound Effects.zip,Revelation Dance.mp3,254418,attack-move-sfx-compressed/normal/revelation-dance.ogg,2815,1.157
680,Revenge,revenge,normal,/home/baguspermana7/Downloads/3DS - Pokemon Sun _ Moon - Miscellaneous - Attack Move Sound Effects.zip,Revenge.mp3,232457,attack-move-sfx-compressed/normal/revenge.ogg,2691,1.157
681,Reversal,reversal,normal,/home/baguspermana7/Downloads/3DS - Pokemon Sun _ Moon - Miscellaneous - Attack Move Sound Effects.zip,Reversal.mp3,222010,attack-move-sfx-compressed/normal/reversal.ogg,2879,1.157
682,Roar of Time,roar-of-time,normal,/home/baguspermana7/Downloads/3DS - Pokemon Sun _ Moon - Miscellaneous - Attack Move Sound Effects.zip,Roar of Time.mp3,341137,attack-move-sfx-compressed/normal/roar-of-time.ogg,2808,1.157
683,Roar,roar,normal,/home/baguspermana7/Downloads/3DS - Pokemon Sun _ Moon - Miscellaneous - Attack Move Sound Effects.zip,Roar.mp3,188566,attack-move-sfx-compressed/normal/roar.ogg,2759,1.157
684,Rock Blast 1hit,rock-blast-1hit,rock,/home/baguspermana7/Downloads/3DS - Pokemon Sun _ Moon - Miscellaneous - Attack Move Sound Effects.zip,Rock Blast 1hit.mp3,158838,attack-move-sfx-compressed/rock/rock-blast-1hit.ogg,2944,1.157
685,Rock Blast 2hits,rock-blast-2hits,rock,/home/baguspermana7/Downloads/3DS - Pokemon Sun _ Moon - Miscellaneous - Attack Move Sound Effects.zip,Rock Blast 2hits.mp3,232475,attack-move-sfx-compressed/rock/rock-blast-2hits.ogg,2948,1.157
686,Rock Climb,rock-climb,rock,/home/baguspermana7/Downloads/3DS - Pokemon Sun _ Moon - Miscellaneous - Attack Move Sound Effects.zip,Rock Climb.mp3,246047,attack-move-sfx-compressed/rock/rock-climb.ogg,2771,1.157
687,Rock Polish,rock-polish,rock,/home/baguspermana7/Downloads/3DS - Pokemon Sun _ Moon - Miscellaneous - Attack Move Sound Effects.zip,Rock Polish.mp3,176041,attack-move-sfx-compressed/rock/rock-polish.ogg,2956,1.157
688,Rock Slide,rock-slide,rock,/home/baguspermana7/Downloads/3DS - Pokemon Sun _ Moon - Miscellaneous - Attack Move Sound Effects.zip,Rock Slide.mp3,271124,attack-move-sfx-compressed/rock/rock-slide.ogg,2785,1.157
689,Rock Smash,rock-smash,rock,/home/baguspermana7/Downloads/3DS - Pokemon Sun _ Moon - Miscellaneous - Attack Move Sound Effects.zip,Rock Smash.mp3,206341,attack-move-sfx-compressed/rock/rock-smash.ogg,2715,1.157
690,Rock Throw,rock-throw,rock,/home/baguspermana7/Downloads/3DS - Pokemon Sun _ Moon - Miscellaneous - Attack Move Sound Effects.zip,Rock Throw.mp3,156186,attack-move-sfx-compressed/rock/rock-throw.ogg,2704,1.157
691,Rock Tomb,rock-tomb,rock,/home/baguspermana7/Downloads/3DS - Pokemon Sun _ Moon - Miscellaneous - Attack Move Sound Effects.zip,Rock Tomb.mp3,242910,attack-move-sfx-compressed/rock/rock-tomb.ogg,2817,1.157
692,Rock Wrecker,rock-wrecker,rock,/home/baguspermana7/Downloads/3DS - Pokemon Sun _ Moon - Miscellaneous - Attack Move Sound Effects.zip,Rock Wrecker.mp3,301430,attack-move-sfx-compressed/rock/rock-wrecker.ogg,2767,1.157
693,Role Play part 1,role-play-part-1,normal,/home/baguspermana7/Downloads/3DS - Pokemon Sun _ Moon - Miscellaneous - Attack Move Sound Effects.zip,Role Play part 1.mp3,217847,attack-move-sfx-compressed/normal/role-play-part-1.ogg,2820,1.157
694,Role Play,role-play,normal,/home/baguspermana7/Downloads/3DS - Pokemon Sun _ Moon - Miscellaneous - Attack Move Sound Effects.zip,Role Play.mp3,330682,attack-move-sfx-compressed/normal/role-play.ogg,2817,1.157
695,Rolling Kick,rolling-kick,fighting,/home/baguspermana7/Downloads/3DS - Pokemon Sun _ Moon - Miscellaneous - Attack Move Sound Effects.zip,Rolling Kick.mp3,136337,attack-move-sfx-compressed/fighting/rolling-kick.ogg,1867,0.871
696,Rollout,rollout,normal,/home/baguspermana7/Downloads/3DS - Pokemon Sun _ Moon - Miscellaneous - Attack Move Sound Effects.zip,Rollout.mp3,199020,attack-move-sfx-compressed/normal/rollout.ogg,2906,1.157
697,Roost part 1,roost-part-1,normal,/home/baguspermana7/Downloads/3DS - Pokemon Sun _ Moon - Miscellaneous - Attack Move Sound Effects.zip,Roost part 1.mp3,229333,attack-move-sfx-compressed/normal/roost-part-1.ogg,2756,1.157
698,Roost,roost,normal,/home/baguspermana7/Downloads/3DS - Pokemon Sun _ Moon - Miscellaneous - Attack Move Sound Effects.zip,Roost.mp3,319180,attack-move-sfx-compressed/normal/roost.ogg,2755,1.157
699,Rototiller,rototiller,normal,/home/baguspermana7/Downloads/3DS - Pokemon Sun _ Moon - Miscellaneous - Attack Move Sound Effects.zip,Rototiller.mp3,262765,attack-move-sfx-compressed/normal/rototiller.ogg,2800,1.157
700,Round,round,normal,/home/baguspermana7/Downloads/3DS - Pokemon Sun _ Moon - Miscellaneous - Attack Move Sound Effects.zip,Round.mp3,297237,attack-move-sfx-compressed/normal/round.ogg,2855,1.157
701,Sacred Fire,sacred-fire,fire,/home/baguspermana7/Downloads/3DS - Pokemon Sun _ Moon - Miscellaneous - Attack Move Sound Effects.zip,Sacred Fire.mp3,240824,attack-move-sfx-compressed/fire/sacred-fire.ogg,2720,1.157
702,Sacred Sword,sacred-sword,normal,/home/baguspermana7/Downloads/3DS - Pokemon Sun _ Moon - Miscellaneous - Attack Move Sound Effects.zip,Sacred Sword.mp3,159324,attack-move-sfx-compressed/normal/sacred-sword.ogg,2736,1.157
703,Safeguard,safeguard,normal,/home/baguspermana7/Downloads/3DS - Pokemon Sun _ Moon - Miscellaneous - Attack Move Sound Effects.zip,Safeguard.mp3,199024,attack-move-sfx-compressed/normal/safeguard.ogg,2989,1.157
704,Sand Attack,sand-attack,ground,/home/baguspermana7/Downloads/3DS - Pokemon Sun _ Moon - Miscellaneous - Attack Move Sound Effects.zip,Sand Attack.mp3,159322,attack-move-sfx-compressed/ground/sand-attack.ogg,2648,1.157
705,Sand Tomb turn damage,sand-tomb-turn-damage,ground,/home/baguspermana7/Downloads/3DS - Pokemon Sun _ Moon - Miscellaneous - Attack Move Sound Effects.zip,Sand Tomb turn damage.mp3,264877,attack-move-sfx-compressed/ground/sand-tomb-turn-damage.ogg,2800,1.157
706,Sand Tomb,sand-tomb,ground,/home/baguspermana7/Downloads/3DS - Pokemon Sun _ Moon - Miscellaneous - Attack Move Sound Effects.zip,Sand Tomb.mp3,280527,attack-move-sfx-compressed/ground/sand-tomb.ogg,2812,1.157
707,Sandstorm part 1,sandstorm-part-1,ground,/home/baguspermana7/Downloads/3DS - Pokemon Sun _ Moon - Miscellaneous - Attack Move Sound Effects.zip,Sandstorm part 1.mp3,249194,attack-move-sfx-compressed/ground/sandstorm-part-1.ogg,2771,1.157
708,Sandstorm part 2,sandstorm-part-2,ground,/home/baguspermana7/Downloads/3DS - Pokemon Sun _ Moon - Miscellaneous - Attack Move Sound Effects.zip,Sandstorm part 2.mp3,230385,attack-move-sfx-compressed/ground/sandstorm-part-2.ogg,2761,1.157
709,Sandstorm turn damage,sandstorm-turn-damage,ground,/home/baguspermana7/Downloads/3DS - Pokemon Sun _ Moon - Miscellaneous - Attack Move Sound Effects.zip,Sandstorm turn damage.mp3,125906,attack-move-sfx-compressed/ground/sandstorm-turn-damage.ogg,1375,0.602
710,Sandstorm,sandstorm,ground,/home/baguspermana7/Downloads/3DS - Pokemon Sun _ Moon - Miscellaneous - Attack Move Sound Effects.zip,Sandstorm.mp3,382927,attack-move-sfx-compressed/ground/sandstorm.ogg,2796,1.157
711,Savage Spin-Out part 1,savage-spin-out-part-1,normal,/home/baguspermana7/Downloads/3DS - Pokemon Sun _ Moon - Miscellaneous - Attack Move Sound Effects.zip,Savage Spin-Out part 1.mp3,162479,attack-move-sfx-compressed/normal/savage-spin-out-part-1.ogg,3149,1.157
712,Savage Spin-Out part 2,savage-spin-out-part-2,normal,/home/baguspermana7/Downloads/3DS - Pokemon Sun _ Moon - Miscellaneous - Attack Move Sound Effects.zip,Savage Spin-Out part 2.mp3,426838,attack-move-sfx-compressed/normal/savage-spin-out-part-2.ogg,2928,1.157
713,Savage Spin-Out part 3,savage-spin-out-part-3,normal,/home/baguspermana7/Downloads/3DS - Pokemon Sun _ Moon - Miscellaneous - Attack Move Sound Effects.zip,Savage Spin-Out part 3.mp3,760161,attack-move-sfx-compressed/normal/savage-spin-out-part-3.ogg,2870,1.157
714,Savage Spin-Out,savage-spin-out,normal,/home/baguspermana7/Downloads/3DS - Pokemon Sun _ Moon - Miscellaneous - Attack Move Sound Effects.zip,Savage Spin-Out.mp3,1151983,attack-move-sfx-compressed/normal/savage-spin-out.ogg,3143,1.157
715,Scald,scald,water,/home/baguspermana7/Downloads/3DS - Pokemon Sun _ Moon - Miscellaneous - Attack Move Sound Effects.zip,Scald.mp3,287833,attack-move-sfx-compressed/water/scald.ogg,2767,1.157
716,Scary Face,scary-face,normal,/home/baguspermana7/Downloads/3DS - Pokemon Sun _ Moon - Miscellaneous - Attack Move Sound Effects.zip,Scary Face.mp3,224104,attack-move-sfx-compressed/normal/scary-face.ogg,2806,1.157
717,Scratch,scratch,normal,/home/baguspermana7/Downloads/3DS - Pokemon Sun _ Moon - Miscellaneous - Attack Move Sound Effects.zip,Scratch.mp3,137372,attack-move-sfx-compressed/normal/scratch.ogg,1910,0.882
718,Screech,screech,normal,/home/baguspermana7/Downloads/3DS - Pokemon Sun _ Moon - Miscellaneous - Attack Move Sound Effects.zip,Screech.mp3,214694,attack-move-sfx-compressed/normal/screech.ogg,2765,1.157
719,Searing Shot,searing-shot,normal,/home/baguspermana7/Downloads/3DS - Pokemon Sun _ Moon - Miscellaneous - Attack Move Sound Effects.zip,Searing Shot.mp3,298296,attack-move-sfx-compressed/normal/searing-shot.ogg,2780,1.157
720,Searing Sunraze Smash part 1,searing-sunraze-smash-part-1,normal,/home/baguspermana7/Downloads/3DS - Pokemon Sun _ Moon - Miscellaneous - Attack Move Sound Effects.zip,Searing Sunraze Smash part 1.mp3,163536,attack-move-sfx-compressed/normal/searing-sunraze-smash-part-1.ogg,3204,1.157
721,Searing Sunraze Smash part 2,searing-sunraze-smash-part-2,normal,/home/baguspermana7/Downloads/3DS - Pokemon Sun _ Moon - Miscellaneous - Attack Move Sound Effects.zip,Searing Sunraze Smash part 2.mp3,390279,attack-move-sfx-compressed/normal/searing-sunraze-smash-part-2.ogg,2977,1.157
722,Searing Sunraze Smash part 3,searing-sunraze-smash-part-3,normal,/home/baguspermana7/Downloads/3DS - Pokemon Sun _ Moon - Miscellaneous - Attack Move Sound Effects.zip,Searing Sunraze Smash part 3.mp3,1190671,attack-move-sfx-compressed/normal/searing-sunraze-smash-part-3.ogg,3004,1.157
723,Searing Sunraze Smash,searing-sunraze-smash,normal,/home/baguspermana7/Downloads/3DS - Pokemon Sun _ Moon - Miscellaneous - Attack Move Sound Effects.zip,Searing Sunraze Smash.mp3,1549057,attack-move-sfx-compressed/normal/searing-sunraze-smash.ogg,3188,1.157
724,Secret Power,secret-power,normal,/home/baguspermana7/Downloads/3DS - Pokemon Sun _ Moon - Miscellaneous - Attack Move Sound Effects.zip,Secret Power.mp3,162459,attack-move-sfx-compressed/normal/secret-power.ogg,2691,1.157
725,Secret Sword,secret-sword,normal,/home/baguspermana7/Downloads/3DS - Pokemon Sun _ Moon - Miscellaneous - Attack Move Sound Effects.zip,Secret Sword.mp3,252320,attack-move-sfx-compressed/normal/secret-sword.ogg,2816,1.157
726,Seed Bomb,seed-bomb,grass,/home/baguspermana7/Downloads/3DS - Pokemon Sun _ Moon - Miscellaneous - Attack Move Sound Effects.zip,Seed Bomb.mp3,240820,attack-move-sfx-compressed/grass/seed-bomb.ogg,2837,1.157
727,Seed Flare,seed-flare,fire,/home/baguspermana7/Downloads/3DS - Pokemon Sun _ Moon - Miscellaneous - Attack Move Sound Effects.zip,Seed Flare.mp3,269035,attack-move-sfx-compressed/fire/seed-flare.ogg,2767,1.157
728,Seismic Toss,seismic-toss,normal,/home/baguspermana7/Downloads/3DS - Pokemon Sun _ Moon - Miscellaneous - Attack Move Sound Effects.zip,Seismic Toss.mp3,250230,attack-move-sfx-compressed/normal/seismic-toss.ogg,2611,1.157
729,Self-Destruct part 1,self-destruct-part-1,normal,/home/baguspermana7/Downloads/3DS - Pokemon Sun _ Moon - Miscellaneous - Attack Move Sound Effects.zip,Self-Destruct part 1.mp3,241887,attack-move-sfx-compressed/normal/self-destruct-part-1.ogg,2742,1.157
730,Self-Destruct part 2,self-destruct-part-2,normal,/home/baguspermana7/Downloads/3DS - Pokemon Sun _ Moon - Miscellaneous - Attack Move Sound Effects.zip,Self-Destruct part 2.mp3,168744,attack-move-sfx-compressed/normal/self-destruct-part-2.ogg,2636,1.157
731,Self-Destruct,self-destruct,normal,/home/baguspermana7/Downloads/3DS - Pokemon Sun _ Moon - Miscellaneous - Attack Move Sound Effects.zip,Self-Destruct.mp3,313971,attack-move-sfx-compressed/normal/self-destruct.ogg,2743,1.157
732,Shadow Ball,shadow-ball,ghost,/home/baguspermana7/Downloads/3DS - Pokemon Sun _ Moon - Miscellaneous - Attack Move Sound Effects.zip,Shadow Ball.mp3,249184,attack-move-sfx-compressed/ghost/shadow-ball.ogg,2793,1.157
733,Shadow Bone,shadow-bone,ghost,/home/baguspermana7/Downloads/3DS - Pokemon Sun _ Moon - Miscellaneous - Attack Move Sound Effects.zip,Shadow Bone.mp3,241869,attack-move-sfx-compressed/ghost/shadow-bone.ogg,2779,1.157
734,Shadow Claw,shadow-claw,ghost,/home/baguspermana7/Downloads/3DS - Pokemon Sun _ Moon - Miscellaneous - Attack Move Sound Effects.zip,Shadow Claw.mp3,181265,attack-move-sfx-compressed/ghost/shadow-claw.ogg,2755,1.157
735,Shadow Force part 1,shadow-force-part-1,ghost,/home/baguspermana7/Downloads/3DS - Pokemon Sun _ Moon - Miscellaneous - Attack Move Sound Effects.zip,Shadow Force part 1.mp3,206359,attack-move-sfx-compressed/ghost/shadow-force-part-1.ogg,2786,1.157
736,Shadow Force part 2,shadow-force-part-2,ghost,/home/baguspermana7/Downloads/3DS - Pokemon Sun _ Moon - Miscellaneous - Attack Move Sound Effects.zip,Shadow Force part 2.mp3,269053,attack-move-sfx-compressed/ghost/shadow-force-part-2.ogg,2702,1.157
737,Shadow Force,shadow-force,ghost,/home/baguspermana7/Downloads/3DS - Pokemon Sun _ Moon - Miscellaneous - Attack Move Sound Effects.zip,Shadow Force.mp3,377708,attack-move-sfx-compressed/ghost/shadow-force.ogg,2788,1.157
738,Shadow Punch,shadow-punch,ghost,/home/baguspermana7/Downloads/3DS - Pokemon Sun _ Moon - Miscellaneous - Attack Move Sound Effects.zip,Shadow Punch.mp3,192761,attack-move-sfx-compressed/ghost/shadow-punch.ogg,2800,1.157
739,Shadow Sneak,shadow-sneak,ghost,/home/baguspermana7/Downloads/3DS - Pokemon Sun _ Moon - Miscellaneous - Attack Move Sound Effects.zip,Shadow Sneak.mp3,226198,attack-move-sfx-compressed/ghost/shadow-sneak.ogg,2811,1.157
740,Sharpen,sharpen,normal,/home/baguspermana7/Downloads/3DS - Pokemon Sun _ Moon - Miscellaneous - Attack Move Sound Effects.zip,Sharpen.mp3,225143,attack-move-sfx-compressed/normal/sharpen.ogg,2905,1.157
741,Shattered Psyche part 1,shattered-psyche-part-1,psychic,/home/baguspermana7/Downloads/3DS - Pokemon Sun _ Moon - Miscellaneous - Attack Move Sound Effects.zip,Shattered Psyche part 1.mp3,176065,attack-move-sfx-compressed/psychic/shattered-psyche-part-1.ogg,3211,1.157
742,Shattered Psyche part 2,shattered-psyche-part-2,psychic,/home/baguspermana7/Downloads/3DS - Pokemon Sun _ Moon - Miscellaneous - Attack Move Sound Effects.zip,Shattered Psyche part 2.mp3,411167,attack-move-sfx-compressed/psychic/shattered-psyche-part-2.ogg,2762,1.157
743,Shattered Psyche part 3,shattered-psyche-part-3,psychic,/home/baguspermana7/Downloads/3DS - Pokemon Sun _ Moon - Miscellaneous - Attack Move Sound Effects.zip,Shattered Psyche part 3.mp3,675526,attack-move-sfx-compressed/psychic/shattered-psyche-part-3.ogg,2849,1.157
744,Shattered Psyche,shattered-psyche,psychic,/home/baguspermana7/Downloads/3DS - Pokemon Sun _ Moon - Miscellaneous - Attack Move Sound Effects.zip,Shattered Psyche.mp3,1068394,attack-move-sfx-compressed/psychic/shattered-psyche.ogg,3203,1.157
745,Sheer Cold part 1,sheer-cold-part-1,normal,/home/baguspermana7/Downloads/3DS - Pokemon Sun _ Moon - Miscellaneous - Attack Move Sound Effects.zip,Sheer Cold part 1.mp3,233522,attack-move-sfx-compressed/normal/sheer-cold-part-1.ogg,2734,1.157
746,Sheer Cold,sheer-cold,normal,/home/baguspermana7/Downloads/3DS - Pokemon Sun _ Moon - Miscellaneous - Attack Move Sound Effects.zip,Sheer Cold.mp3,249182,attack-move-sfx-compressed/normal/sheer-cold.ogg,2723,1.157
747,Shell Smash,shell-smash,normal,/home/baguspermana7/Downloads/3DS - Pokemon Sun _ Moon - Miscellaneous - Attack Move Sound Effects.zip,Shell Smash.mp3,201118,attack-move-sfx-compressed/normal/shell-smash.ogg,2755,1.157
748,Shell Trap part 1,shell-trap-part-1,normal,/home/baguspermana7/Downloads/3DS - Pokemon Sun _ Moon - Miscellaneous - Attack Move Sound Effects.zip,Shell Trap part 1.mp3,205863,attack-move-sfx-compressed/normal/shell-trap-part-1.ogg,2764,1.157
749,Shell Trap part 2,shell-trap-part-2,normal,/home/baguspermana7/Downloads/3DS - Pokemon Sun _ Moon - Miscellaneous - Attack Move Sound Effects.zip,Shell Trap part 2.mp3,210534,attack-move-sfx-compressed/normal/shell-trap-part-2.ogg,2809,1.157
750,Shell Trap,shell-trap,normal,/home/baguspermana7/Downloads/3DS - Pokemon Sun _ Moon - Miscellaneous - Attack Move Sound Effects.zip,Shell Trap.mp3,327549,attack-move-sfx-compressed/normal/shell-trap.ogg,2765,1.157
751,Shift Gear,shift-gear,normal,/home/baguspermana7/Downloads/3DS - Pokemon Sun _ Moon - Miscellaneous - Attack Move Sound Effects.zip,Shift Gear.mp3,220969,attack-move-sfx-compressed/normal/shift-gear.ogg,2811,1.157
752,Shock Wave,shock-wave,normal,/home/baguspermana7/Downloads/3DS - Pokemon Sun _ Moon - Miscellaneous - Attack Move Sound Effects.zip,Shock Wave.mp3,208431,attack-move-sfx-compressed/normal/shock-wave.ogg,2782,1.157
753,Shore Up part 1,shore-up-part-1,normal,/home/baguspermana7/Downloads/3DS - Pokemon Sun _ Moon - Miscellaneous - Attack Move Sound Effects.zip,Shore Up part 1.mp3,211575,attack-move-sfx-compressed/normal/shore-up-part-1.ogg,2796,1.157
754,Shore Up,shore-up,normal,/home/baguspermana7/Downloads/3DS - Pokemon Sun _ Moon - Miscellaneous - Attack Move Sound Effects.zip,Shore Up.mp3,300378,attack-move-sfx-compressed/normal/shore-up.ogg,2812,1.157
755,Signal Beam,signal-beam,bug,/home/baguspermana7/Downloads/3DS - Pokemon Sun _ Moon - Miscellaneous - Attack Move Sound Effects.zip,Signal Beam.mp3,215747,attack-move-sfx-compressed/bug/signal-beam.ogg,2767,1.157
756,Silver Wind,silver-wind,normal,/home/baguspermana7/Downloads/3DS - Pokemon Sun _ Moon - Miscellaneous - Attack Move Sound Effects.zip,Silver Wind.mp3,231420,attack-move-sfx-compressed/normal/silver-wind.ogg,2868,1.157
757,Simple Beam part 1,simple-beam-part-1,normal,/home/baguspermana7/Downloads/3DS - Pokemon Sun _ Moon - Miscellaneous - Attack Move Sound Effects.zip,Simple Beam part 1.mp3,235614,attack-move-sfx-compressed/normal/simple-beam-part-1.ogg,2862,1.157
758,Simple Beam,simple-beam,normal,/home/baguspermana7/Downloads/3DS - Pokemon Sun _ Moon - Miscellaneous - Attack Move Sound Effects.zip,Simple Beam.mp3,286800,attack-move-sfx-compressed/normal/simple-beam.ogg,2880,1.157
759,Sing part 1,sing-part-1,normal,/home/baguspermana7/Downloads/3DS - Pokemon Sun _ Moon - Miscellaneous - Attack Move Sound Effects.zip,Sing part 1.mp3,195894,attack-move-sfx-compressed/normal/sing-part-1.ogg,3376,1.157
760,Sing,sing,normal,/home/baguspermana7/Downloads/3DS - Pokemon Sun _ Moon - Miscellaneous - Attack Move Sound Effects.zip,Sing.mp3,308729,attack-move-sfx-compressed/normal/sing.ogg,3387,1.157
761,Sinister Arrow Raid part 1,sinister-arrow-raid-part-1,normal,/home/baguspermana7/Downloads/3DS - Pokemon Sun _ Moon - Miscellaneous - Attack Move Sound Effects.zip,Sinister Arrow Raid part 1.mp3,159352,attack-move-sfx-compressed/normal/sinister-arrow-raid-part-1.ogg,3163,1.157
762,Sinister Arrow Raid part 2,sinister-arrow-raid-part-2,normal,/home/baguspermana7/Downloads/3DS - Pokemon Sun _ Moon - Miscellaneous - Attack Move Sound Effects.zip,Sinister Arrow Raid part 2.mp3,378781,attack-move-sfx-compressed/normal/sinister-arrow-raid-part-2.ogg,2859,1.157
763,Sinister Arrow Raid part 3,sinister-arrow-raid-part-3,normal,/home/baguspermana7/Downloads/3DS - Pokemon Sun _ Moon - Miscellaneous - Attack Move Sound Effects.zip,Sinister Arrow Raid part 3.mp3,769573,attack-move-sfx-compressed/normal/sinister-arrow-raid-part-3.ogg,2941,1.157
764,Sinister Arrow Raid,sinister-arrow-raid,normal,/home/baguspermana7/Downloads/3DS - Pokemon Sun _ Moon - Miscellaneous - Attack Move Sound Effects.zip,Sinister Arrow Raid.mp3,1114375,attack-move-sfx-compressed/normal/sinister-arrow-raid.ogg,3174,1.157
765,Sketch part 1,sketch-part-1,normal,/home/baguspermana7/Downloads/3DS - Pokemon Sun _ Moon - Miscellaneous - Attack Move Sound Effects.zip,Sketch part 1.mp3,190673,attack-move-sfx-compressed/normal/sketch-part-1.ogg,3397,1.157
766,Sketch part 2,sketch-part-2,normal,/home/baguspermana7/Downloads/3DS - Pokemon Sun _ Moon - Miscellaneous - Attack Move Sound Effects.zip,Sketch part 2.mp3,166641,attack-move-sfx-compressed/normal/sketch-part-2.ogg,2659,1.157
767,Sketch,sketch,normal,/home/baguspermana7/Downloads/3DS - Pokemon Sun _ Moon - Miscellaneous - Attack Move Sound Effects.zip,Sketch.mp3,260667,attack-move-sfx-compressed/normal/sketch.ogg,3484,1.157
768,Skill Swap part 1,skill-swap-part-1,normal,/home/baguspermana7/Downloads/3DS - Pokemon Sun _ Moon - Miscellaneous - Attack Move Sound Effects.zip,Skill Swap part 1.mp3,190681,attack-move-sfx-compressed/normal/skill-swap-part-1.ogg,2761,1.157
769,Skill Swap,skill-swap,normal,/home/baguspermana7/Downloads/3DS - Pokemon Sun _ Moon - Miscellaneous - Attack Move Sound Effects.zip,Skill Swap.mp3,392333,attack-move-sfx-compressed/normal/skill-swap.ogg,2757,1.157
770,Skull Bash part 1,skull-bash-part-1,normal,/home/baguspermana7/Downloads/3DS - Pokemon Sun _ Moon - Miscellaneous - Attack Move Sound Effects.zip,Skull Bash part 1.mp3,179187,attack-move-sfx-compressed/normal/skull-bash-part-1.ogg,2695,1.157
771,Skull Bash part 2,skull-bash-part-2,normal,/home/baguspermana7/Downloads/3DS - Pokemon Sun _ Moon - Miscellaneous - Attack Move Sound Effects.zip,Skull Bash part 2.mp3,211579,attack-move-sfx-compressed/normal/skull-bash-part-2.ogg,2794,1.157
772,Skull Bash,skull-bash,normal,/home/baguspermana7/Downloads/3DS - Pokemon Sun _ Moon - Miscellaneous - Attack Move Sound Effects.zip,Skull Bash.mp3,287365,attack-move-sfx-compressed/normal/skull-bash.ogg,2682,1.157
773,Sky Attack part 1,sky-attack-part-1,normal,/home/baguspermana7/Downloads/3DS - Pokemon Sun _ Moon - Miscellaneous - Attack Move Sound Effects.zip,Sky Attack part 1.mp3,274273,attack-move-sfx-compressed/normal/sky-attack-part-1.ogg,2803,1.157
774,Sky Attack part 2,sky-attack-part-2,normal,/home/baguspermana7/Downloads/3DS - Pokemon Sun _ Moon - Miscellaneous - Attack Move Sound Effects.zip,Sky Attack part 2.mp3,246061,attack-move-sfx-compressed/normal/sky-attack-part-2.ogg,2873,1.157
775,Sky Attack,sky-attack,normal,/home/baguspermana7/Downloads/3DS - Pokemon Sun _ Moon - Miscellaneous - Attack Move Sound Effects.zip,Sky Attack.mp3,422635,attack-move-sfx-compressed/normal/sky-attack.ogg,2800,1.157
776,Sky Drop part 1,sky-drop-part-1,normal,/home/baguspermana7/Downloads/3DS - Pokemon Sun _ Moon - Miscellaneous - Attack Move Sound Effects.zip,Sky Drop part 1.mp3,239788,attack-move-sfx-compressed/normal/sky-drop-part-1.ogg,2599,1.157
777,Sky Drop part 2,sky-drop-part-2,normal,/home/baguspermana7/Downloads/3DS - Pokemon Sun _ Moon - Miscellaneous - Attack Move Sound Effects.zip,Sky Drop part 2.mp3,228294,attack-move-sfx-compressed/normal/sky-drop-part-2.ogg,2997,1.157
778,Sky Drop,sky-drop,normal,/home/baguspermana7/Downloads/3DS - Pokemon Sun _ Moon - Miscellaneous - Attack Move Sound Effects.zip,Sky Drop.mp3,370386,attack-move-sfx-compressed/normal/sky-drop.ogg,2631,1.157
779,Sky Uppercut,sky-uppercut,normal,/home/baguspermana7/Downloads/3DS - Pokemon Sun _ Moon - Miscellaneous - Attack Move Sound Effects.zip,Sky Uppercut.mp3,209479,attack-move-sfx-compressed/normal/sky-uppercut.ogg,2982,1.157
780,Slack Off part 1,slack-off-part-1,normal,/home/baguspermana7/Downloads/3DS - Pokemon Sun _ Moon - Miscellaneous - Attack Move Sound Effects.zip,Slack Off part 1.mp3,192769,attack-move-sfx-compressed/normal/slack-off-part-1.ogg,2792,1.157
781,Slack Off,slack-off,normal,/home/baguspermana7/Downloads/3DS - Pokemon Sun _ Moon - Miscellaneous - Attack Move Sound Effects.zip,Slack Off.mp3,287841,attack-move-sfx-compressed/normal/slack-off.ogg,2822,1.157
782,Slam,slam,normal,/home/baguspermana7/Downloads/3DS - Pokemon Sun _ Moon - Miscellaneous - Attack Move Sound Effects.zip,Slam.mp3,178117,attack-move-sfx-compressed/normal/slam.ogg,2792,1.157
783,Slash,slash,normal,/home/baguspermana7/Downloads/3DS - Pokemon Sun _ Moon - Miscellaneous - Attack Move Sound Effects.zip,Slash.mp3,179163,attack-move-sfx-compressed/normal/slash.ogg,2678,1.157
784,Sleep Powder part 1,sleep-powder-part-1,normal,/home/baguspermana7/Downloads/3DS - Pokemon Sun _ Moon - Miscellaneous - Attack Move Sound Effects.zip,Sleep Powder part 1.mp3,204269,attack-move-sfx-compressed/normal/sleep-powder-part-1.ogg,2793,1.157
785,Sleep Powder,sleep-powder,normal,/home/baguspermana7/Downloads/3DS - Pokemon Sun _ Moon - Miscellaneous - Attack Move Sound Effects.zip,Sleep Powder.mp3,264859,attack-move-sfx-compressed/normal/sleep-powder.ogg,2806,1.157
786,Sleep Talk,sleep-talk,normal,/home/baguspermana7/Downloads/3DS - Pokemon Sun _ Moon - Miscellaneous - Attack Move Sound Effects.zip,Sleep Talk.mp3,169769,attack-move-sfx-compressed/normal/sleep-talk.ogg,2793,1.157
787,Sludge Bomb,sludge-bomb,poison,/home/baguspermana7/Downloads/3DS - Pokemon Sun _ Moon - Miscellaneous - Attack Move Sound Effects.zip,Sludge Bomb.mp3,197984,attack-move-sfx-compressed/poison/sludge-bomb.ogg,2794,1.157
788,Sludge Wave,sludge-wave,poison,/home/baguspermana7/Downloads/3DS - Pokemon Sun _ Moon - Miscellaneous - Attack Move Sound Effects.zip,Sludge Wave.mp3,271126,attack-move-sfx-compressed/poison/sludge-wave.ogg,2740,1.157
789,Sludge,sludge,poison,/home/baguspermana7/Downloads/3DS - Pokemon Sun _ Moon - Miscellaneous - Attack Move Sound Effects.zip,Sludge.mp3,202153,attack-move-sfx-compressed/poison/sludge.ogg,2756,1.157
790,Smack Down,smack-down,normal,/home/baguspermana7/Downloads/3DS - Pokemon Sun _ Moon - Miscellaneous - Attack Move Sound Effects.zip,Smack Down.mp3,230373,attack-move-sfx-compressed/normal/smack-down.ogg,2754,1.157
791,Smart Strike part 1,smart-strike-part-1,normal,/home/baguspermana7/Downloads/3DS - Pokemon Sun _ Moon - Miscellaneous - Attack Move Sound Effects.zip,Smart Strike part 1.mp3,170832,attack-move-sfx-compressed/normal/smart-strike-part-1.ogg,2865,1.157
792,Smart Strike part 2,smart-strike-part-2,normal,/home/baguspermana7/Downloads/3DS - Pokemon Sun _ Moon - Miscellaneous - Attack Move Sound Effects.zip,Smart Strike part 2.mp3,172922,attack-move-sfx-compressed/normal/smart-strike-part-2.ogg,2749,1.157
793,Smart Strike,smart-strike,normal,/home/baguspermana7/Downloads/3DS - Pokemon Sun _ Moon - Miscellaneous - Attack Move Sound Effects.zip,Smart Strike.mp3,247096,attack-move-sfx-compressed/normal/smart-strike.ogg,2845,1.157
794,Smelling Salts,smelling-salts,normal,/home/baguspermana7/Downloads/3DS - Pokemon Sun _ Moon - Miscellaneous - Attack Move Sound Effects.zip,Smelling Salts.mp3,138430,attack-move-sfx-compressed/normal/smelling-salts.ogg,2014,0.935
795,Smog,smog,normal,/home/baguspermana7/Downloads/3DS - Pokemon Sun _ Moon - Miscellaneous - Attack Move Sound Effects.zip,Smog.mp3,207374,attack-move-sfx-compressed/normal/smog.ogg,2774,1.157
796,Smokescreen,smokescreen,normal,/home/baguspermana7/Downloads/3DS - Pokemon Sun _ Moon - Miscellaneous - Attack Move Sound Effects.zip,Smokescreen.mp3,189624,attack-move-sfx-compressed/normal/smokescreen.ogg,2789,1.157
797,Snarl,snarl,normal,/home/baguspermana7/Downloads/3DS - Pokemon Sun _ Moon - Miscellaneous - Attack Move Sound Effects.zip,Snarl.mp3,191702,attack-move-sfx-compressed/normal/snarl.ogg,2759,1.157
798,Snatch,snatch,normal,/home/baguspermana7/Downloads/3DS - Pokemon Sun _ Moon - Miscellaneous - Attack Move Sound Effects.zip,Snatch.mp3,187525,attack-move-sfx-compressed/normal/snatch.ogg,2865,1.157
799,Snore,snore,normal,/home/baguspermana7/Downloads/3DS - Pokemon Sun _ Moon - Miscellaneous - Attack Move Sound Effects.zip,Snore.mp3,218870,attack-move-sfx-compressed/normal/snore.ogg,2809,1.157
800,Soak,soak,normal,/home/baguspermana7/Downloads/3DS - Pokemon Sun _ Moon - Miscellaneous - Attack Move Sound Effects.zip,Soak.mp3,258574,attack-move-sfx-compressed/normal/soak.ogg,2799,1.157
801,Soft-Boiled,soft-boiled,normal,/home/baguspermana7/Downloads/3DS - Pokemon Sun _ Moon - Miscellaneous - Attack Move Sound Effects.zip,Soft-Boiled.mp3,300384,attack-move-sfx-compressed/normal/soft-boiled.ogg,2449,1.157
802,Solar Beam part 1,solar-beam-part-1,grass,/home/baguspermana7/Downloads/3DS - Pokemon Sun _ Moon - Miscellaneous - Attack Move Sound Effects.zip,Solar Beam part 1.mp3,177098,attack-move-sfx-compressed/grass/solar-beam-part-1.ogg,2992,1.157
803,Solar Beam part 2,solar-beam-part-2,grass,/home/baguspermana7/Downloads/3DS - Pokemon Sun _ Moon - Miscellaneous - Attack Move Sound Effects.zip,Solar Beam part 2.mp3,376673,attack-move-sfx-compressed/grass/solar-beam-part-2.ogg,2805,1.157
804,Solar Beam,solar-beam,grass,/home/baguspermana7/Downloads/3DS - Pokemon Sun _ Moon - Miscellaneous - Attack Move Sound Effects.zip,Solar Beam.mp3,456071,attack-move-sfx-compressed/grass/solar-beam.ogg,2993,1.157
805,Solar Blade part 1,solar-blade-part-1,grass,/home/baguspermana7/Downloads/3DS - Pokemon Sun _ Moon - Miscellaneous - Attack Move Sound Effects.zip,Solar Blade part 1.mp3,182324,attack-move-sfx-compressed/grass/solar-blade-part-1.ogg,2945,1.157
806,Solar Blade part 2,solar-blade-part-2,grass,/home/baguspermana7/Downloads/3DS - Pokemon Sun _ Moon - Miscellaneous - Attack Move Sound Effects.zip,Solar Blade part 2.mp3,351598,attack-move-sfx-compressed/grass/solar-blade-part-2.ogg,2787,1.157
807,Solar Blade,solar-blade,grass,/home/baguspermana7/Downloads/3DS - Pokemon Sun _ Moon - Miscellaneous - Attack Move Sound Effects.zip,Solar Blade.mp3,437265,attack-move-sfx-compressed/grass/solar-blade.ogg,2946,1.157
808,Sonic Boom,sonic-boom,normal,/home/baguspermana7/Downloads/3DS - Pokemon Sun _ Moon - Miscellaneous - Attack Move Sound Effects.zip,Sonic Boom.mp3,183353,attack-move-sfx-compressed/normal/sonic-boom.ogg,2750,1.157
809,Soul-Stealing 7-Star Strike part 1,soul-stealing-7-star-strike-part-1,normal,/home/baguspermana7/Downloads/3DS - Pokemon Sun _ Moon - Miscellaneous - Attack Move Sound Effects.zip,Soul-Stealing 7-Star Strike part 1.mp3,159368,attack-move-sfx-compressed/normal/soul-stealing-7-star-strike-part-1.ogg,3127,1.157
810,Soul-Stealing 7-Star Strike part 2,soul-stealing-7-star-strike-part-2,normal,/home/baguspermana7/Downloads/3DS - Pokemon Sun _ Moon - Miscellaneous - Attack Move Sound Effects.zip,Soul-Stealing 7-Star Strike part 2.mp3,393426,attack-move-sfx-compressed/normal/soul-stealing-7-star-strike-part-2.ogg,2857,1.157
811,Soul-Stealing 7-Star Strike part 3,soul-stealing-7-star-strike-part-3,normal,/home/baguspermana7/Downloads/3DS - Pokemon Sun _ Moon - Miscellaneous - Attack Move Sound Effects.zip,Soul-Stealing 7-Star Strike part 3.mp3,770634,attack-move-sfx-compressed/normal/soul-stealing-7-star-strike-part-3.ogg,2712,1.157
812,Soul-Stealing 7-Star Strike,soul-stealing-7-star-strike,normal,/home/baguspermana7/Downloads/3DS - Pokemon Sun _ Moon - Miscellaneous - Attack Move Sound Effects.zip,Soul-Stealing 7-Star Strike.mp3,1129020,attack-move-sfx-compressed/normal/soul-stealing-7-star-strike.ogg,3134,1.157
813,Spacial Rend part 1,spacial-rend-part-1,normal,/home/baguspermana7/Downloads/3DS - Pokemon Sun _ Moon - Miscellaneous - Attack Move Sound Effects.zip,Spacial Rend part 1.mp3,181281,attack-move-sfx-compressed/normal/spacial-rend-part-1.ogg,2818,1.157
814,Spacial Rend part 2,spacial-rend-part-2,normal,/home/baguspermana7/Downloads/3DS - Pokemon Sun _ Moon - Miscellaneous - Attack Move Sound Effects.zip,Spacial Rend part 2.mp3,222032,attack-move-sfx-compressed/normal/spacial-rend-part-2.ogg,2680,1.157
815,Spacial Rend,spacial-rend,normal,/home/baguspermana7/Downloads/3DS - Pokemon Sun _ Moon - Miscellaneous - Attack Move Sound Effects.zip,Spacial Rend.mp3,306655,attack-move-sfx-compressed/normal/spacial-rend.ogg,2789,1.157
816,Spark,spark,electric,/home/baguspermana7/Downloads/3DS - Pokemon Sun _ Moon - Miscellaneous - Attack Move Sound Effects.zip,Spark.mp3,193792,attack-move-sfx-compressed/electric/spark.ogg,2762,1.157
817,Sparkling Aria,sparkling-aria,electric,/home/baguspermana7/Downloads/3DS - Pokemon Sun _ Moon - Miscellaneous - Attack Move Sound Effects.zip,Sparkling Aria.mp3,334871,attack-move-sfx-compressed/electric/sparkling-aria.ogg,2865,1.157
818,Spectral Thief,spectral-thief,dark,/home/baguspermana7/Downloads/3DS - Pokemon Sun _ Moon - Miscellaneous - Attack Move Sound Effects.zip,Spectral Thief.mp3,260683,attack-move-sfx-compressed/dark/spectral-thief.ogg,2781,1.157
819,Speed Swap,speed-swap,normal,/home/baguspermana7/Downloads/3DS - Pokemon Sun _ Moon - Miscellaneous - Attack Move Sound Effects.zip,Speed Swap.mp3,205296,attack-move-sfx-compressed/normal/speed-swap.ogg,2665,1.157
820,Spider Web,spider-web,normal,/home/baguspermana7/Downloads/3DS - Pokemon Sun _ Moon - Miscellaneous - Attack Move Sound Effects.zip,Spider Web.mp3,257541,attack-move-sfx-compressed/normal/spider-web.ogg,2900,1.157
821,Spike Cannon 1hit,spike-cannon-1hit,normal,/home/baguspermana7/Downloads/3DS - Pokemon Sun _ Moon - Miscellaneous - Attack Move Sound Effects.zip,Spike Cannon 1hit.mp3,152020,attack-move-sfx-compressed/normal/spike-cannon-1hit.ogg,2693,1.157
822,Spike Cannon 2hits,spike-cannon-2hits,normal,/home/baguspermana7/Downloads/3DS - Pokemon Sun _ Moon - Miscellaneous - Attack Move Sound Effects.zip,Spike Cannon 2hits.mp3,242928,attack-move-sfx-compressed/normal/spike-cannon-2hits.ogg,2698,1.157
823,Spikes,spikes,normal,/home/baguspermana7/Downloads/3DS - Pokemon Sun _ Moon - Miscellaneous - Attack Move Sound Effects.zip,Spikes.mp3,214692,attack-move-sfx-compressed/normal/spikes.ogg,2405,1.157
824,Spiky Shield,spiky-shield,normal,/home/baguspermana7/Downloads/3DS - Pokemon Sun _ Moon - Miscellaneous - Attack Move Sound Effects.zip,Spiky Shield.mp3,146786,attack-move-sfx-compressed/normal/spiky-shield.ogg,2447,1.135
825,Spirit Shackle,spirit-shackle,normal,/home/baguspermana7/Downloads/3DS - Pokemon Sun _ Moon - Miscellaneous - Attack Move Sound Effects.zip,Spirit Shackle.mp3,313973,attack-move-sfx-compressed/normal/spirit-shackle.ogg,2797,1.157
826,Spit Up,spit-up,normal,/home/baguspermana7/Downloads/3DS - Pokemon Sun _ Moon - Miscellaneous - Attack Move Sound Effects.zip,Spit Up.mp3,190661,attack-move-sfx-compressed/normal/spit-up.ogg,2736,1.157
827,Spite,spite,normal,/home/baguspermana7/Downloads/3DS - Pokemon Sun _ Moon - Miscellaneous - Attack Move Sound Effects.zip,Spite.mp3,298282,attack-move-sfx-compressed/normal/spite.ogg,2720,1.157
828,Splash,splash,normal,/home/baguspermana7/Downloads/3DS - Pokemon Sun _ Moon - Miscellaneous - Attack Move Sound Effects.zip,Splash.mp3,167672,attack-move-sfx-compressed/normal/splash.ogg,2624,1.157
829,Splintered Stormshards part 1,splintered-stormshards-part-1,normal,/home/baguspermana7/Downloads/3DS - Pokemon Sun _ Moon - Miscellaneous - Attack Move Sound Effects.zip,Splintered Stormshards part 1.mp3,163538,attack-move-sfx-compressed/normal/splintered-stormshards-part-1.ogg,3234,1.157
830,Splintered Stormshards part 2,splintered-stormshards-part-2,normal,/home/baguspermana7/Downloads/3DS - Pokemon Sun _ Moon - Miscellaneous - Attack Move Sound Effects.zip,Splintered Stormshards part 2.mp3,390281,attack-move-sfx-compressed/normal/splintered-stormshards-part-2.ogg,2792,1.157
831,Splintered Stormshards part 3,splintered-stormshards-part-3,normal,/home/baguspermana7/Downloads/3DS - Pokemon Sun _ Moon - Miscellaneous - Attack Move Sound Effects.zip,Splintered Stormshards part 3.mp3,1126934,attack-move-sfx-compressed/normal/splintered-stormshards-part-3.ogg,2853,1.157
832,Splintered Stormshards,splintered-stormshards,normal,/home/baguspermana7/Downloads/3DS - Pokemon Sun _ Moon - Miscellaneous - Attack Move Sound Effects.zip,Splintered Stormshards.mp3,1486365,attack-move-sfx-compressed/normal/splintered-stormshards.ogg,3250,1.157
833,Spore part 1,spore-part-1,normal,/home/baguspermana7/Downloads/3DS - Pokemon Sun _ Moon - Miscellaneous - Attack Move Sound Effects.zip,Spore part 1.mp3,216794,attack-move-sfx-compressed/normal/spore-part-1.ogg,2315,1.157
834,Spore,spore,normal,/home/baguspermana7/Downloads/3DS - Pokemon Sun _ Moon - Miscellaneous - Attack Move Sound Effects.zip,Spore.mp3,277384,attack-move-sfx-compressed/normal/spore.ogg,2304,1.157
835,Spotlight,spotlight,normal,/home/baguspermana7/Downloads/3DS - Pokemon Sun _ Moon - Miscellaneous - Attack Move Sound Effects.zip,Spotlight.mp3,258584,attack-move-sfx-compressed/normal/spotlight.ogg,2792,1.157
836,Stat Fall Down,stat-fall-down,normal,/home/baguspermana7/Downloads/3DS - Pokemon Sun _ Moon - Miscellaneous - Attack Move Sound Effects.zip,Stat Fall Down.mp3,187541,attack-move-sfx-compressed/normal/stat-fall-down.ogg,2854,1.157
837,Stat Rise Up,stat-rise-up,normal,/home/baguspermana7/Downloads/3DS - Pokemon Sun _ Moon - Miscellaneous - Attack Move Sound Effects.zip,Stat Rise Up.mp3,177088,attack-move-sfx-compressed/normal/stat-rise-up.ogg,2813,1.157
838,Status Burned,status-burned,fire,/home/baguspermana7/Downloads/3DS - Pokemon Sun _ Moon - Miscellaneous - Attack Move Sound Effects.zip,Status Burned.mp3,127979,attack-move-sfx-compressed/fire/status-burned.ogg,1644,0.771
839,Status Confused,status-confused,normal,/home/baguspermana7/Downloads/3DS - Pokemon Sun _ Moon - Miscellaneous - Attack Move Sound Effects.zip,Status Confused.mp3,170824,attack-move-sfx-compressed/normal/status-confused.ogg,1872,1.157
840,Status Frozen,status-frozen,normal,/home/baguspermana7/Downloads/3DS - Pokemon Sun _ Moon - Miscellaneous - Attack Move Sound Effects.zip,Status Frozen.mp3,143653,attack-move-sfx-compressed/normal/status-frozen.ogg,2387,1.043
841,Status Paralyzed,status-paralyzed,normal,/home/baguspermana7/Downloads/3DS - Pokemon Sun _ Moon - Miscellaneous - Attack Move Sound Effects.zip,Status Paralyzed.mp3,170826,attack-move-sfx-compressed/normal/status-paralyzed.ogg,2754,1.157
842,Status Poisoned,status-poisoned,poison,/home/baguspermana7/Downloads/3DS - Pokemon Sun _ Moon - Miscellaneous - Attack Move Sound Effects.zip,Status Poisoned.mp3,177094,attack-move-sfx-compressed/poison/status-poisoned.ogg,2845,1.157
843,Status Sleep,status-sleep,normal,/home/baguspermana7/Downloads/3DS - Pokemon Sun _ Moon - Miscellaneous - Attack Move Sound Effects.zip,Status Sleep.mp3,161414,attack-move-sfx-compressed/normal/status-sleep.ogg,2531,1.157
844,Stealth Rock,stealth-rock,rock,/home/baguspermana7/Downloads/3DS - Pokemon Sun _ Moon - Miscellaneous - Attack Move Sound Effects.zip,Stealth Rock.mp3,209479,attack-move-sfx-compressed/rock/stealth-rock.ogg,2758,1.157
845,Steam Eruption,steam-eruption,normal,/home/baguspermana7/Downloads/3DS - Pokemon Sun _ Moon - Miscellaneous - Attack Move Sound Effects.zip,Steam Eruption.mp3,309794,attack-move-sfx-compressed/normal/steam-eruption.ogg,2764,1.157
846,Steamroller,steamroller,normal,/home/baguspermana7/Downloads/3DS - Pokemon Sun _ Moon - Miscellaneous - Attack Move Sound Effects.zip,Steamroller.mp3,225151,attack-move-sfx-compressed/normal/steamroller.ogg,2756,1.157
847,Steel Wing,steel-wing,steel,/home/baguspermana7/Downloads/3DS - Pokemon Sun _ Moon - Miscellaneous - Attack Move Sound Effects.zip,Steel Wing.mp3,212610,attack-move-sfx-compressed/steel/steel-wing.ogg,2732,1.157
848,Sticky Web,sticky-web,normal,/home/baguspermana7/Downloads/3DS - Pokemon Sun _ Moon - Miscellaneous - Attack Move Sound Effects.zip,Sticky Web.mp3,208431,attack-move-sfx-compressed/normal/sticky-web.ogg,2970,1.157
849,Stockpile,stockpile,normal,/home/baguspermana7/Downloads/3DS - Pokemon Sun _ Moon - Miscellaneous - Attack Move Sound Effects.zip,Stockpile.mp3,189620,attack-move-sfx-compressed/normal/stockpile.ogg,2732,1.157
850,Stoked Sparksurfer part 1,stoked-sparksurfer-part-1,electric,/home/baguspermana7/Downloads/3DS - Pokemon Sun _ Moon - Miscellaneous - Attack Move Sound Effects.zip,Stoked Sparksurfer part 1.mp3,162485,attack-move-sfx-compressed/electric/stoked-sparksurfer-part-1.ogg,3249,1.157
851,Stoked Sparksurfer part 2,stoked-sparksurfer-part-2,electric,/home/baguspermana7/Downloads/3DS - Pokemon Sun _ Moon - Miscellaneous - Attack Move Sound Effects.zip,Stoked Sparksurfer part 2.mp3,372510,attack-move-sfx-compressed/electric/stoked-sparksurfer-part-2.ogg,3143,1.157
852,Stoked Sparksurfer part 3,stoked-sparksurfer-part-3,electric,/home/baguspermana7/Downloads/3DS - Pokemon Sun _ Moon - Miscellaneous - Attack Move Sound Effects.zip,Stoked Sparksurfer part 3.mp3,698518,attack-move-sfx-compressed/electric/stoked-sparksurfer-part-3.ogg,2033,1.157
853,Stoked Sparksurfer,stoked-sparksurfer,electric,/home/baguspermana7/Downloads/3DS - Pokemon Sun _ Moon - Miscellaneous - Attack Move Sound Effects.zip,Stoked Sparksurfer.mp3,1039140,attack-move-sfx-compressed/electric/stoked-sparksurfer.ogg,3247,1.157
854,Stomp,stomp,normal,/home/baguspermana7/Downloads/3DS - Pokemon Sun _ Moon - Miscellaneous - Attack Move Sound Effects.zip,Stomp.mp3,150951,attack-move-sfx-compressed/normal/stomp.ogg,2592,1.157
855,Stomping Tantrum,stomping-tantrum,normal,/home/baguspermana7/Downloads/3DS - Pokemon Sun _ Moon - Miscellaneous - Attack Move Sound Effects.zip,Stomping Tantrum.mp3,238745,attack-move-sfx-compressed/normal/stomping-tantrum.ogg,2705,1.157
856,Stone Edge,stone-edge,rock,/home/baguspermana7/Downloads/3DS - Pokemon Sun _ Moon - Miscellaneous - Attack Move Sound Effects.zip,Stone Edge.mp3,197982,attack-move-sfx-compressed/rock/stone-edge.ogg,2756,1.157
857,Stored Power,stored-power,normal,/home/baguspermana7/Downloads/3DS - Pokemon Sun _ Moon - Miscellaneous - Attack Move Sound Effects.zip,Stored Power.mp3,226198,attack-move-sfx-compressed/normal/stored-power.ogg,2683,1.157
858,Storm Throw,storm-throw,normal,/home/baguspermana7/Downloads/3DS - Pokemon Sun _ Moon - Miscellaneous - Attack Move Sound Effects.zip,Storm Throw.mp3,206343,attack-move-sfx-compressed/normal/storm-throw.ogg,2807,1.157
859,Strength,strength,normal,/home/baguspermana7/Downloads/3DS - Pokemon Sun _ Moon - Miscellaneous - Attack Move Sound Effects.zip,Strength.mp3,227235,attack-move-sfx-compressed/normal/strength.ogg,2783,1.157
860,String Shot,string-shot,bug,/home/baguspermana7/Downloads/3DS - Pokemon Sun _ Moon - Miscellaneous - Attack Move Sound Effects.zip,String Shot.mp3,206343,attack-move-sfx-compressed/bug/string-shot.ogg,2791,1.157
861,Struggle Bug,struggle-bug,bug,/home/baguspermana7/Downloads/3DS - Pokemon Sun _ Moon - Miscellaneous - Attack Move Sound Effects.zip,Struggle Bug.mp3,222018,attack-move-sfx-compressed/bug/struggle-bug.ogg,2851,1.157
862,Struggle,struggle,normal,/home/baguspermana7/Downloads/3DS - Pokemon Sun _ Moon - Miscellaneous - Attack Move Sound Effects.zip,Struggle.mp3,172900,attack-move-sfx-compressed/normal/struggle.ogg,2746,1.157
863,Stun Spore,stun-spore,normal,/home/baguspermana7/Downloads/3DS - Pokemon Sun _ Moon - Miscellaneous - Attack Move Sound Effects.zip,Stun Spore.mp3,205296,attack-move-sfx-compressed/normal/stun-spore.ogg,2732,1.157
864,Submission,submission,normal,/home/baguspermana7/Downloads/3DS - Pokemon Sun _ Moon - Miscellaneous - Attack Move Sound Effects.zip,Submission.mp3,237688,attack-move-sfx-compressed/normal/submission.ogg,2852,1.157
865,Substitute,substitute,normal,/home/baguspermana7/Downloads/3DS - Pokemon Sun _ Moon - Miscellaneous - Attack Move Sound Effects.zip,Substitute.mp3,149916,attack-move-sfx-compressed/normal/substitute.ogg,2579,1.157
866,Subzero Slammer part 1,subzero-slammer-part-1,normal,/home/baguspermana7/Downloads/3DS - Pokemon Sun _ Moon - Miscellaneous - Attack Move Sound Effects.zip,Subzero Slammer part 1.mp3,147850,attack-move-sfx-compressed/normal/subzero-slammer-part-1.ogg,3187,1.151
867,Subzero Slammer part 2,subzero-slammer-part-2,normal,/home/baguspermana7/Downloads/3DS - Pokemon Sun _ Moon - Miscellaneous - Attack Move Sound Effects.zip,Subzero Slammer part 2.mp3,438332,attack-move-sfx-compressed/normal/subzero-slammer-part-2.ogg,2949,1.157
868,Subzero Slammer part 3,subzero-slammer-part-3,normal,/home/baguspermana7/Downloads/3DS - Pokemon Sun _ Moon - Miscellaneous - Attack Move Sound Effects.zip,Subzero Slammer part 3.mp3,665075,attack-move-sfx-compressed/normal/subzero-slammer-part-3.ogg,2901,1.157
869,Subzero Slammer,subzero-slammer,normal,/home/baguspermana7/Downloads/3DS - Pokemon Sun _ Moon - Miscellaneous - Attack Move Sound Effects.zip,Subzero Slammer.mp3,1056898,attack-move-sfx-compressed/normal/subzero-slammer.ogg,3216,1.157
870,Sucker Punch,sucker-punch,dark,/home/baguspermana7/Downloads/3DS - Pokemon Sun _ Moon - Miscellaneous - Attack Move Sound Effects.zip,Sucker Punch.mp3,170818,attack-move-sfx-compressed/dark/sucker-punch.ogg,2653,1.157
871,Sunny Day,sunny-day,normal,/home/baguspermana7/Downloads/3DS - Pokemon Sun _ Moon - Miscellaneous - Attack Move Sound Effects.zip,Sunny Day.mp3,349490,attack-move-sfx-compressed/normal/sunny-day.ogg,2739,1.157
872,Sunsteel Strike,sunsteel-strike,steel,/home/baguspermana7/Downloads/3DS - Pokemon Sun _ Moon - Miscellaneous - Attack Move Sound Effects.zip,Sunsteel Strike.mp3,322334,attack-move-sfx-compressed/steel/sunsteel-strike.ogg,2821,1.157
873,Super Fang,super-fang,normal,/home/baguspermana7/Downloads/3DS - Pokemon Sun _ Moon - Miscellaneous - Attack Move Sound Effects.zip,Super Fang.mp3,208431,attack-move-sfx-compressed/normal/super-fang.ogg,2731,1.157
874,Superpower,superpower,normal,/home/baguspermana7/Downloads/3DS - Pokemon Sun _ Moon - Miscellaneous - Attack Move Sound Effects.zip,Superpower.mp3,225149,attack-move-sfx-compressed/normal/superpower.ogg,2789,1.157
875,Supersonic part 1,supersonic-part-1,normal,/home/baguspermana7/Downloads/3DS - Pokemon Sun _ Moon - Miscellaneous - Attack Move Sound Effects.zip,Supersonic part 1.mp3,216804,attack-move-sfx-compressed/normal/supersonic-part-1.ogg,2904,1.157
876,Supersonic Skystrike part 1,supersonic-skystrike-part-1,normal,/home/baguspermana7/Downloads/3DS - Pokemon Sun _ Moon - Miscellaneous - Attack Move Sound Effects.zip,Supersonic Skystrike part 1.mp3,163534,attack-move-sfx-compressed/normal/supersonic-skystrike-part-1.ogg,3155,1.157
877,Supersonic Skystrike part 2,supersonic-skystrike-part-2,normal,/home/baguspermana7/Downloads/3DS - Pokemon Sun _ Moon - Miscellaneous - Attack Move Sound Effects.zip,Supersonic Skystrike part 2.mp3,422669,attack-move-sfx-compressed/normal/supersonic-skystrike-part-2.ogg,2766,1.157
878,Supersonic Skystrike part 3,supersonic-skystrike-part-3,normal,/home/baguspermana7/Downloads/3DS - Pokemon Sun _ Moon - Miscellaneous - Attack Move Sound Effects.zip,Supersonic Skystrike part 3.mp3,633738,attack-move-sfx-compressed/normal/supersonic-skystrike-part-3.ogg,2946,1.157
879,Supersonic Skystrike,supersonic-skystrike,normal,/home/baguspermana7/Downloads/3DS - Pokemon Sun _ Moon - Miscellaneous - Attack Move Sound Effects.zip,Supersonic Skystrike.mp3,1026606,attack-move-sfx-compressed/normal/supersonic-skystrike.ogg,3154,1.157
880,Supersonic,supersonic,normal,/home/baguspermana7/Downloads/3DS - Pokemon Sun _ Moon - Miscellaneous - Attack Move Sound Effects.zip,Supersonic.mp3,287843,attack-move-sfx-compressed/normal/supersonic.ogg,2884,1.157
881,Surf,surf,water,/home/baguspermana7/Downloads/3DS - Pokemon Sun _ Moon - Miscellaneous - Attack Move Sound Effects.zip,Surf.mp3,310819,attack-move-sfx-compressed/water/surf.ogg,2777,1.157
882,Swagger,swagger,normal,/home/baguspermana7/Downloads/3DS - Pokemon Sun _ Moon - Miscellaneous - Attack Move Sound Effects.zip,Swagger.mp3,193796,attack-move-sfx-compressed/normal/swagger.ogg,2767,1.157
883,Swallow part 1,swallow-part-1,normal,/home/baguspermana7/Downloads/3DS - Pokemon Sun _ Moon - Miscellaneous - Attack Move Sound Effects.zip,Swallow part 1.mp3,223067,attack-move-sfx-compressed/normal/swallow-part-1.ogg,2795,1.157
884,Swallow,swallow,normal,/home/baguspermana7/Downloads/3DS - Pokemon Sun _ Moon - Miscellaneous - Attack Move Sound Effects.zip,Swallow.mp3,313959,attack-move-sfx-compressed/normal/swallow.ogg,2774,1.157
885,Sweet Kiss part 1,sweet-kiss-part-1,fairy,/home/baguspermana7/Downloads/3DS - Pokemon Sun _ Moon - Miscellaneous - Attack Move Sound Effects.zip,Sweet Kiss part 1.mp3,240836,attack-move-sfx-compressed/fairy/sweet-kiss-part-1.ogg,3050,1.157
886,Sweet Kiss,sweet-kiss,fairy,/home/baguspermana7/Downloads/3DS - Pokemon Sun _ Moon - Miscellaneous - Attack Move Sound Effects.zip,Sweet Kiss.mp3,308741,attack-move-sfx-compressed/fairy/sweet-kiss.ogg,3034,1.157
887,Sweet Scent,sweet-scent,normal,/home/baguspermana7/Downloads/3DS - Pokemon Sun _ Moon - Miscellaneous - Attack Move Sound Effects.zip,Sweet Scent.mp3,228286,attack-move-sfx-compressed/normal/sweet-scent.ogg,3357,1.157
888,Swift,swift,normal,/home/baguspermana7/Downloads/3DS - Pokemon Sun _ Moon - Miscellaneous - Attack Move Sound Effects.zip,Swift.mp3,187523,attack-move-sfx-compressed/normal/swift.ogg,2802,1.157
889,Switcheroo,switcheroo,normal,/home/baguspermana7/Downloads/3DS - Pokemon Sun _ Moon - Miscellaneous - Attack Move Sound Effects.zip,Switcheroo.mp3,260675,attack-move-sfx-compressed/normal/switcheroo.ogg,2767,1.157
890,Swords Dance,swords-dance,normal,/home/baguspermana7/Downloads/3DS - Pokemon Sun _ Moon - Miscellaneous - Attack Move Sound Effects.zip,Swords Dance.mp3,264859,attack-move-sfx-compressed/normal/swords-dance.ogg,2799,1.157
891,Synchronoise,synchronoise,normal,/home/baguspermana7/Downloads/3DS - Pokemon Sun _ Moon - Miscellaneous - Attack Move Sound Effects.zip,Synchronoise.mp3,213659,attack-move-sfx-compressed/normal/synchronoise.ogg,2799,1.157
892,Synthesis part 1,synthesis-part-1,normal,/home/baguspermana7/Downloads/3DS - Pokemon Sun _ Moon - Miscellaneous - Attack Move Sound Effects.zip,Synthesis part 1.mp3,248149,attack-move-sfx-compressed/normal/synthesis-part-1.ogg,2830,1.157
893,Synthesis part 2,synthesis-part-2,normal,/home/baguspermana7/Downloads/3DS - Pokemon Sun _ Moon - Miscellaneous - Attack Move Sound Effects.zip,Synthesis part 2.mp3,187545,attack-move-sfx-compressed/normal/synthesis-part-2.ogg,2784,1.157
894,Synthesis,synthesis,normal,/home/baguspermana7/Downloads/3DS - Pokemon Sun _ Moon - Miscellaneous - Attack Move Sound Effects.zip,Synthesis.mp3,339041,attack-move-sfx-compressed/normal/synthesis.ogg,2833,1.157
895,Tackle,tackle,normal,/home/baguspermana7/Downloads/3DS - Pokemon Sun _ Moon - Miscellaneous - Attack Move Sound Effects.zip,Tackle.mp3,145729,attack-move-sfx-compressed/normal/tackle.ogg,2443,1.112
896,Tail Glow,tail-glow,normal,/home/baguspermana7/Downloads/3DS - Pokemon Sun _ Moon - Miscellaneous - Attack Move Sound Effects.zip,Tail Glow.mp3,202159,attack-move-sfx-compressed/normal/tail-glow.ogg,2885,1.157
897,Tail Slap 1hit,tail-slap-1hit,normal,/home/baguspermana7/Downloads/3DS - Pokemon Sun _ Moon - Miscellaneous - Attack Move Sound Effects.zip,Tail Slap 1hit.mp3,139475,attack-move-sfx-compressed/normal/tail-slap-1hit.ogg,2066,0.94
898,Tail Slap 2hits,tail-slap-2hits,normal,/home/baguspermana7/Downloads/3DS - Pokemon Sun _ Moon - Miscellaneous - Attack Move Sound Effects.zip,Tail Slap 2hits.mp3,189632,attack-move-sfx-compressed/normal/tail-slap-2hits.ogg,2189,1.157
899,Tail Whip,tail-whip,normal,/home/baguspermana7/Downloads/3DS - Pokemon Sun _ Moon - Miscellaneous - Attack Move Sound Effects.zip,Tail Whip.mp3,168722,attack-move-sfx-compressed/normal/tail-whip.ogg,3360,1.157
900,Tailwind,tailwind,normal,/home/baguspermana7/Downloads/3DS - Pokemon Sun _ Moon - Miscellaneous - Attack Move Sound Effects.zip,Tailwind.mp3,244998,attack-move-sfx-compressed/normal/tailwind.ogg,2804,1.157
901,Take Down,take-down,normal,/home/baguspermana7/Downloads/3DS - Pokemon Sun _ Moon - Miscellaneous - Attack Move Sound Effects.zip,Take Down.mp3,200069,attack-move-sfx-compressed/normal/take-down.ogg,2790,1.157
902,Taunt,taunt,normal,/home/baguspermana7/Downloads/3DS - Pokemon Sun _ Moon - Miscellaneous - Attack Move Sound Effects.zip,Taunt.mp3,231408,attack-move-sfx-compressed/normal/taunt.ogg,2026,1.157
903,Tearful Look,tearful-look,normal,/home/baguspermana7/Downloads/3DS - Pokemon Sun _ Moon - Miscellaneous - Attack Move Sound Effects.zip,Tearful Look.mp3,216794,attack-move-sfx-compressed/normal/tearful-look.ogg,2866,1.157
904,Technoblast,technoblast,normal,/home/baguspermana7/Downloads/3DS - Pokemon Sun _ Moon - Miscellaneous - Attack Move Sound Effects.zip,Technoblast.mp3,254408,attack-move-sfx-compressed/normal/technoblast.ogg,2891,1.157
905,Tectonic Rage part 1,tectonic-rage-part-1,normal,/home/baguspermana7/Downloads/3DS - Pokemon Sun _ Moon - Miscellaneous - Attack Move Sound Effects.zip,Tectonic Rage part 1.mp3,162475,attack-move-sfx-compressed/normal/tectonic-rage-part-1.ogg,3135,1.157
906,Tectonic Rage part 2,tectonic-rage-part-2,normal,/home/baguspermana7/Downloads/3DS - Pokemon Sun _ Moon - Miscellaneous - Attack Move Sound Effects.zip,Tectonic Rage part 2.mp3,424744,attack-move-sfx-compressed/normal/tectonic-rage-part-2.ogg,2799,1.157
907,Tectonic Rage part 3,tectonic-rage-part-3,normal,/home/baguspermana7/Downloads/3DS - Pokemon Sun _ Moon - Miscellaneous - Attack Move Sound Effects.zip,Tectonic Rage part 3.mp3,677610,attack-move-sfx-compressed/normal/tectonic-rage-part-3.ogg,2927,1.157
908,Tectonic Rage,tectonic-rage,normal,/home/baguspermana7/Downloads/3DS - Pokemon Sun _ Moon - Miscellaneous - Attack Move Sound Effects.zip,Tectonic Rage.mp3,1069432,attack-move-sfx-compressed/normal/tectonic-rage.ogg,3174,1.157
909,Teeter Dance part 1,teeter-dance-part-1,normal,/home/baguspermana7/Downloads/3DS - Pokemon Sun _ Moon - Miscellaneous - Attack Move Sound Effects.zip,Teeter Dance part 1.mp3,261738,attack-move-sfx-compressed/normal/teeter-dance-part-1.ogg,2947,1.157
910,Teeter Dance,teeter-dance,normal,/home/baguspermana7/Downloads/3DS - Pokemon Sun _ Moon - Miscellaneous - Attack Move Sound Effects.zip,Teeter Dance.mp3,305610,attack-move-sfx-compressed/normal/teeter-dance.ogg,2951,1.157
911,Telekinesis,telekinesis,normal,/home/baguspermana7/Downloads/3DS - Pokemon Sun _ Moon - Miscellaneous - Attack Move Sound Effects.zip,Telekinesis.mp3,215747,attack-move-sfx-compressed/normal/telekinesis.ogg,2826,1.157
912,Teleport,teleport,psychic,/home/baguspermana7/Downloads/3DS - Pokemon Sun _ Moon - Miscellaneous - Attack Move Sound Effects.zip,Teleport.mp3,213651,attack-move-sfx-compressed/psychic/teleport.ogg,2760,1.157
913,Thief,thief,dark,/home/baguspermana7/Downloads/3DS - Pokemon Sun _ Moon - Miscellaneous - Attack Move Sound Effects.zip,Thief.mp3,163490,attack-move-sfx-compressed/dark/thief.ogg,2806,1.157
914,Thousand Arrows,thousand-arrows,ground,/home/baguspermana7/Downloads/3DS - Pokemon Sun _ Moon - Miscellaneous - Attack Move Sound Effects.zip,Thousand Arrows.mp3,300392,attack-move-sfx-compressed/ground/thousand-arrows.ogg,2821,1.157
915,Thousand Waves,thousand-waves,ground,/home/baguspermana7/Downloads/3DS - Pokemon Sun _ Moon - Miscellaneous - Attack Move Sound Effects.zip,Thousand Waves.mp3,325467,attack-move-sfx-compressed/ground/thousand-waves.ogg,2774,1.157
916,Thrash,thrash,normal,/home/baguspermana7/Downloads/3DS - Pokemon Sun _ Moon - Miscellaneous - Attack Move Sound Effects.zip,Thrash.mp3,202153,attack-move-sfx-compressed/normal/thrash.ogg,2786,1.157
917,Throat Chop,throat-chop,normal,/home/baguspermana7/Downloads/3DS - Pokemon Sun _ Moon - Miscellaneous - Attack Move Sound Effects.zip,Throat Chop.mp3,206343,attack-move-sfx-compressed/normal/throat-chop.ogg,2724,1.157
918,Thunder Fang,thunder-fang,electric,/home/baguspermana7/Downloads/3DS - Pokemon Sun _ Moon - Miscellaneous - Attack Move Sound Effects.zip,Thunder Fang.mp3,187537,attack-move-sfx-compressed/electric/thunder-fang.ogg,2814,1.157
919,Thunder Punch,thunder-punch,electric,/home/baguspermana7/Downloads/3DS - Pokemon Sun _ Moon - Miscellaneous - Attack Move Sound Effects.zip,Thunder Punch.mp3,167686,attack-move-sfx-compressed/electric/thunder-punch.ogg,2758,1.157
920,Thunder Shock,thunder-shock,electric,/home/baguspermana7/Downloads/3DS - Pokemon Sun _ Moon - Miscellaneous - Attack Move Sound Effects.zip,Thunder Shock.mp3,211571,attack-move-sfx-compressed/electric/thunder-shock.ogg,2776,1.157
921,Thunder Wave part 1,thunder-wave-part-1,electric,/home/baguspermana7/Downloads/3DS - Pokemon Sun _ Moon - Miscellaneous - Attack Move Sound Effects.zip,Thunder Wave part 1.mp3,227257,attack-move-sfx-compressed/electric/thunder-wave-part-1.ogg,2692,1.157
922,Thunder Wave,thunder-wave,electric,/home/baguspermana7/Downloads/3DS - Pokemon Sun _ Moon - Miscellaneous - Attack Move Sound Effects.zip,Thunder Wave.mp3,300386,attack-move-sfx-compressed/electric/thunder-wave.ogg,2680,1.157
923,Thunder,thunder,electric,/home/baguspermana7/Downloads/3DS - Pokemon Sun _ Moon - Miscellaneous - Attack Move Sound Effects.zip,Thunder.mp3,321274,attack-move-sfx-compressed/electric/thunder.ogg,2777,1.157
924,Thunderbolt,thunderbolt,electric,/home/baguspermana7/Downloads/3DS - Pokemon Sun _ Moon - Miscellaneous - Attack Move Sound Effects.zip,Thunderbolt.mp3,216792,attack-move-sfx-compressed/electric/thunderbolt.ogg,2796,1.157
925,Tickle,tickle,normal,/home/baguspermana7/Downloads/3DS - Pokemon Sun _ Moon - Miscellaneous - Attack Move Sound Effects.zip,Tickle.mp3,220961,attack-move-sfx-compressed/normal/tickle.ogg,2948,1.157
926,Topsy-Turvy,topsy-turvy,psychic,/home/baguspermana7/Downloads/3DS - Pokemon Sun _ Moon - Miscellaneous - Attack Move Sound Effects.zip,Topsy-Turvy.mp3,238735,attack-move-sfx-compressed/psychic/topsy-turvy.ogg,2888,1.157
927,Torment,torment,normal,/home/baguspermana7/Downloads/3DS - Pokemon Sun _ Moon - Miscellaneous - Attack Move Sound Effects.zip,Torment.mp3,226188,attack-move-sfx-compressed/normal/torment.ogg,2904,1.157
928,Toxic Spikes,toxic-spikes,poison,/home/baguspermana7/Downloads/3DS - Pokemon Sun _ Moon - Miscellaneous - Attack Move Sound Effects.zip,Toxic Spikes.mp3,216794,attack-move-sfx-compressed/poison/toxic-spikes.ogg,2402,1.157
929,Toxic Thread,toxic-thread,poison,/home/baguspermana7/Downloads/3DS - Pokemon Sun _ Moon - Miscellaneous - Attack Move Sound Effects.zip,Toxic Thread.mp3,253365,attack-move-sfx-compressed/poison/toxic-thread.ogg,2820,1.157
930,Toxic,toxic,poison,/home/baguspermana7/Downloads/3DS - Pokemon Sun _ Moon - Miscellaneous - Attack Move Sound Effects.zip,Toxic.mp3,261710,attack-move-sfx-compressed/poison/toxic.ogg,2774,1.157
931,Transform,transform,normal,/home/baguspermana7/Downloads/3DS - Pokemon Sun _ Moon - Miscellaneous - Attack Move Sound Effects.zip,Transform.mp3,177082,attack-move-sfx-compressed/normal/transform.ogg,2882,1.157
932,Tri Attack,tri-attack,normal,/home/baguspermana7/Downloads/3DS - Pokemon Sun _ Moon - Miscellaneous - Attack Move Sound Effects.zip,Tri Attack.mp3,235598,attack-move-sfx-compressed/normal/tri-attack.ogg,2815,1.157
933,Trick Room,trick-room,normal,/home/baguspermana7/Downloads/3DS - Pokemon Sun _ Moon - Miscellaneous - Attack Move Sound Effects.zip,Trick Room.mp3,231418,attack-move-sfx-compressed/normal/trick-room.ogg,2943,1.157
934,Trick-or-Treat,trick-or-treat,normal,/home/baguspermana7/Downloads/3DS - Pokemon Sun _ Moon - Miscellaneous - Attack Move Sound Effects.zip,Trick-or-Treat.mp3,260683,attack-move-sfx-compressed/normal/trick-or-treat.ogg,2850,1.157
935,Trick,trick,normal,/home/baguspermana7/Downloads/3DS - Pokemon Sun _ Moon - Miscellaneous - Attack Move Sound Effects.zip,Trick.mp3,273204,attack-move-sfx-compressed/normal/trick.ogg,2758,1.157
936,Triple Kick 1hit,triple-kick-1hit,fighting,/home/baguspermana7/Downloads/3DS - Pokemon Sun _ Moon - Miscellaneous - Attack Move Sound Effects.zip,Triple Kick 1hit.mp3,129030,attack-move-sfx-compressed/fighting/triple-kick-1hit.ogg,1526,0.697
937,Triple Kick 2hits,triple-kick-2hits,fighting,/home/baguspermana7/Downloads/3DS - Pokemon Sun _ Moon - Miscellaneous - Attack Move Sound Effects.zip,Triple Kick 2hits.mp3,170828,attack-move-sfx-compressed/fighting/triple-kick-2hits.ogg,2017,1.157
938,Triple Kick 3hits,triple-kick-3hits,fighting,/home/baguspermana7/Downloads/3DS - Pokemon Sun _ Moon - Miscellaneous - Attack Move Sound Effects.zip,Triple Kick 3hits.mp3,248151,attack-move-sfx-compressed/fighting/triple-kick-3hits.ogg,1999,1.157
939,Trop Kick,trop-kick,fighting,/home/baguspermana7/Downloads/3DS - Pokemon Sun _ Moon - Miscellaneous - Attack Move Sound Effects.zip,Trop Kick.mp3,185441,attack-move-sfx-compressed/fighting/trop-kick.ogg,2944,1.157
940,Trump Card,trump-card,normal,/home/baguspermana7/Downloads/3DS - Pokemon Sun _ Moon - Miscellaneous - Attack Move Sound Effects.zip,Trump Card.mp3,185443,attack-move-sfx-compressed/normal/trump-card.ogg,2758,1.157
941,Twineedle 1hit,twineedle-1hit,normal,/home/baguspermana7/Downloads/3DS - Pokemon Sun _ Moon - Miscellaneous - Attack Move Sound Effects.zip,Twineedle 1hit.mp3,166643,attack-move-sfx-compressed/normal/twineedle-1hit.ogg,2888,1.157
942,Twineedle 2hits,twineedle-2hits,normal,/home/baguspermana7/Downloads/3DS - Pokemon Sun _ Moon - Miscellaneous - Attack Move Sound Effects.zip,Twineedle 2hits.mp3,283673,attack-move-sfx-compressed/normal/twineedle-2hits.ogg,2877,1.157
943,Twinkle Tackle part 1,twinkle-tackle-part-1,fairy,/home/baguspermana7/Downloads/3DS - Pokemon Sun _ Moon - Miscellaneous - Attack Move Sound Effects.zip,Twinkle Tackle part 1.mp3,168746,attack-move-sfx-compressed/fairy/twinkle-tackle-part-1.ogg,3229,1.157
944,Twinkle Tackle part 2,twinkle-tackle-part-2,fairy,/home/baguspermana7/Downloads/3DS - Pokemon Sun _ Moon - Miscellaneous - Attack Move Sound Effects.zip,Twinkle Tackle part 2.mp3,416387,attack-move-sfx-compressed/fairy/twinkle-tackle-part-2.ogg,2817,1.157
945,Twinkle Tackle part 3,twinkle-tackle-part-3,fairy,/home/baguspermana7/Downloads/3DS - Pokemon Sun _ Moon - Miscellaneous - Attack Move Sound Effects.zip,Twinkle Tackle part 3.mp3,611783,attack-move-sfx-compressed/fairy/twinkle-tackle-part-3.ogg,2978,1.157
946,Twinkle Tackle,twinkle-tackle,fairy,/home/baguspermana7/Downloads/3DS - Pokemon Sun _ Moon - Miscellaneous - Attack Move Sound Effects.zip,Twinkle Tackle.mp3,1002561,attack-move-sfx-compressed/fairy/twinkle-tackle.ogg,3229,1.157
947,Twister,twister,normal,/home/baguspermana7/Downloads/3DS - Pokemon Sun _ Moon - Miscellaneous - Attack Move Sound Effects.zip,Twister.mp3,264849,attack-move-sfx-compressed/normal/twister.ogg,2843,1.157
948,U-turn,u-turn,normal,/home/baguspermana7/Downloads/3DS - Pokemon Sun _ Moon - Miscellaneous - Attack Move Sound Effects.zip,U-turn.mp3,232455,attack-move-sfx-compressed/normal/u-turn.ogg,2776,1.157
949,Uproar,uproar,normal,/home/baguspermana7/Downloads/3DS - Pokemon Sun _ Moon - Miscellaneous - Attack Move Sound Effects.zip,Uproar.mp3,236635,attack-move-sfx-compressed/normal/uproar.ogg,2810,1.157
950,V-create,v-create,normal,/home/baguspermana7/Downloads/3DS - Pokemon Sun _ Moon - Miscellaneous - Attack Move Sound Effects.zip,V-create.mp3,310827,attack-move-sfx-compressed/normal/v-create.ogg,2774,1.157
951,Vacuum Wave,vacuum-wave,normal,/home/baguspermana7/Downloads/3DS - Pokemon Sun _ Moon - Miscellaneous - Attack Move Sound Effects.zip,Vacuum Wave.mp3,162457,attack-move-sfx-compressed/normal/vacuum-wave.ogg,2631,1.157
952,Venom Drench,venom-drench,poison,/home/baguspermana7/Downloads/3DS - Pokemon Sun _ Moon - Miscellaneous - Attack Move Sound Effects.zip,Venom Drench.mp3,229333,attack-move-sfx-compressed/poison/venom-drench.ogg,2738,1.157
953,Venoshock,venoshock,poison,/home/baguspermana7/Downloads/3DS - Pokemon Sun _ Moon - Miscellaneous - Attack Move Sound Effects.zip,Venoshock.mp3,250224,attack-move-sfx-compressed/poison/venoshock.ogg,2819,1.157
954,Vice Grip,vice-grip,ice,/home/baguspermana7/Downloads/3DS - Pokemon Sun _ Moon - Miscellaneous - Attack Move Sound Effects.zip,Vice Grip.mp3,146780,attack-move-sfx-compressed/ice/vice-grip.ogg,2491,1.13
955,Vine Whip,vine-whip,grass,/home/baguspermana7/Downloads/3DS - Pokemon Sun _ Moon - Miscellaneous - Attack Move Sound Effects.zip,Vine Whip.mp3,163498,attack-move-sfx-compressed/grass/vine-whip.ogg,2605,1.157
956,Vital Throw,vital-throw,normal,/home/baguspermana7/Downloads/3DS - Pokemon Sun _ Moon - Miscellaneous - Attack Move Sound Effects.zip,Vital Throw.mp3,179175,attack-move-sfx-compressed/normal/vital-throw.ogg,2856,1.157
957,Volt Switch,volt-switch,electric,/home/baguspermana7/Downloads/3DS - Pokemon Sun _ Moon - Miscellaneous - Attack Move Sound Effects.zip,Volt Switch.mp3,182310,attack-move-sfx-compressed/electric/volt-switch.ogg,2687,1.157
958,Volt Tackle,volt-tackle,normal,/home/baguspermana7/Downloads/3DS - Pokemon Sun _ Moon - Miscellaneous - Attack Move Sound Effects.zip,Volt Tackle.mp3,259633,attack-move-sfx-compressed/normal/volt-tackle.ogg,2775,1.157
959,Wake-Up Slap,wake-up-slap,normal,/home/baguspermana7/Downloads/3DS - Pokemon Sun _ Moon - Miscellaneous - Attack Move Sound Effects.zip,Wake-Up Slap.mp3,197986,attack-move-sfx-compressed/normal/wake-up-slap.ogg,2738,1.157
960,Water Gun,water-gun,water,/home/baguspermana7/Downloads/3DS - Pokemon Sun _ Moon - Miscellaneous - Attack Move Sound Effects.zip,Water Gun.mp3,210518,attack-move-sfx-compressed/water/water-gun.ogg,2733,1.157
961,Water Pledge,water-pledge,water,/home/baguspermana7/Downloads/3DS - Pokemon Sun _ Moon - Miscellaneous - Attack Move Sound Effects.zip,Water Pledge.mp3,180222,attack-move-sfx-compressed/water/water-pledge.ogg,2761,1.157
962,Water Pulse,water-pulse,water,/home/baguspermana7/Downloads/3DS - Pokemon Sun _ Moon - Miscellaneous - Attack Move Sound Effects.zip,Water Pulse.mp3,262767,attack-move-sfx-compressed/water/water-pulse.ogg,2756,1.157
963,Water Shuriken 1hit,water-shuriken-1hit,water,/home/baguspermana7/Downloads/3DS - Pokemon Sun _ Moon - Miscellaneous - Attack Move Sound Effects.zip,Water Shuriken 1hit.mp3,181281,attack-move-sfx-compressed/water/water-shuriken-1hit.ogg,2765,1.157
964,Water Shuriken 2hits,water-shuriken-2hits,water,/home/baguspermana7/Downloads/3DS - Pokemon Sun _ Moon - Miscellaneous - Attack Move Sound Effects.zip,Water Shuriken 2hits.mp3,304581,attack-move-sfx-compressed/water/water-shuriken-2hits.ogg,2781,1.157
965,Water Sport,water-sport,water,/home/baguspermana7/Downloads/3DS - Pokemon Sun _ Moon - Miscellaneous - Attack Move Sound Effects.zip,Water Sport.mp3,304563,attack-move-sfx-compressed/water/water-sport.ogg,2729,1.157
966,Water Spout,water-spout,water,/home/baguspermana7/Downloads/3DS - Pokemon Sun _ Moon - Miscellaneous - Attack Move Sound Effects.zip,Water Spout.mp3,250228,attack-move-sfx-compressed/water/water-spout.ogg,2722,1.157
967,Waterfall,waterfall,water,/home/baguspermana7/Downloads/3DS - Pokemon Sun _ Moon - Miscellaneous - Attack Move Sound Effects.zip,Waterfall.mp3,264853,attack-move-sfx-compressed/water/waterfall.ogg,2768,1.157
968,Weather Ball,weather-ball,normal,/home/baguspermana7/Downloads/3DS - Pokemon Sun _ Moon - Miscellaneous - Attack Move Sound Effects.zip,Weather Ball.mp3,313969,attack-move-sfx-compressed/normal/weather-ball.ogg,2803,1.157
969,Whirlpool turn damage,whirlpool-turn-damage,normal,/home/baguspermana7/Downloads/3DS - Pokemon Sun _ Moon - Miscellaneous - Attack Move Sound Effects.zip,Whirlpool turn damage.mp3,247114,attack-move-sfx-compressed/normal/whirlpool-turn-damage.ogg,2752,1.157
970,Whirlpool,whirlpool,normal,/home/baguspermana7/Downloads/3DS - Pokemon Sun _ Moon - Miscellaneous - Attack Move Sound Effects.zip,Whirlpool.mp3,258584,attack-move-sfx-compressed/normal/whirlpool.ogg,2751,1.157
971,Whirlwind,whirlwind,normal,/home/baguspermana7/Downloads/3DS - Pokemon Sun _ Moon - Miscellaneous - Attack Move Sound Effects.zip,Whirlwind.mp3,218878,attack-move-sfx-compressed/normal/whirlwind.ogg,2770,1.157
972,Wide Guard shield hit,wide-guard-shield-hit,normal,/home/baguspermana7/Downloads/3DS - Pokemon Sun _ Moon - Miscellaneous - Attack Move Sound Effects.zip,Wide Guard shield hit.mp3,123816,attack-move-sfx-compressed/normal/wide-guard-shield-hit.ogg,1284,0.571
973,Wide Guard,wide-guard,normal,/home/baguspermana7/Downloads/3DS - Pokemon Sun _ Moon - Miscellaneous - Attack Move Sound Effects.zip,Wide Guard.mp3,250226,attack-move-sfx-compressed/normal/wide-guard.ogg,2725,1.157
974,Wild Charge,wild-charge,normal,/home/baguspermana7/Downloads/3DS - Pokemon Sun _ Moon - Miscellaneous - Attack Move Sound Effects.zip,Wild Charge.mp3,228286,attack-move-sfx-compressed/normal/wild-charge.ogg,2670,1.157
975,Will-O-Wisp part 1,will-o-wisp-part-1,normal,/home/baguspermana7/Downloads/3DS - Pokemon Sun _ Moon - Miscellaneous - Attack Move Sound Effects.zip,Will-O-Wisp part 1.mp3,247108,attack-move-sfx-compressed/normal/will-o-wisp-part-1.ogg,2712,1.157
976,Will-O-Wisp,will-o-wisp,normal,/home/baguspermana7/Downloads/3DS - Pokemon Sun _ Moon - Miscellaneous - Attack Move Sound Effects.zip,Will-O-Wisp.mp3,278441,attack-move-sfx-compressed/normal/will-o-wisp.ogg,2722,1.157
977,Wing Attack,wing-attack,flying,/home/baguspermana7/Downloads/3DS - Pokemon Sun _ Moon - Miscellaneous - Attack Move Sound Effects.zip,Wing Attack.mp3,157233,attack-move-sfx-compressed/flying/wing-attack.ogg,2583,1.157
978,Wish part 1,wish-part-1,normal,/home/baguspermana7/Downloads/3DS - Pokemon Sun _ Moon - Miscellaneous - Attack Move Sound Effects.zip,Wish part 1.mp3,339045,attack-move-sfx-compressed/normal/wish-part-1.ogg,3186,1.157
979,Wish,wish,normal,/home/baguspermana7/Downloads/3DS - Pokemon Sun _ Moon - Miscellaneous - Attack Move Sound Effects.zip,Wish.mp3,433072,attack-move-sfx-compressed/normal/wish.ogg,3194,1.157
980,Withdraw,withdraw,normal,/home/baguspermana7/Downloads/3DS - Pokemon Sun _ Moon - Miscellaneous - Attack Move Sound Effects.zip,Withdraw.mp3,157227,attack-move-sfx-compressed/normal/withdraw.ogg,2800,1.157
981,Wonder Room,wonder-room,normal,/home/baguspermana7/Downloads/3DS - Pokemon Sun _ Moon - Miscellaneous - Attack Move Sound Effects.zip,Wonder Room.mp3,331731,attack-move-sfx-compressed/normal/wonder-room.ogg,2839,1.157
982,Wood Hammer,wood-hammer,grass,/home/baguspermana7/Downloads/3DS - Pokemon Sun _ Moon - Miscellaneous - Attack Move Sound Effects.zip,Wood Hammer.mp3,237690,attack-move-sfx-compressed/grass/wood-hammer.ogg,2785,1.157
983,Work Up,work-up,normal,/home/baguspermana7/Downloads/3DS - Pokemon Sun _ Moon - Miscellaneous - Attack Move Sound Effects.zip,Work Up.mp3,230367,attack-move-sfx-compressed/normal/work-up.ogg,2725,1.157
984,Worry Seed part 1,worry-seed-part-1,grass,/home/baguspermana7/Downloads/3DS - Pokemon Sun _ Moon - Miscellaneous - Attack Move Sound Effects.zip,Worry Seed part 1.mp3,261734,attack-move-sfx-compressed/grass/worry-seed-part-1.ogg,1848,1.157
985,Worry Seed,worry-seed,grass,/home/baguspermana7/Downloads/3DS - Pokemon Sun _ Moon - Miscellaneous - Attack Move Sound Effects.zip,Worry Seed.mp3,373524,attack-move-sfx-compressed/grass/worry-seed.ogg,1850,1.157
986,Wrap turn damage,wrap-turn-damage,normal,/home/baguspermana7/Downloads/3DS - Pokemon Sun _ Moon - Miscellaneous - Attack Move Sound Effects.zip,Wrap turn damage.mp3,230385,attack-move-sfx-compressed/normal/wrap-turn-damage.ogg,2796,1.157
987,Wrap,wrap,normal,/home/baguspermana7/Downloads/3DS - Pokemon Sun _ Moon - Miscellaneous - Attack Move Sound Effects.zip,Wrap.mp3,230361,attack-move-sfx-compressed/normal/wrap.ogg,2821,1.157
988,Wring Out,wring-out,normal,/home/baguspermana7/Downloads/3DS - Pokemon Sun _ Moon - Miscellaneous - Attack Move Sound Effects.zip,Wring Out.mp3,233506,attack-move-sfx-compressed/normal/wring-out.ogg,2706,1.157
989,X-Scissor,x-scissor,bug,/home/baguspermana7/Downloads/3DS - Pokemon Sun _ Moon - Miscellaneous - Attack Move Sound Effects.zip,X-Scissor.mp3,239776,attack-move-sfx-compressed/bug/x-scissor.ogg,2814,1.157
990,Yawn,yawn,normal,/home/baguspermana7/Downloads/3DS - Pokemon Sun _ Moon - Miscellaneous - Attack Move Sound Effects.zip,Yawn.mp3,219912,attack-move-sfx-compressed/normal/yawn.ogg,2716,1.157
991,Zap Cannon,zap-cannon,electric,/home/baguspermana7/Downloads/3DS - Pokemon Sun _ Moon - Miscellaneous - Attack Move Sound Effects.zip,Zap Cannon.mp3,247092,attack-move-sfx-compressed/electric/zap-cannon.ogg,2762,1.157
992,Zen Headbutt,zen-headbutt,normal,/home/baguspermana7/Downloads/3DS - Pokemon Sun _ Moon - Miscellaneous - Attack Move Sound Effects.zip,Zen Headbutt.mp3,228288,attack-move-sfx-compressed/normal/zen-headbutt.ogg,2876,1.157
993,Zing Zap,zing-zap,electric,/home/baguspermana7/Downloads/3DS - Pokemon Sun _ Moon - Miscellaneous - Attack Move Sound Effects.zip,Zing Zap.mp3,242908,attack-move-sfx-compressed/electric/zing-zap.ogg,2732,1.157
