id,name,slug,generation,region,type,type2,tier,assigned_move,assigned_move_type,assignment_reason,sfx_file,sfx_bytes,source_move_file
1,Bulbasaur,bulbasaur,1,Kanto,grass,poison,1,Vine Whip,grass,signature,pokemon-sfx-by-species/gen-1-kanto/0001_bulbasaur__vine-whip.ogg,2605,attack-move-sfx-compressed/grass/vine-whip.ogg
2,Ivysaur,ivysaur,1,Kanto,grass,poison,2,Razor Leaf,grass,signature,pokemon-sfx-by-species/gen-1-kanto/0002_ivysaur__razor-leaf.ogg,2783,attack-move-sfx-compressed/grass/razor-leaf.ogg
3,Venusaur,venusaur,1,Kanto,grass,poison,3,Frenzy Plant,grass,signature,pokemon-sfx-by-species/gen-1-kanto/0003_venusaur__frenzy-plant.ogg,2724,attack-move-sfx-compressed/grass/frenzy-plant.ogg
4,Charmander,charmander,1,Kanto,fire,,1,Ember,fire,signature,pokemon-sfx-by-species/gen-1-kanto/0004_charmander__ember.ogg,2661,attack-move-sfx-compressed/fire/ember.ogg
5,Charmeleon,charmeleon,1,Kanto,fire,,2,Flamethrower,fire,signature,pokemon-sfx-by-species/gen-1-kanto/0005_charmeleon__flamethrower.ogg,2770,attack-move-sfx-compressed/fire/flamethrower.ogg
6,Charizard,charizard,1,Kanto,fire,flying,3,Blast Burn,fire,signature,pokemon-sfx-by-species/gen-1-kanto/0006_charizard__blast-burn.ogg,2728,attack-move-sfx-compressed/fire/blast-burn.ogg
7,Squirtle,squirtle,1,Kanto,water,,1,Water Gun,water,signature,pokemon-sfx-by-species/gen-1-kanto/0007_squirtle__water-gun.ogg,2733,attack-move-sfx-compressed/water/water-gun.ogg
8,Wartortle,wartortle,1,Kanto,water,,2,Water Pulse,water,signature,pokemon-sfx-by-species/gen-1-kanto/0008_wartortle__water-pulse.ogg,2756,attack-move-sfx-compressed/water/water-pulse.ogg
9,Blastoise,blastoise,1,Kanto,water,,3,Hydro Pump,water,signature,pokemon-sfx-by-species/gen-1-kanto/0009_blastoise__hydro-pump.ogg,2966,attack-move-sfx-compressed/water/hydro-pump.ogg
10,Caterpie,caterpie,1,Kanto,bug,,1,Bug Buzz,bug,type-preferred:bug,pokemon-sfx-by-species/gen-1-kanto/0010_caterpie__bug-buzz.ogg,2806,attack-move-sfx-compressed/bug/bug-buzz.ogg
11,Metapod,metapod,1,Kanto,bug,,2,Bug Buzz,bug,type-preferred:bug,pokemon-sfx-by-species/gen-1-kanto/0011_metapod__bug-buzz.ogg,2806,attack-move-sfx-compressed/bug/bug-buzz.ogg
12,Butterfree,butterfree,1,Kanto,bug,flying,3,Bug Buzz,bug,type-preferred:bug,pokemon-sfx-by-species/gen-1-kanto/0012_butterfree__bug-buzz.ogg,2806,attack-move-sfx-compressed/bug/bug-buzz.ogg
13,Weedle,weedle,1,Kanto,bug,poison,1,Bug Buzz,bug,type-preferred:bug,pokemon-sfx-by-species/gen-1-kanto/0013_weedle__bug-buzz.ogg,2806,attack-move-sfx-compressed/bug/bug-buzz.ogg
14,Kakuna,kakuna,1,Kanto,bug,poison,2,Bug Buzz,bug,type-preferred:bug,pokemon-sfx-by-species/gen-1-kanto/0014_kakuna__bug-buzz.ogg,2806,attack-move-sfx-compressed/bug/bug-buzz.ogg
15,Beedrill,beedrill,1,Kanto,bug,poison,3,Bug Buzz,bug,type-preferred:bug,pokemon-sfx-by-species/gen-1-kanto/0015_beedrill__bug-buzz.ogg,2806,attack-move-sfx-compressed/bug/bug-buzz.ogg
16,Pidgey,pidgey,1,Kanto,normal,flying,1,Hyper Beam,normal,type-preferred:normal,pokemon-sfx-by-species/gen-1-kanto/0016_pidgey__hyper-beam.ogg,2840,attack-move-sfx-compressed/normal/hyper-beam.ogg
17,Pidgeotto,pidgeotto,1,Kanto,normal,flying,2,Hyper Beam,normal,type-preferred:normal,pokemon-sfx-by-species/gen-1-kanto/0017_pidgeotto__hyper-beam.ogg,2840,attack-move-sfx-compressed/normal/hyper-beam.ogg
18,Pidgeot,pidgeot,1,Kanto,normal,flying,3,Hyper Beam,normal,type-preferred:normal,pokemon-sfx-by-species/gen-1-kanto/0018_pidgeot__hyper-beam.ogg,2840,attack-move-sfx-compressed/normal/hyper-beam.ogg
19,Rattata,rattata,1,Kanto,normal,,2,Hyper Beam,normal,type-preferred:normal,pokemon-sfx-by-species/gen-1-kanto/0019_rattata__hyper-beam.ogg,2840,attack-move-sfx-compressed/normal/hyper-beam.ogg
20,Raticate,raticate,1,Kanto,normal,,3,Hyper Beam,normal,type-preferred:normal,pokemon-sfx-by-species/gen-1-kanto/0020_raticate__hyper-beam.ogg,2840,attack-move-sfx-compressed/normal/hyper-beam.ogg
21,Spearow,spearow,1,Kanto,normal,flying,2,Hyper Beam,normal,type-preferred:normal,pokemon-sfx-by-species/gen-1-kanto/0021_spearow__hyper-beam.ogg,2840,attack-move-sfx-compressed/normal/hyper-beam.ogg
22,Fearow,fearow,1,Kanto,normal,flying,3,Hyper Beam,normal,type-preferred:normal,pokemon-sfx-by-species/gen-1-kanto/0022_fearow__hyper-beam.ogg,2840,attack-move-sfx-compressed/normal/hyper-beam.ogg
23,Ekans,ekans,1,Kanto,poison,,2,Sludge Bomb,poison,type-preferred:poison,pokemon-sfx-by-species/gen-1-kanto/0023_ekans__sludge-bomb.ogg,2794,attack-move-sfx-compressed/poison/sludge-bomb.ogg
24,Arbok,arbok,1,Kanto,poison,,3,Sludge Bomb,poison,type-preferred:poison,pokemon-sfx-by-species/gen-1-kanto/0024_arbok__sludge-bomb.ogg,2794,attack-move-sfx-compressed/poison/sludge-bomb.ogg
25,Pikachu,pikachu,1,Kanto,electric,,2,Catastropika,electric,signature,pokemon-sfx-by-species/gen-1-kanto/0025_pikachu__catastropika.ogg,3043,attack-move-sfx-compressed/electric/catastropika.ogg
26,Raichu,raichu,1,Kanto,electric,,3,Thunderbolt,electric,signature,pokemon-sfx-by-species/gen-1-kanto/0026_raichu__thunderbolt.ogg,2796,attack-move-sfx-compressed/electric/thunderbolt.ogg
27,Sandshrew,sandshrew,1,Kanto,ground,,2,Earthquake,ground,type-preferred:ground,pokemon-sfx-by-species/gen-1-kanto/0027_sandshrew__earthquake.ogg,2774,attack-move-sfx-compressed/ground/earthquake.ogg
28,Sandslash,sandslash,1,Kanto,ground,,3,Earthquake,ground,type-preferred:ground,pokemon-sfx-by-species/gen-1-kanto/0028_sandslash__earthquake.ogg,2774,attack-move-sfx-compressed/ground/earthquake.ogg
29,Nidoran-F,nidoran-f,1,Kanto,poison,,1,Sludge Bomb,poison,type-preferred:poison,pokemon-sfx-by-species/gen-1-kanto/0029_nidoran-f__sludge-bomb.ogg,2794,attack-move-sfx-compressed/poison/sludge-bomb.ogg
30,Nidorina,nidorina,1,Kanto,poison,,2,Sludge Bomb,poison,type-preferred:poison,pokemon-sfx-by-species/gen-1-kanto/0030_nidorina__sludge-bomb.ogg,2794,attack-move-sfx-compressed/poison/sludge-bomb.ogg
31,Nidoqueen,nidoqueen,1,Kanto,poison,ground,3,Sludge Bomb,poison,type-preferred:poison,pokemon-sfx-by-species/gen-1-kanto/0031_nidoqueen__sludge-bomb.ogg,2794,attack-move-sfx-compressed/poison/sludge-bomb.ogg
32,Nidoran-M,nidoran-m,1,Kanto,poison,,1,Sludge Bomb,poison,type-preferred:poison,pokemon-sfx-by-species/gen-1-kanto/0032_nidoran-m__sludge-bomb.ogg,2794,attack-move-sfx-compressed/poison/sludge-bomb.ogg
33,Nidorino,nidorino,1,Kanto,poison,,2,Sludge Bomb,poison,type-preferred:poison,pokemon-sfx-by-species/gen-1-kanto/0033_nidorino__sludge-bomb.ogg,2794,attack-move-sfx-compressed/poison/sludge-bomb.ogg
34,Nidoking,nidoking,1,Kanto,poison,ground,3,Sludge Bomb,poison,type-preferred:poison,pokemon-sfx-by-species/gen-1-kanto/0034_nidoking__sludge-bomb.ogg,2794,attack-move-sfx-compressed/poison/sludge-bomb.ogg
35,Clefairy,clefairy,1,Kanto,fairy,,2,Moonblast,fairy,type-preferred:fairy,pokemon-sfx-by-species/gen-1-kanto/0035_clefairy__moonblast.ogg,2861,attack-move-sfx-compressed/fairy/moonblast.ogg
36,Clefable,clefable,1,Kanto,fairy,,3,Moonblast,fairy,type-preferred:fairy,pokemon-sfx-by-species/gen-1-kanto/0036_clefable__moonblast.ogg,2861,attack-move-sfx-compressed/fairy/moonblast.ogg
37,Vulpix,vulpix,1,Kanto,fire,,2,Blast Burn,fire,type-preferred:fire,pokemon-sfx-by-species/gen-1-kanto/0037_vulpix__blast-burn.ogg,2728,attack-move-sfx-compressed/fire/blast-burn.ogg
38,Ninetales,ninetales,1,Kanto,fire,,3,Blast Burn,fire,type-preferred:fire,pokemon-sfx-by-species/gen-1-kanto/0038_ninetales__blast-burn.ogg,2728,attack-move-sfx-compressed/fire/blast-burn.ogg
39,Jigglypuff,jigglypuff,1,Kanto,normal,fairy,2,Disarming Voice,fairy,signature,pokemon-sfx-by-species/gen-1-kanto/0039_jigglypuff__disarming-voice.ogg,3125,attack-move-sfx-compressed/fairy/disarming-voice.ogg
40,Wigglytuff,wigglytuff,1,Kanto,normal,fairy,3,Hyper Beam,normal,type-preferred:normal,pokemon-sfx-by-species/gen-1-kanto/0040_wigglytuff__hyper-beam.ogg,2840,attack-move-sfx-compressed/normal/hyper-beam.ogg
41,Zubat,zubat,1,Kanto,poison,flying,1,Sludge Bomb,poison,type-preferred:poison,pokemon-sfx-by-species/gen-1-kanto/0041_zubat__sludge-bomb.ogg,2794,attack-move-sfx-compressed/poison/sludge-bomb.ogg
42,Golbat,golbat,1,Kanto,poison,flying,1,Sludge Bomb,poison,type-preferred:poison,pokemon-sfx-by-species/gen-1-kanto/0042_golbat__sludge-bomb.ogg,2794,attack-move-sfx-compressed/poison/sludge-bomb.ogg
43,Oddish,oddish,1,Kanto,grass,poison,1,Frenzy Plant,grass,type-preferred:grass,pokemon-sfx-by-species/gen-1-kanto/0043_oddish__frenzy-plant.ogg,2724,attack-move-sfx-compressed/grass/frenzy-plant.ogg
44,Gloom,gloom,1,Kanto,grass,poison,2,Frenzy Plant,grass,type-preferred:grass,pokemon-sfx-by-species/gen-1-kanto/0044_gloom__frenzy-plant.ogg,2724,attack-move-sfx-compressed/grass/frenzy-plant.ogg
45,Vileplume,vileplume,1,Kanto,grass,poison,3,Frenzy Plant,grass,type-preferred:grass,pokemon-sfx-by-species/gen-1-kanto/0045_vileplume__frenzy-plant.ogg,2724,attack-move-sfx-compressed/grass/frenzy-plant.ogg
46,Paras,paras,1,Kanto,bug,grass,2,Bug Buzz,bug,type-preferred:bug,pokemon-sfx-by-species/gen-1-kanto/0046_paras__bug-buzz.ogg,2806,attack-move-sfx-compressed/bug/bug-buzz.ogg
47,Parasect,parasect,1,Kanto,bug,grass,3,Bug Buzz,bug,type-preferred:bug,pokemon-sfx-by-species/gen-1-kanto/0047_parasect__bug-buzz.ogg,2806,attack-move-sfx-compressed/bug/bug-buzz.ogg
48,Venonat,venonat,1,Kanto,bug,poison,2,Bug Buzz,bug,type-preferred:bug,pokemon-sfx-by-species/gen-1-kanto/0048_venonat__bug-buzz.ogg,2806,attack-move-sfx-compressed/bug/bug-buzz.ogg
49,Venomoth,venomoth,1,Kanto,bug,poison,3,Bug Buzz,bug,type-preferred:bug,pokemon-sfx-by-species/gen-1-kanto/0049_venomoth__bug-buzz.ogg,2806,attack-move-sfx-compressed/bug/bug-buzz.ogg
50,Diglett,diglett,1,Kanto,ground,,2,Earthquake,ground,type-preferred:ground,pokemon-sfx-by-species/gen-1-kanto/0050_diglett__earthquake.ogg,2774,attack-move-sfx-compressed/ground/earthquake.ogg
51,Dugtrio,dugtrio,1,Kanto,ground,,3,Earthquake,ground,type-preferred:ground,pokemon-sfx-by-species/gen-1-kanto/0051_dugtrio__earthquake.ogg,2774,attack-move-sfx-compressed/ground/earthquake.ogg
52,Meowth,meowth,1,Kanto,normal,,2,Hyper Beam,normal,type-preferred:normal,pokemon-sfx-by-species/gen-1-kanto/0052_meowth__hyper-beam.ogg,2840,attack-move-sfx-compressed/normal/hyper-beam.ogg
53,Persian,persian,1,Kanto,normal,,3,Hyper Beam,normal,type-preferred:normal,pokemon-sfx-by-species/gen-1-kanto/0053_persian__hyper-beam.ogg,2840,attack-move-sfx-compressed/normal/hyper-beam.ogg
54,Psyduck,psyduck,1,Kanto,water,,2,Hydro Pump,water,type-preferred:water,pokemon-sfx-by-species/gen-1-kanto/0054_psyduck__hydro-pump.ogg,2966,attack-move-sfx-compressed/water/hydro-pump.ogg
55,Golduck,golduck,1,Kanto,water,,3,Hydro Pump,water,type-preferred:water,pokemon-sfx-by-species/gen-1-kanto/0055_golduck__hydro-pump.ogg,2966,attack-move-sfx-compressed/water/hydro-pump.ogg
56,Mankey,mankey,1,Kanto,fighting,,2,Close Combat,fighting,type-preferred:fighting,pokemon-sfx-by-species/gen-1-kanto/0056_mankey__close-combat.ogg,2821,attack-move-sfx-compressed/fighting/close-combat.ogg
57,Primeape,primeape,1,Kanto,fighting,,3,Close Combat,fighting,type-preferred:fighting,pokemon-sfx-by-species/gen-1-kanto/0057_primeape__close-combat.ogg,2821,attack-move-sfx-compressed/fighting/close-combat.ogg
58,Growlithe,growlithe,1,Kanto,fire,,2,Blast Burn,fire,type-preferred:fire,pokemon-sfx-by-species/gen-1-kanto/0058_growlithe__blast-burn.ogg,2728,attack-move-sfx-compressed/fire/blast-burn.ogg
59,Arcanine,arcanine,1,Kanto,fire,,3,Blast Burn,fire,type-preferred:fire,pokemon-sfx-by-species/gen-1-kanto/0059_arcanine__blast-burn.ogg,2728,attack-move-sfx-compressed/fire/blast-burn.ogg
60,Poliwag,poliwag,1,Kanto,water,,1,Hydro Pump,water,type-preferred:water,pokemon-sfx-by-species/gen-1-kanto/0060_poliwag__hydro-pump.ogg,2966,attack-move-sfx-compressed/water/hydro-pump.ogg
61,Poliwhirl,poliwhirl,1,Kanto,water,,2,Hydro Pump,water,type-preferred:water,pokemon-sfx-by-species/gen-1-kanto/0061_poliwhirl__hydro-pump.ogg,2966,attack-move-sfx-compressed/water/hydro-pump.ogg
62,Poliwrath,poliwrath,1,Kanto,water,fighting,3,Hydro Pump,water,type-preferred:water,pokemon-sfx-by-species/gen-1-kanto/0062_poliwrath__hydro-pump.ogg,2966,attack-move-sfx-compressed/water/hydro-pump.ogg
63,Abra,abra,1,Kanto,psychic,,1,Psystrike,psychic,type-preferred:psychic,pokemon-sfx-by-species/gen-1-kanto/0063_abra__psystrike.ogg,2807,attack-move-sfx-compressed/psychic/psystrike.ogg
64,Kadabra,kadabra,1,Kanto,psychic,,2,Psystrike,psychic,type-preferred:psychic,pokemon-sfx-by-species/gen-1-kanto/0064_kadabra__psystrike.ogg,2807,attack-move-sfx-compressed/psychic/psystrike.ogg
65,Alakazam,alakazam,1,Kanto,psychic,,3,Psystrike,psychic,type-preferred:psychic,pokemon-sfx-by-species/gen-1-kanto/0065_alakazam__psystrike.ogg,2807,attack-move-sfx-compressed/psychic/psystrike.ogg
66,Machop,machop,1,Kanto,fighting,,1,Close Combat,fighting,type-preferred:fighting,pokemon-sfx-by-species/gen-1-kanto/0066_machop__close-combat.ogg,2821,attack-move-sfx-compressed/fighting/close-combat.ogg
67,Machoke,machoke,1,Kanto,fighting,,2,Close Combat,fighting,type-preferred:fighting,pokemon-sfx-by-species/gen-1-kanto/0067_machoke__close-combat.ogg,2821,attack-move-sfx-compressed/fighting/close-combat.ogg
68,Machamp,machamp,1,Kanto,fighting,,3,Close Combat,fighting,type-preferred:fighting,pokemon-sfx-by-species/gen-1-kanto/0068_machamp__close-combat.ogg,2821,attack-move-sfx-compressed/fighting/close-combat.ogg
69,Bellsprout,bellsprout,1,Kanto,grass,poison,1,Frenzy Plant,grass,type-preferred:grass,pokemon-sfx-by-species/gen-1-kanto/0069_bellsprout__frenzy-plant.ogg,2724,attack-move-sfx-compressed/grass/frenzy-plant.ogg
70,Weepinbell,weepinbell,1,Kanto,grass,poison,2,Frenzy Plant,grass,type-preferred:grass,pokemon-sfx-by-species/gen-1-kanto/0070_weepinbell__frenzy-plant.ogg,2724,attack-move-sfx-compressed/grass/frenzy-plant.ogg
71,Victreebel,victreebel,1,Kanto,grass,poison,3,Frenzy Plant,grass,type-preferred:grass,pokemon-sfx-by-species/gen-1-kanto/0071_victreebel__frenzy-plant.ogg,2724,attack-move-sfx-compressed/grass/frenzy-plant.ogg
72,Tentacool,tentacool,1,Kanto,water,poison,2,Hydro Pump,water,type-preferred:water,pokemon-sfx-by-species/gen-1-kanto/0072_tentacool__hydro-pump.ogg,2966,attack-move-sfx-compressed/water/hydro-pump.ogg
73,Tentacruel,tentacruel,1,Kanto,water,poison,3,Hydro Pump,water,type-preferred:water,pokemon-sfx-by-species/gen-1-kanto/0073_tentacruel__hydro-pump.ogg,2966,attack-move-sfx-compressed/water/hydro-pump.ogg
74,Geodude,geodude,1,Kanto,rock,ground,1,Stone Edge,rock,type-preferred:rock,pokemon-sfx-by-species/gen-1-kanto/0074_geodude__stone-edge.ogg,2756,attack-move-sfx-compressed/rock/stone-edge.ogg
75,Graveler,graveler,1,Kanto,rock,ground,2,Stone Edge,rock,type-preferred:rock,pokemon-sfx-by-species/gen-1-kanto/0075_graveler__stone-edge.ogg,2756,attack-move-sfx-compressed/rock/stone-edge.ogg
76,Golem,golem,1,Kanto,rock,ground,3,Stone Edge,rock,type-preferred:rock,pokemon-sfx-by-species/gen-1-kanto/0076_golem__stone-edge.ogg,2756,attack-move-sfx-compressed/rock/stone-edge.ogg
77,Ponyta,ponyta,1,Kanto,fire,,2,Blast Burn,fire,type-preferred:fire,pokemon-sfx-by-species/gen-1-kanto/0077_ponyta__blast-burn.ogg,2728,attack-move-sfx-compressed/fire/blast-burn.ogg
78,Rapidash,rapidash,1,Kanto,fire,,3,Blast Burn,fire,type-preferred:fire,pokemon-sfx-by-species/gen-1-kanto/0078_rapidash__blast-burn.ogg,2728,attack-move-sfx-compressed/fire/blast-burn.ogg
79,Slowpoke,slowpoke,1,Kanto,water,psychic,2,Hydro Pump,water,type-preferred:water,pokemon-sfx-by-species/gen-1-kanto/0079_slowpoke__hydro-pump.ogg,2966,attack-move-sfx-compressed/water/hydro-pump.ogg
80,Slowbro,slowbro,1,Kanto,water,psychic,3,Hydro Pump,water,type-preferred:water,pokemon-sfx-by-species/gen-1-kanto/0080_slowbro__hydro-pump.ogg,2966,attack-move-sfx-compressed/water/hydro-pump.ogg
81,Magnemite,magnemite,1,Kanto,electric,steel,2,Catastropika,electric,type-preferred:electric,pokemon-sfx-by-species/gen-1-kanto/0081_magnemite__catastropika.ogg,3043,attack-move-sfx-compressed/electric/catastropika.ogg
82,Magneton,magneton,1,Kanto,electric,steel,3,Catastropika,electric,type-preferred:electric,pokemon-sfx-by-species/gen-1-kanto/0082_magneton__catastropika.ogg,3043,attack-move-sfx-compressed/electric/catastropika.ogg
83,Farfetch'd,farfetchd,1,Kanto,normal,flying,1,Hyper Beam,normal,type-preferred:normal,pokemon-sfx-by-species/gen-1-kanto/0083_farfetchd__hyper-beam.ogg,2840,attack-move-sfx-compressed/normal/hyper-beam.ogg
84,Doduo,doduo,1,Kanto,normal,flying,2,Hyper Beam,normal,type-preferred:normal,pokemon-sfx-by-species/gen-1-kanto/0084_doduo__hyper-beam.ogg,2840,attack-move-sfx-compressed/normal/hyper-beam.ogg
85,Dodrio,dodrio,1,Kanto,normal,flying,3,Hyper Beam,normal,type-preferred:normal,pokemon-sfx-by-species/gen-1-kanto/0085_dodrio__hyper-beam.ogg,2840,attack-move-sfx-compressed/normal/hyper-beam.ogg
86,Seel,seel,1,Kanto,water,,2,Hydro Pump,water,type-preferred:water,pokemon-sfx-by-species/gen-1-kanto/0086_seel__hydro-pump.ogg,2966,attack-move-sfx-compressed/water/hydro-pump.ogg
87,Dewgong,dewgong,1,Kanto,water,ice,3,Hydro Pump,water,type-preferred:water,pokemon-sfx-by-species/gen-1-kanto/0087_dewgong__hydro-pump.ogg,2966,attack-move-sfx-compressed/water/hydro-pump.ogg
88,Grimer,grimer,1,Kanto,poison,,2,Sludge Bomb,poison,type-preferred:poison,pokemon-sfx-by-species/gen-1-kanto/0088_grimer__sludge-bomb.ogg,2794,attack-move-sfx-compressed/poison/sludge-bomb.ogg
89,Muk,muk,1,Kanto,poison,,3,Sludge Bomb,poison,type-preferred:poison,pokemon-sfx-by-species/gen-1-kanto/0089_muk__sludge-bomb.ogg,2794,attack-move-sfx-compressed/poison/sludge-bomb.ogg
90,Shellder,shellder,1,Kanto,water,,2,Hydro Pump,water,type-preferred:water,pokemon-sfx-by-species/gen-1-kanto/0090_shellder__hydro-pump.ogg,2966,attack-move-sfx-compressed/water/hydro-pump.ogg
91,Cloyster,cloyster,1,Kanto,water,ice,3,Hydro Pump,water,type-preferred:water,pokemon-sfx-by-species/gen-1-kanto/0091_cloyster__hydro-pump.ogg,2966,attack-move-sfx-compressed/water/hydro-pump.ogg
92,Gastly,gastly,1,Kanto,ghost,poison,1,Shadow Ball,ghost,type-preferred:ghost,pokemon-sfx-by-species/gen-1-kanto/0092_gastly__shadow-ball.ogg,2793,attack-move-sfx-compressed/ghost/shadow-ball.ogg
93,Haunter,haunter,1,Kanto,ghost,poison,2,Shadow Ball,ghost,type-preferred:ghost,pokemon-sfx-by-species/gen-1-kanto/0093_haunter__shadow-ball.ogg,2793,attack-move-sfx-compressed/ghost/shadow-ball.ogg
94,Gengar,gengar,1,Kanto,ghost,poison,3,Shadow Ball,ghost,signature,pokemon-sfx-by-species/gen-1-kanto/0094_gengar__shadow-ball.ogg,2793,attack-move-sfx-compressed/ghost/shadow-ball.ogg
95,Onix,onix,1,Kanto,rock,ground,1,Stone Edge,rock,type-preferred:rock,pokemon-sfx-by-species/gen-1-kanto/0095_onix__stone-edge.ogg,2756,attack-move-sfx-compressed/rock/stone-edge.ogg
96,Drowzee,drowzee,1,Kanto,psychic,,2,Psystrike,psychic,type-preferred:psychic,pokemon-sfx-by-species/gen-1-kanto/0096_drowzee__psystrike.ogg,2807,attack-move-sfx-compressed/psychic/psystrike.ogg
97,Hypno,hypno,1,Kanto,psychic,,3,Psystrike,psychic,type-preferred:psychic,pokemon-sfx-by-species/gen-1-kanto/0097_hypno__psystrike.ogg,2807,attack-move-sfx-compressed/psychic/psystrike.ogg
98,Krabby,krabby,1,Kanto,water,,2,Hydro Pump,water,type-preferred:water,pokemon-sfx-by-species/gen-1-kanto/0098_krabby__hydro-pump.ogg,2966,attack-move-sfx-compressed/water/hydro-pump.ogg
99,Kingler,kingler,1,Kanto,water,,3,Hydro Pump,water,type-preferred:water,pokemon-sfx-by-species/gen-1-kanto/0099_kingler__hydro-pump.ogg,2966,attack-move-sfx-compressed/water/hydro-pump.ogg
100,Voltorb,voltorb,1,Kanto,electric,,2,Catastropika,electric,type-preferred:electric,pokemon-sfx-by-species/gen-1-kanto/0100_voltorb__catastropika.ogg,3043,attack-move-sfx-compressed/electric/catastropika.ogg
101,Electrode,electrode,1,Kanto,electric,,3,Catastropika,electric,type-preferred:electric,pokemon-sfx-by-species/gen-1-kanto/0101_electrode__catastropika.ogg,3043,attack-move-sfx-compressed/electric/catastropika.ogg
102,Exeggcute,exeggcute,1,Kanto,grass,psychic,2,Frenzy Plant,grass,type-preferred:grass,pokemon-sfx-by-species/gen-1-kanto/0102_exeggcute__frenzy-plant.ogg,2724,attack-move-sfx-compressed/grass/frenzy-plant.ogg
103,Exeggutor,exeggutor,1,Kanto,grass,psychic,3,Frenzy Plant,grass,type-preferred:grass,pokemon-sfx-by-species/gen-1-kanto/0103_exeggutor__frenzy-plant.ogg,2724,attack-move-sfx-compressed/grass/frenzy-plant.ogg
104,Cubone,cubone,1,Kanto,ground,,2,Earthquake,ground,type-preferred:ground,pokemon-sfx-by-species/gen-1-kanto/0104_cubone__earthquake.ogg,2774,attack-move-sfx-compressed/ground/earthquake.ogg
105,Marowak,marowak,1,Kanto,ground,,3,Earthquake,ground,type-preferred:ground,pokemon-sfx-by-species/gen-1-kanto/0105_marowak__earthquake.ogg,2774,attack-move-sfx-compressed/ground/earthquake.ogg
106,Hitmonlee,hitmonlee,1,Kanto,fighting,,3,Close Combat,fighting,type-preferred:fighting,pokemon-sfx-by-species/gen-1-kanto/0106_hitmonlee__close-combat.ogg,2821,attack-move-sfx-compressed/fighting/close-combat.ogg
107,Hitmonchan,hitmonchan,1,Kanto,fighting,,3,Close Combat,fighting,type-preferred:fighting,pokemon-sfx-by-species/gen-1-kanto/0107_hitmonchan__close-combat.ogg,2821,attack-move-sfx-compressed/fighting/close-combat.ogg
108,Lickitung,lickitung,1,Kanto,normal,,3,Hyper Beam,normal,type-preferred:normal,pokemon-sfx-by-species/gen-1-kanto/0108_lickitung__hyper-beam.ogg,2840,attack-move-sfx-compressed/normal/hyper-beam.ogg
109,Koffing,koffing,1,Kanto,poison,,1,Sludge Bomb,poison,type-preferred:poison,pokemon-sfx-by-species/gen-1-kanto/0109_koffing__sludge-bomb.ogg,2794,attack-move-sfx-compressed/poison/sludge-bomb.ogg
110,Weezing,weezing,1,Kanto,poison,,3,Sludge Bomb,poison,type-preferred:poison,pokemon-sfx-by-species/gen-1-kanto/0110_weezing__sludge-bomb.ogg,2794,attack-move-sfx-compressed/poison/sludge-bomb.ogg
111,Rhyhorn,rhyhorn,1,Kanto,ground,rock,1,Earthquake,ground,type-preferred:ground,pokemon-sfx-by-species/gen-1-kanto/0111_rhyhorn__earthquake.ogg,2774,attack-move-sfx-compressed/ground/earthquake.ogg
112,Rhydon,rhydon,1,Kanto,ground,rock,3,Earthquake,ground,type-preferred:ground,pokemon-sfx-by-species/gen-1-kanto/0112_rhydon__earthquake.ogg,2774,attack-move-sfx-compressed/ground/earthquake.ogg
113,Chansey,chansey,1,Kanto,normal,,3,Hyper Beam,normal,type-preferred:normal,pokemon-sfx-by-species/gen-1-kanto/0113_chansey__hyper-beam.ogg,2840,attack-move-sfx-compressed/normal/hyper-beam.ogg
114,Tangela,tangela,1,Kanto,grass,,3,Frenzy Plant,grass,type-preferred:grass,pokemon-sfx-by-species/gen-1-kanto/0114_tangela__frenzy-plant.ogg,2724,attack-move-sfx-compressed/grass/frenzy-plant.ogg
115,Kangaskhan,kangaskhan,1,Kanto,normal,,3,Hyper Beam,normal,type-preferred:normal,pokemon-sfx-by-species/gen-1-kanto/0115_kangaskhan__hyper-beam.ogg,2840,attack-move-sfx-compressed/normal/hyper-beam.ogg
116,Horsea,horsea,1,Kanto,water,,2,Hydro Pump,water,type-preferred:water,pokemon-sfx-by-species/gen-1-kanto/0116_horsea__hydro-pump.ogg,2966,attack-move-sfx-compressed/water/hydro-pump.ogg
117,Seadra,seadra,1,Kanto,water,,3,Hydro Pump,water,type-preferred:water,pokemon-sfx-by-species/gen-1-kanto/0117_seadra__hydro-pump.ogg,2966,attack-move-sfx-compressed/water/hydro-pump.ogg
118,Goldeen,goldeen,1,Kanto,water,,2,Hydro Pump,water,type-preferred:water,pokemon-sfx-by-species/gen-1-kanto/0118_goldeen__hydro-pump.ogg,2966,attack-move-sfx-compressed/water/hydro-pump.ogg
119,Seaking,seaking,1,Kanto,water,,3,Hydro Pump,water,type-preferred:water,pokemon-sfx-by-species/gen-1-kanto/0119_seaking__hydro-pump.ogg,2966,attack-move-sfx-compressed/water/hydro-pump.ogg
120,Staryu,staryu,1,Kanto,water,,2,Hydro Pump,water,type-preferred:water,pokemon-sfx-by-species/gen-1-kanto/0120_staryu__hydro-pump.ogg,2966,attack-move-sfx-compressed/water/hydro-pump.ogg
121,Starmie,starmie,1,Kanto,water,psychic,3,Hydro Pump,water,type-preferred:water,pokemon-sfx-by-species/gen-1-kanto/0121_starmie__hydro-pump.ogg,2966,attack-move-sfx-compressed/water/hydro-pump.ogg
122,Mr. Mime,mr-mime,1,Kanto,psychic,fairy,3,Psystrike,psychic,type-preferred:psychic,pokemon-sfx-by-species/gen-1-kanto/0122_mr-mime__psystrike.ogg,2807,attack-move-sfx-compressed/psychic/psystrike.ogg
123,Scyther,scyther,1,Kanto,bug,flying,3,Bug Buzz,bug,type-preferred:bug,pokemon-sfx-by-species/gen-1-kanto/0123_scyther__bug-buzz.ogg,2806,attack-move-sfx-compressed/bug/bug-buzz.ogg
124,Jynx,jynx,1,Kanto,ice,psychic,3,Blizzard,ice,type-preferred:ice,pokemon-sfx-by-species/gen-1-kanto/0124_jynx__blizzard.ogg,2811,attack-move-sfx-compressed/ice/blizzard.ogg
125,Electabuzz,electabuzz,1,Kanto,electric,,3,Catastropika,electric,type-preferred:electric,pokemon-sfx-by-species/gen-1-kanto/0125_electabuzz__catastropika.ogg,3043,attack-move-sfx-compressed/electric/catastropika.ogg
126,Magmar,magmar,1,Kanto,fire,,3,Blast Burn,fire,type-preferred:fire,pokemon-sfx-by-species/gen-1-kanto/0126_magmar__blast-burn.ogg,2728,attack-move-sfx-compressed/fire/blast-burn.ogg
127,Pinsir,pinsir,1,Kanto,bug,,3,Bug Buzz,bug,type-preferred:bug,pokemon-sfx-by-species/gen-1-kanto/0127_pinsir__bug-buzz.ogg,2806,attack-move-sfx-compressed/bug/bug-buzz.ogg
128,Tauros,tauros,1,Kanto,normal,,3,Hyper Beam,normal,type-preferred:normal,pokemon-sfx-by-species/gen-1-kanto/0128_tauros__hyper-beam.ogg,2840,attack-move-sfx-compressed/normal/hyper-beam.ogg
129,Magikarp,magikarp,1,Kanto,water,,2,Hydro Pump,water,type-preferred:water,pokemon-sfx-by-species/gen-1-kanto/0129_magikarp__hydro-pump.ogg,2966,attack-move-sfx-compressed/water/hydro-pump.ogg
130,Gyarados,gyarados,1,Kanto,water,flying,3,Hydro Pump,water,type-preferred:water,pokemon-sfx-by-species/gen-1-kanto/0130_gyarados__hydro-pump.ogg,2966,attack-move-sfx-compressed/water/hydro-pump.ogg
131,Lapras,lapras,1,Kanto,water,ice,3,Hydro Pump,water,type-preferred:water,pokemon-sfx-by-species/gen-1-kanto/0131_lapras__hydro-pump.ogg,2966,attack-move-sfx-compressed/water/hydro-pump.ogg
132,Ditto,ditto,1,Kanto,normal,,3,Hyper Beam,normal,type-preferred:normal,pokemon-sfx-by-species/gen-1-kanto/0132_ditto__hyper-beam.ogg,2840,attack-move-sfx-compressed/normal/hyper-beam.ogg
133,Eevee,eevee,1,Kanto,normal,,2,Extreme Evoboost,normal,signature,pokemon-sfx-by-species/gen-1-kanto/0133_eevee__extreme-evoboost.ogg,3196,attack-move-sfx-compressed/normal/extreme-evoboost.ogg
134,Vaporeon,vaporeon,1,Kanto,water,,3,Hydro Pump,water,type-preferred:water,pokemon-sfx-by-species/gen-1-kanto/0134_vaporeon__hydro-pump.ogg,2966,attack-move-sfx-compressed/water/hydro-pump.ogg
135,Jolteon,jolteon,1,Kanto,electric,,3,Catastropika,electric,type-preferred:electric,pokemon-sfx-by-species/gen-1-kanto/0135_jolteon__catastropika.ogg,3043,attack-move-sfx-compressed/electric/catastropika.ogg
136,Flareon,flareon,1,Kanto,fire,,3,Blast Burn,fire,type-preferred:fire,pokemon-sfx-by-species/gen-1-kanto/0136_flareon__blast-burn.ogg,2728,attack-move-sfx-compressed/fire/blast-burn.ogg
137,Porygon,porygon,1,Kanto,normal,,3,Hyper Beam,normal,type-preferred:normal,pokemon-sfx-by-species/gen-1-kanto/0137_porygon__hyper-beam.ogg,2840,attack-move-sfx-compressed/normal/hyper-beam.ogg
138,Omanyte,omanyte,1,Kanto,rock,water,2,Stone Edge,rock,type-preferred:rock,pokemon-sfx-by-species/gen-1-kanto/0138_omanyte__stone-edge.ogg,2756,attack-move-sfx-compressed/rock/stone-edge.ogg
139,Omastar,omastar,1,Kanto,rock,water,3,Stone Edge,rock,type-preferred:rock,pokemon-sfx-by-species/gen-1-kanto/0139_omastar__stone-edge.ogg,2756,attack-move-sfx-compressed/rock/stone-edge.ogg
140,Kabuto,kabuto,1,Kanto,rock,water,2,Stone Edge,rock,type-preferred:rock,pokemon-sfx-by-species/gen-1-kanto/0140_kabuto__stone-edge.ogg,2756,attack-move-sfx-compressed/rock/stone-edge.ogg
141,Kabutops,kabutops,1,Kanto,rock,water,3,Stone Edge,rock,type-preferred:rock,pokemon-sfx-by-species/gen-1-kanto/0141_kabutops__stone-edge.ogg,2756,attack-move-sfx-compressed/rock/stone-edge.ogg
142,Aerodactyl,aerodactyl,1,Kanto,rock,flying,3,Stone Edge,rock,type-preferred:rock,pokemon-sfx-by-species/gen-1-kanto/0142_aerodactyl__stone-edge.ogg,2756,attack-move-sfx-compressed/rock/stone-edge.ogg
143,Snorlax,snorlax,1,Kanto,normal,,3,Body Slam,normal,signature,pokemon-sfx-by-species/gen-1-kanto/0143_snorlax__body-slam.ogg,2361,attack-move-sfx-compressed/normal/body-slam.ogg
144,Articuno,articuno,1,Kanto,ice,flying,4,Blizzard,ice,type-preferred:ice,pokemon-sfx-by-species/gen-1-kanto/0144_articuno__blizzard.ogg,2811,attack-move-sfx-compressed/ice/blizzard.ogg
145,Zapdos,zapdos,1,Kanto,electric,flying,4,Catastropika,electric,type-preferred:electric,pokemon-sfx-by-species/gen-1-kanto/0145_zapdos__catastropika.ogg,3043,attack-move-sfx-compressed/electric/catastropika.ogg
146,Moltres,moltres,1,Kanto,fire,flying,4,Blast Burn,fire,type-preferred:fire,pokemon-sfx-by-species/gen-1-kanto/0146_moltres__blast-burn.ogg,2728,attack-move-sfx-compressed/fire/blast-burn.ogg
147,Dratini,dratini,1,Kanto,dragon,,2,Draco Meteor,dragon,type-preferred:dragon,pokemon-sfx-by-species/gen-1-kanto/0147_dratini__draco-meteor.ogg,2739,attack-move-sfx-compressed/dragon/draco-meteor.ogg
148,Dragonair,dragonair,1,Kanto,dragon,,2,Draco Meteor,dragon,type-preferred:dragon,pokemon-sfx-by-species/gen-1-kanto/0148_dragonair__draco-meteor.ogg,2739,attack-move-sfx-compressed/dragon/draco-meteor.ogg
149,Dragonite,dragonite,1,Kanto,dragon,flying,3,Draco Meteor,dragon,type-preferred:dragon,pokemon-sfx-by-species/gen-1-kanto/0149_dragonite__draco-meteor.ogg,2739,attack-move-sfx-compressed/dragon/draco-meteor.ogg
150,Mewtwo,mewtwo,1,Kanto,psychic,,4,Psystrike,psychic,signature,pokemon-sfx-by-species/gen-1-kanto/0150_mewtwo__psystrike.ogg,2807,attack-move-sfx-compressed/psychic/psystrike.ogg
151,Mew,mew,1,Kanto,psychic,,4,Psychic,psychic,signature,pokemon-sfx-by-species/gen-1-kanto/0151_mew__psychic.ogg,2811,attack-move-sfx-compressed/psychic/psychic.ogg
152,Chikorita,chikorita,2,Johto,grass,,1,Frenzy Plant,grass,type-preferred:grass,pokemon-sfx-by-species/gen-2-johto/0152_chikorita__frenzy-plant.ogg,2724,attack-move-sfx-compressed/grass/frenzy-plant.ogg
153,Bayleef,bayleef,2,Johto,grass,,2,Frenzy Plant,grass,type-preferred:grass,pokemon-sfx-by-species/gen-2-johto/0153_bayleef__frenzy-plant.ogg,2724,attack-move-sfx-compressed/grass/frenzy-plant.ogg
154,Meganium,meganium,2,Johto,grass,,3,Frenzy Plant,grass,type-preferred:grass,pokemon-sfx-by-species/gen-2-johto/0154_meganium__frenzy-plant.ogg,2724,attack-move-sfx-compressed/grass/frenzy-plant.ogg
155,Cyndaquil,cyndaquil,2,Johto,fire,,1,Blast Burn,fire,type-preferred:fire,pokemon-sfx-by-species/gen-2-johto/0155_cyndaquil__blast-burn.ogg,2728,attack-move-sfx-compressed/fire/blast-burn.ogg
156,Quilava,quilava,2,Johto,fire,,2,Blast Burn,fire,type-preferred:fire,pokemon-sfx-by-species/gen-2-johto/0156_quilava__blast-burn.ogg,2728,attack-move-sfx-compressed/fire/blast-burn.ogg
157,Typhlosion,typhlosion,2,Johto,fire,,3,Blast Burn,fire,type-preferred:fire,pokemon-sfx-by-species/gen-2-johto/0157_typhlosion__blast-burn.ogg,2728,attack-move-sfx-compressed/fire/blast-burn.ogg
158,Totodile,totodile,2,Johto,water,,1,Hydro Pump,water,type-preferred:water,pokemon-sfx-by-species/gen-2-johto/0158_totodile__hydro-pump.ogg,2966,attack-move-sfx-compressed/water/hydro-pump.ogg
159,Croconaw,croconaw,2,Johto,water,,2,Hydro Pump,water,type-preferred:water,pokemon-sfx-by-species/gen-2-johto/0159_croconaw__hydro-pump.ogg,2966,attack-move-sfx-compressed/water/hydro-pump.ogg
160,Feraligatr,feraligatr,2,Johto,water,,3,Hydro Pump,water,type-preferred:water,pokemon-sfx-by-species/gen-2-johto/0160_feraligatr__hydro-pump.ogg,2966,attack-move-sfx-compressed/water/hydro-pump.ogg
161,Sentret,sentret,2,Johto,normal,,2,Hyper Beam,normal,type-preferred:normal,pokemon-sfx-by-species/gen-2-johto/0161_sentret__hyper-beam.ogg,2840,attack-move-sfx-compressed/normal/hyper-beam.ogg
162,Furret,furret,2,Johto,normal,,3,Hyper Beam,normal,type-preferred:normal,pokemon-sfx-by-species/gen-2-johto/0162_furret__hyper-beam.ogg,2840,attack-move-sfx-compressed/normal/hyper-beam.ogg
163,Hoothoot,hoothoot,2,Johto,normal,flying,2,Hyper Beam,normal,type-preferred:normal,pokemon-sfx-by-species/gen-2-johto/0163_hoothoot__hyper-beam.ogg,2840,attack-move-sfx-compressed/normal/hyper-beam.ogg
164,Noctowl,noctowl,2,Johto,normal,flying,3,Hyper Beam,normal,type-preferred:normal,pokemon-sfx-by-species/gen-2-johto/0164_noctowl__hyper-beam.ogg,2840,attack-move-sfx-compressed/normal/hyper-beam.ogg
165,Ledyba,ledyba,2,Johto,bug,flying,2,Bug Buzz,bug,type-preferred:bug,pokemon-sfx-by-species/gen-2-johto/0165_ledyba__bug-buzz.ogg,2806,attack-move-sfx-compressed/bug/bug-buzz.ogg
166,Ledian,ledian,2,Johto,bug,flying,3,Bug Buzz,bug,type-preferred:bug,pokemon-sfx-by-species/gen-2-johto/0166_ledian__bug-buzz.ogg,2806,attack-move-sfx-compressed/bug/bug-buzz.ogg
167,Spinarak,spinarak,2,Johto,bug,poison,2,Bug Buzz,bug,type-preferred:bug,pokemon-sfx-by-species/gen-2-johto/0167_spinarak__bug-buzz.ogg,2806,attack-move-sfx-compressed/bug/bug-buzz.ogg
168,Ariados,ariados,2,Johto,bug,poison,3,Bug Buzz,bug,type-preferred:bug,pokemon-sfx-by-species/gen-2-johto/0168_ariados__bug-buzz.ogg,2806,attack-move-sfx-compressed/bug/bug-buzz.ogg
169,Crobat,crobat,2,Johto,poison,flying,2,Sludge Bomb,poison,type-preferred:poison,pokemon-sfx-by-species/gen-2-johto/0169_crobat__sludge-bomb.ogg,2794,attack-move-sfx-compressed/poison/sludge-bomb.ogg
170,Chinchou,chinchou,2,Johto,water,electric,3,Hydro Pump,water,type-preferred:water,pokemon-sfx-by-species/gen-2-johto/0170_chinchou__hydro-pump.ogg,2966,attack-move-sfx-compressed/water/hydro-pump.ogg
171,Lanturn,lanturn,2,Johto,water,electric,3,Hydro Pump,water,type-preferred:water,pokemon-sfx-by-species/gen-2-johto/0171_lanturn__hydro-pump.ogg,2966,attack-move-sfx-compressed/water/hydro-pump.ogg
172,Pichu,pichu,2,Johto,electric,,1,Catastropika,electric,type-preferred:electric,pokemon-sfx-by-species/gen-2-johto/0172_pichu__catastropika.ogg,3043,attack-move-sfx-compressed/electric/catastropika.ogg
173,Cleffa,cleffa,2,Johto,fairy,,1,Moonblast,fairy,type-preferred:fairy,pokemon-sfx-by-species/gen-2-johto/0173_cleffa__moonblast.ogg,2861,attack-move-sfx-compressed/fairy/moonblast.ogg
174,Igglybuff,igglybuff,2,Johto,normal,fairy,2,Hyper Beam,normal,type-preferred:normal,pokemon-sfx-by-species/gen-2-johto/0174_igglybuff__hyper-beam.ogg,2840,attack-move-sfx-compressed/normal/hyper-beam.ogg
175,Togepi,togepi,2,Johto,fairy,,1,Moonblast,fairy,type-preferred:fairy,pokemon-sfx-by-species/gen-2-johto/0175_togepi__moonblast.ogg,2861,attack-move-sfx-compressed/fairy/moonblast.ogg
176,Togetic,togetic,2,Johto,fairy,flying,2,Moonblast,fairy,type-preferred:fairy,pokemon-sfx-by-species/gen-2-johto/0176_togetic__moonblast.ogg,2861,attack-move-sfx-compressed/fairy/moonblast.ogg
177,Natu,natu,2,Johto,psychic,flying,2,Psystrike,psychic,type-preferred:psychic,pokemon-sfx-by-species/gen-2-johto/0177_natu__psystrike.ogg,2807,attack-move-sfx-compressed/psychic/psystrike.ogg
178,Xatu,xatu,2,Johto,psychic,flying,3,Psystrike,psychic,type-preferred:psychic,pokemon-sfx-by-species/gen-2-johto/0178_xatu__psystrike.ogg,2807,attack-move-sfx-compressed/psychic/psystrike.ogg
179,Mareep,mareep,2,Johto,electric,,2,Catastropika,electric,type-preferred:electric,pokemon-sfx-by-species/gen-2-johto/0179_mareep__catastropika.ogg,3043,attack-move-sfx-compressed/electric/catastropika.ogg
180,Flaaffy,flaaffy,2,Johto,electric,,1,Catastropika,electric,type-preferred:electric,pokemon-sfx-by-species/gen-2-johto/0180_flaaffy__catastropika.ogg,3043,attack-move-sfx-compressed/electric/catastropika.ogg
181,Ampharos,ampharos,2,Johto,electric,,2,Catastropika,electric,type-preferred:electric,pokemon-sfx-by-species/gen-2-johto/0181_ampharos__catastropika.ogg,3043,attack-move-sfx-compressed/electric/catastropika.ogg
182,Bellossom,bellossom,2,Johto,grass,,3,Frenzy Plant,grass,type-preferred:grass,pokemon-sfx-by-species/gen-2-johto/0182_bellossom__frenzy-plant.ogg,2724,attack-move-sfx-compressed/grass/frenzy-plant.ogg
183,Marill,marill,2,Johto,water,fairy,2,Hydro Pump,water,type-preferred:water,pokemon-sfx-by-species/gen-2-johto/0183_marill__hydro-pump.ogg,2966,attack-move-sfx-compressed/water/hydro-pump.ogg
184,Azumarill,azumarill,2,Johto,water,fairy,3,Hydro Pump,water,type-preferred:water,pokemon-sfx-by-species/gen-2-johto/0184_azumarill__hydro-pump.ogg,2966,attack-move-sfx-compressed/water/hydro-pump.ogg
185,Sudowoodo,sudowoodo,2,Johto,rock,,3,Stone Edge,rock,type-preferred:rock,pokemon-sfx-by-species/gen-2-johto/0185_sudowoodo__stone-edge.ogg,2756,attack-move-sfx-compressed/rock/stone-edge.ogg
186,Politoed,politoed,2,Johto,water,,3,Hydro Pump,water,type-preferred:water,pokemon-sfx-by-species/gen-2-johto/0186_politoed__hydro-pump.ogg,2966,attack-move-sfx-compressed/water/hydro-pump.ogg
187,Hoppip,hoppip,2,Johto,grass,flying,2,Frenzy Plant,grass,type-preferred:grass,pokemon-sfx-by-species/gen-2-johto/0187_hoppip__frenzy-plant.ogg,2724,attack-move-sfx-compressed/grass/frenzy-plant.ogg
188,Skiploom,skiploom,2,Johto,grass,flying,2,Frenzy Plant,grass,type-preferred:grass,pokemon-sfx-by-species/gen-2-johto/0188_skiploom__frenzy-plant.ogg,2724,attack-move-sfx-compressed/grass/frenzy-plant.ogg
189,Jumpluff,jumpluff,2,Johto,grass,flying,3,Frenzy Plant,grass,type-preferred:grass,pokemon-sfx-by-species/gen-2-johto/0189_jumpluff__frenzy-plant.ogg,2724,attack-move-sfx-compressed/grass/frenzy-plant.ogg
190,Aipom,aipom,2,Johto,normal,,2,Hyper Beam,normal,type-preferred:normal,pokemon-sfx-by-species/gen-2-johto/0190_aipom__hyper-beam.ogg,2840,attack-move-sfx-compressed/normal/hyper-beam.ogg
191,Sunkern,sunkern,2,Johto,grass,,1,Frenzy Plant,grass,type-preferred:grass,pokemon-sfx-by-species/gen-2-johto/0191_sunkern__frenzy-plant.ogg,2724,attack-move-sfx-compressed/grass/frenzy-plant.ogg
192,Sunflora,sunflora,2,Johto,grass,,3,Frenzy Plant,grass,type-preferred:grass,pokemon-sfx-by-species/gen-2-johto/0192_sunflora__frenzy-plant.ogg,2724,attack-move-sfx-compressed/grass/frenzy-plant.ogg
193,Yanma,yanma,2,Johto,bug,flying,2,Bug Buzz,bug,type-preferred:bug,pokemon-sfx-by-species/gen-2-johto/0193_yanma__bug-buzz.ogg,2806,attack-move-sfx-compressed/bug/bug-buzz.ogg
194,Wooper,wooper,2,Johto,water,ground,2,Hydro Pump,water,type-preferred:water,pokemon-sfx-by-species/gen-2-johto/0194_wooper__hydro-pump.ogg,2966,attack-move-sfx-compressed/water/hydro-pump.ogg
195,Quagsire,quagsire,2,Johto,water,ground,3,Hydro Pump,water,type-preferred:water,pokemon-sfx-by-species/gen-2-johto/0195_quagsire__hydro-pump.ogg,2966,attack-move-sfx-compressed/water/hydro-pump.ogg
196,Espeon,espeon,2,Johto,psychic,,2,Psystrike,psychic,type-preferred:psychic,pokemon-sfx-by-species/gen-2-johto/0196_espeon__psystrike.ogg,2807,attack-move-sfx-compressed/psychic/psystrike.ogg
197,Umbreon,umbreon,2,Johto,dark,,3,Dark Pulse,dark,type-preferred:dark,pokemon-sfx-by-species/gen-2-johto/0197_umbreon__dark-pulse.ogg,2795,attack-move-sfx-compressed/dark/dark-pulse.ogg
198,Murkrow,murkrow,2,Johto,dark,flying,2,Dark Pulse,dark,type-preferred:dark,pokemon-sfx-by-species/gen-2-johto/0198_murkrow__dark-pulse.ogg,2795,attack-move-sfx-compressed/dark/dark-pulse.ogg
199,Slowking,slowking,2,Johto,water,psychic,3,Hydro Pump,water,type-preferred:water,pokemon-sfx-by-species/gen-2-johto/0199_slowking__hydro-pump.ogg,2966,attack-move-sfx-compressed/water/hydro-pump.ogg
200,Misdreavus,misdreavus,2,Johto,ghost,,2,Shadow Ball,ghost,type-preferred:ghost,pokemon-sfx-by-species/gen-2-johto/0200_misdreavus__shadow-ball.ogg,2793,attack-move-sfx-compressed/ghost/shadow-ball.ogg
201,Unown,unown,2,Johto,psychic,,2,Psystrike,psychic,type-preferred:psychic,pokemon-sfx-by-species/gen-2-johto/0201_unown__psystrike.ogg,2807,attack-move-sfx-compressed/psychic/psystrike.ogg
202,Wobbuffet,wobbuffet,2,Johto,psychic,,3,Psystrike,psychic,type-preferred:psychic,pokemon-sfx-by-species/gen-2-johto/0202_wobbuffet__psystrike.ogg,2807,attack-move-sfx-compressed/psychic/psystrike.ogg
203,Girafarig,girafarig,2,Johto,normal,psychic,3,Hyper Beam,normal,type-preferred:normal,pokemon-sfx-by-species/gen-2-johto/0203_girafarig__hyper-beam.ogg,2840,attack-move-sfx-compressed/normal/hyper-beam.ogg
204,Pineco,pineco,2,Johto,bug,,2,Bug Buzz,bug,type-preferred:bug,pokemon-sfx-by-species/gen-2-johto/0204_pineco__bug-buzz.ogg,2806,attack-move-sfx-compressed/bug/bug-buzz.ogg
205,Forretress,forretress,2,Johto,bug,steel,3,Bug Buzz,bug,type-preferred:bug,pokemon-sfx-by-species/gen-2-johto/0205_forretress__bug-buzz.ogg,2806,attack-move-sfx-compressed/bug/bug-buzz.ogg
206,Dunsparce,dunsparce,2,Johto,normal,,1,Hyper Beam,normal,type-preferred:normal,pokemon-sfx-by-species/gen-2-johto/0206_dunsparce__hyper-beam.ogg,2840,attack-move-sfx-compressed/normal/hyper-beam.ogg
207,Gligar,gligar,2,Johto,ground,flying,2,Earthquake,ground,type-preferred:ground,pokemon-sfx-by-species/gen-2-johto/0207_gligar__earthquake.ogg,2774,attack-move-sfx-compressed/ground/earthquake.ogg
208,Steelix,steelix,2,Johto,steel,ground,3,Flash Cannon,steel,type-preferred:steel,pokemon-sfx-by-species/gen-2-johto/0208_steelix__flash-cannon.ogg,2764,attack-move-sfx-compressed/steel/flash-cannon.ogg
209,Snubbull,snubbull,2,Johto,fairy,,2,Moonblast,fairy,type-preferred:fairy,pokemon-sfx-by-species/gen-2-johto/0209_snubbull__moonblast.ogg,2861,attack-move-sfx-compressed/fairy/moonblast.ogg
210,Granbull,granbull,2,Johto,fairy,,3,Moonblast,fairy,type-preferred:fairy,pokemon-sfx-by-species/gen-2-johto/0210_granbull__moonblast.ogg,2861,attack-move-sfx-compressed/fairy/moonblast.ogg
211,Qwilfish,qwilfish,2,Johto,water,poison,2,Hydro Pump,water,type-preferred:water,pokemon-sfx-by-species/gen-2-johto/0211_qwilfish__hydro-pump.ogg,2966,attack-move-sfx-compressed/water/hydro-pump.ogg
212,Scizor,scizor,2,Johto,bug,steel,3,Bug Buzz,bug,type-preferred:bug,pokemon-sfx-by-species/gen-2-johto/0212_scizor__bug-buzz.ogg,2806,attack-move-sfx-compressed/bug/bug-buzz.ogg
213,Shuckle,shuckle,2,Johto,bug,rock,2,Bug Buzz,bug,type-preferred:bug,pokemon-sfx-by-species/gen-2-johto/0213_shuckle__bug-buzz.ogg,2806,attack-move-sfx-compressed/bug/bug-buzz.ogg
214,Heracross,heracross,2,Johto,bug,fighting,3,Bug Buzz,bug,type-preferred:bug,pokemon-sfx-by-species/gen-2-johto/0214_heracross__bug-buzz.ogg,2806,attack-move-sfx-compressed/bug/bug-buzz.ogg
215,Sneasel,sneasel,2,Johto,dark,ice,2,Dark Pulse,dark,type-preferred:dark,pokemon-sfx-by-species/gen-2-johto/0215_sneasel__dark-pulse.ogg,2795,attack-move-sfx-compressed/dark/dark-pulse.ogg
216,Teddiursa,teddiursa,2,Johto,normal,,2,Hyper Beam,normal,type-preferred:normal,pokemon-sfx-by-species/gen-2-johto/0216_teddiursa__hyper-beam.ogg,2840,attack-move-sfx-compressed/normal/hyper-beam.ogg
217,Ursaring,ursaring,2,Johto,normal,,3,Hyper Beam,normal,type-preferred:normal,pokemon-sfx-by-species/gen-2-johto/0217_ursaring__hyper-beam.ogg,2840,attack-move-sfx-compressed/normal/hyper-beam.ogg
218,Slugma,slugma,2,Johto,fire,,2,Blast Burn,fire,type-preferred:fire,pokemon-sfx-by-species/gen-2-johto/0218_slugma__blast-burn.ogg,2728,attack-move-sfx-compressed/fire/blast-burn.ogg
219,Magcargo,magcargo,2,Johto,fire,rock,3,Blast Burn,fire,type-preferred:fire,pokemon-sfx-by-species/gen-2-johto/0219_magcargo__blast-burn.ogg,2728,attack-move-sfx-compressed/fire/blast-burn.ogg
220,Swinub,swinub,2,Johto,ice,ground,2,Blizzard,ice,type-preferred:ice,pokemon-sfx-by-species/gen-2-johto/0220_swinub__blizzard.ogg,2811,attack-move-sfx-compressed/ice/blizzard.ogg
221,Piloswine,piloswine,2,Johto,ice,ground,3,Blizzard,ice,type-preferred:ice,pokemon-sfx-by-species/gen-2-johto/0221_piloswine__blizzard.ogg,2811,attack-move-sfx-compressed/ice/blizzard.ogg
222,Corsola,corsola,2,Johto,water,rock,1,Hydro Pump,water,type-preferred:water,pokemon-sfx-by-species/gen-2-johto/0222_corsola__hydro-pump.ogg,2966,attack-move-sfx-compressed/water/hydro-pump.ogg
223,Remoraid,remoraid,2,Johto,water,,2,Hydro Pump,water,type-preferred:water,pokemon-sfx-by-species/gen-2-johto/0223_remoraid__hydro-pump.ogg,2966,attack-move-sfx-compressed/water/hydro-pump.ogg
224,Octillery,octillery,2,Johto,water,,3,Hydro Pump,water,type-preferred:water,pokemon-sfx-by-species/gen-2-johto/0224_octillery__hydro-pump.ogg,2966,attack-move-sfx-compressed/water/hydro-pump.ogg
225,Delibird,delibird,2,Johto,ice,flying,3,Blizzard,ice,type-preferred:ice,pokemon-sfx-by-species/gen-2-johto/0225_delibird__blizzard.ogg,2811,attack-move-sfx-compressed/ice/blizzard.ogg
226,Mantine,mantine,2,Johto,water,flying,3,Hydro Pump,water,type-preferred:water,pokemon-sfx-by-species/gen-2-johto/0226_mantine__hydro-pump.ogg,2966,attack-move-sfx-compressed/water/hydro-pump.ogg
227,Skarmory,skarmory,2,Johto,steel,flying,2,Flash Cannon,steel,type-preferred:steel,pokemon-sfx-by-species/gen-2-johto/0227_skarmory__flash-cannon.ogg,2764,attack-move-sfx-compressed/steel/flash-cannon.ogg
228,Houndour,houndour,2,Johto,dark,fire,2,Dark Pulse,dark,type-preferred:dark,pokemon-sfx-by-species/gen-2-johto/0228_houndour__dark-pulse.ogg,2795,attack-move-sfx-compressed/dark/dark-pulse.ogg
229,Houndoom,houndoom,2,Johto,dark,fire,3,Dark Pulse,dark,type-preferred:dark,pokemon-sfx-by-species/gen-2-johto/0229_houndoom__dark-pulse.ogg,2795,attack-move-sfx-compressed/dark/dark-pulse.ogg
230,Kingdra,kingdra,2,Johto,water,dragon,3,Hydro Pump,water,type-preferred:water,pokemon-sfx-by-species/gen-2-johto/0230_kingdra__hydro-pump.ogg,2966,attack-move-sfx-compressed/water/hydro-pump.ogg
231,Phanpy,phanpy,2,Johto,ground,,2,Earthquake,ground,type-preferred:ground,pokemon-sfx-by-species/gen-2-johto/0231_phanpy__earthquake.ogg,2774,attack-move-sfx-compressed/ground/earthquake.ogg
232,Donphan,donphan,2,Johto,ground,,3,Earthquake,ground,type-preferred:ground,pokemon-sfx-by-species/gen-2-johto/0232_donphan__earthquake.ogg,2774,attack-move-sfx-compressed/ground/earthquake.ogg
233,Porygon2,porygon2,2,Johto,normal,,3,Hyper Beam,normal,type-preferred:normal,pokemon-sfx-by-species/gen-2-johto/0233_porygon2__hyper-beam.ogg,2840,attack-move-sfx-compressed/normal/hyper-beam.ogg
234,Stantler,stantler,2,Johto,normal,,3,Hyper Beam,normal,type-preferred:normal,pokemon-sfx-by-species/gen-2-johto/0234_stantler__hyper-beam.ogg,2840,attack-move-sfx-compressed/normal/hyper-beam.ogg
235,Smeargle,smeargle,2,Johto,normal,,1,Hyper Beam,normal,type-preferred:normal,pokemon-sfx-by-species/gen-2-johto/0235_smeargle__hyper-beam.ogg,2840,attack-move-sfx-compressed/normal/hyper-beam.ogg
236,Tyrogue,tyrogue,2,Johto,fighting,,2,Close Combat,fighting,type-preferred:fighting,pokemon-sfx-by-species/gen-2-johto/0236_tyrogue__close-combat.ogg,2821,attack-move-sfx-compressed/fighting/close-combat.ogg
237,Hitmontop,hitmontop,2,Johto,fighting,,3,Close Combat,fighting,type-preferred:fighting,pokemon-sfx-by-species/gen-2-johto/0237_hitmontop__close-combat.ogg,2821,attack-move-sfx-compressed/fighting/close-combat.ogg
238,Smoochum,smoochum,2,Johto,ice,psychic,1,Blizzard,ice,type-preferred:ice,pokemon-sfx-by-species/gen-2-johto/0238_smoochum__blizzard.ogg,2811,attack-move-sfx-compressed/ice/blizzard.ogg
239,Elekid,elekid,2,Johto,electric,,1,Catastropika,electric,type-preferred:electric,pokemon-sfx-by-species/gen-2-johto/0239_elekid__catastropika.ogg,3043,attack-move-sfx-compressed/electric/catastropika.ogg
240,Magby,magby,2,Johto,fire,,1,Blast Burn,fire,type-preferred:fire,pokemon-sfx-by-species/gen-2-johto/0240_magby__blast-burn.ogg,2728,attack-move-sfx-compressed/fire/blast-burn.ogg
241,Miltank,miltank,2,Johto,normal,,3,Hyper Beam,normal,type-preferred:normal,pokemon-sfx-by-species/gen-2-johto/0241_miltank__hyper-beam.ogg,2840,attack-move-sfx-compressed/normal/hyper-beam.ogg
242,Blissey,blissey,2,Johto,normal,,3,Hyper Beam,normal,type-preferred:normal,pokemon-sfx-by-species/gen-2-johto/0242_blissey__hyper-beam.ogg,2840,attack-move-sfx-compressed/normal/hyper-beam.ogg
243,Raikou,raikou,2,Johto,electric,,4,Catastropika,electric,type-preferred:electric,pokemon-sfx-by-species/gen-2-johto/0243_raikou__catastropika.ogg,3043,attack-move-sfx-compressed/electric/catastropika.ogg
244,Entei,entei,2,Johto,fire,,4,Blast Burn,fire,type-preferred:fire,pokemon-sfx-by-species/gen-2-johto/0244_entei__blast-burn.ogg,2728,attack-move-sfx-compressed/fire/blast-burn.ogg
245,Suicune,suicune,2,Johto,water,,4,Hydro Pump,water,type-preferred:water,pokemon-sfx-by-species/gen-2-johto/0245_suicune__hydro-pump.ogg,2966,attack-move-sfx-compressed/water/hydro-pump.ogg
246,Larvitar,larvitar,2,Johto,rock,ground,1,Stone Edge,rock,type-preferred:rock,pokemon-sfx-by-species/gen-2-johto/0246_larvitar__stone-edge.ogg,2756,attack-move-sfx-compressed/rock/stone-edge.ogg
247,Pupitar,pupitar,2,Johto,rock,ground,1,Stone Edge,rock,type-preferred:rock,pokemon-sfx-by-species/gen-2-johto/0247_pupitar__stone-edge.ogg,2756,attack-move-sfx-compressed/rock/stone-edge.ogg
248,Tyranitar,tyranitar,2,Johto,rock,dark,3,Stone Edge,rock,type-preferred:rock,pokemon-sfx-by-species/gen-2-johto/0248_tyranitar__stone-edge.ogg,2756,attack-move-sfx-compressed/rock/stone-edge.ogg
249,Lugia,lugia,2,Johto,psychic,flying,4,Psystrike,psychic,type-preferred:psychic,pokemon-sfx-by-species/gen-2-johto/0249_lugia__psystrike.ogg,2807,attack-move-sfx-compressed/psychic/psystrike.ogg
250,Ho-Oh,ho-oh,2,Johto,fire,flying,4,Blast Burn,fire,type-preferred:fire,pokemon-sfx-by-species/gen-2-johto/0250_ho-oh__blast-burn.ogg,2728,attack-move-sfx-compressed/fire/blast-burn.ogg
251,Celebi,celebi,2,Johto,psychic,grass,4,Psystrike,psychic,type-preferred:psychic,pokemon-sfx-by-species/gen-2-johto/0251_celebi__psystrike.ogg,2807,attack-move-sfx-compressed/psychic/psystrike.ogg
252,Treecko,treecko,3,Hoenn,grass,,1,Frenzy Plant,grass,type-preferred:grass,pokemon-sfx-by-species/gen-3-hoenn/0252_treecko__frenzy-plant.ogg,2724,attack-move-sfx-compressed/grass/frenzy-plant.ogg
253,Grovyle,grovyle,3,Hoenn,grass,,2,Frenzy Plant,grass,type-preferred:grass,pokemon-sfx-by-species/gen-3-hoenn/0253_grovyle__frenzy-plant.ogg,2724,attack-move-sfx-compressed/grass/frenzy-plant.ogg
254,Sceptile,sceptile,3,Hoenn,grass,,3,Frenzy Plant,grass,type-preferred:grass,pokemon-sfx-by-species/gen-3-hoenn/0254_sceptile__frenzy-plant.ogg,2724,attack-move-sfx-compressed/grass/frenzy-plant.ogg
255,Torchic,torchic,3,Hoenn,fire,,1,Blast Burn,fire,type-preferred:fire,pokemon-sfx-by-species/gen-3-hoenn/0255_torchic__blast-burn.ogg,2728,attack-move-sfx-compressed/fire/blast-burn.ogg
256,Combusken,combusken,3,Hoenn,fire,fighting,2,Blast Burn,fire,type-preferred:fire,pokemon-sfx-by-species/gen-3-hoenn/0256_combusken__blast-burn.ogg,2728,attack-move-sfx-compressed/fire/blast-burn.ogg
257,Blaziken,blaziken,3,Hoenn,fire,fighting,3,Blast Burn,fire,type-preferred:fire,pokemon-sfx-by-species/gen-3-hoenn/0257_blaziken__blast-burn.ogg,2728,attack-move-sfx-compressed/fire/blast-burn.ogg
258,Mudkip,mudkip,3,Hoenn,water,,1,Hydro Pump,water,type-preferred:water,pokemon-sfx-by-species/gen-3-hoenn/0258_mudkip__hydro-pump.ogg,2966,attack-move-sfx-compressed/water/hydro-pump.ogg
259,Marshtomp,marshtomp,3,Hoenn,water,ground,2,Hydro Pump,water,type-preferred:water,pokemon-sfx-by-species/gen-3-hoenn/0259_marshtomp__hydro-pump.ogg,2966,attack-move-sfx-compressed/water/hydro-pump.ogg
260,Swampert,swampert,3,Hoenn,water,ground,3,Hydro Pump,water,type-preferred:water,pokemon-sfx-by-species/gen-3-hoenn/0260_swampert__hydro-pump.ogg,2966,attack-move-sfx-compressed/water/hydro-pump.ogg
261,Poochyena,poochyena,3,Hoenn,dark,,2,Dark Pulse,dark,type-preferred:dark,pokemon-sfx-by-species/gen-3-hoenn/0261_poochyena__dark-pulse.ogg,2795,attack-move-sfx-compressed/dark/dark-pulse.ogg
262,Mightyena,mightyena,3,Hoenn,dark,,3,Dark Pulse,dark,type-preferred:dark,pokemon-sfx-by-species/gen-3-hoenn/0262_mightyena__dark-pulse.ogg,2795,attack-move-sfx-compressed/dark/dark-pulse.ogg
263,Zigzagoon,zigzagoon,3,Hoenn,normal,,2,Hyper Beam,normal,type-preferred:normal,pokemon-sfx-by-species/gen-3-hoenn/0263_zigzagoon__hyper-beam.ogg,2840,attack-move-sfx-compressed/normal/hyper-beam.ogg
264,Linoone,linoone,3,Hoenn,normal,,3,Hyper Beam,normal,type-preferred:normal,pokemon-sfx-by-species/gen-3-hoenn/0264_linoone__hyper-beam.ogg,2840,attack-move-sfx-compressed/normal/hyper-beam.ogg
265,Wurmple,wurmple,3,Hoenn,bug,,1,Bug Buzz,bug,type-preferred:bug,pokemon-sfx-by-species/gen-3-hoenn/0265_wurmple__bug-buzz.ogg,2806,attack-move-sfx-compressed/bug/bug-buzz.ogg
266,Silcoon,silcoon,3,Hoenn,bug,,2,Bug Buzz,bug,type-preferred:bug,pokemon-sfx-by-species/gen-3-hoenn/0266_silcoon__bug-buzz.ogg,2806,attack-move-sfx-compressed/bug/bug-buzz.ogg
267,Beautifly,beautifly,3,Hoenn,bug,flying,3,Bug Buzz,bug,type-preferred:bug,pokemon-sfx-by-species/gen-3-hoenn/0267_beautifly__bug-buzz.ogg,2806,attack-move-sfx-compressed/bug/bug-buzz.ogg
268,Cascoon,cascoon,3,Hoenn,bug,,2,Bug Buzz,bug,type-preferred:bug,pokemon-sfx-by-species/gen-3-hoenn/0268_cascoon__bug-buzz.ogg,2806,attack-move-sfx-compressed/bug/bug-buzz.ogg
269,Dustox,dustox,3,Hoenn,bug,poison,3,Bug Buzz,bug,type-preferred:bug,pokemon-sfx-by-species/gen-3-hoenn/0269_dustox__bug-buzz.ogg,2806,attack-move-sfx-compressed/bug/bug-buzz.ogg
270,Lotad,lotad,3,Hoenn,water,grass,1,Hydro Pump,water,type-preferred:water,pokemon-sfx-by-species/gen-3-hoenn/0270_lotad__hydro-pump.ogg,2966,attack-move-sfx-compressed/water/hydro-pump.ogg
271,Lombre,lombre,3,Hoenn,water,grass,2,Hydro Pump,water,type-preferred:water,pokemon-sfx-by-species/gen-3-hoenn/0271_lombre__hydro-pump.ogg,2966,attack-move-sfx-compressed/water/hydro-pump.ogg
272,Ludicolo,ludicolo,3,Hoenn,water,grass,3,Hydro Pump,water,type-preferred:water,pokemon-sfx-by-species/gen-3-hoenn/0272_ludicolo__hydro-pump.ogg,2966,attack-move-sfx-compressed/water/hydro-pump.ogg
273,Seedot,seedot,3,Hoenn,grass,,1,Frenzy Plant,grass,type-preferred:grass,pokemon-sfx-by-species/gen-3-hoenn/0273_seedot__frenzy-plant.ogg,2724,attack-move-sfx-compressed/grass/frenzy-plant.ogg
274,Nuzleaf,nuzleaf,3,Hoenn,grass,dark,2,Frenzy Plant,grass,type-preferred:grass,pokemon-sfx-by-species/gen-3-hoenn/0274_nuzleaf__frenzy-plant.ogg,2724,attack-move-sfx-compressed/grass/frenzy-plant.ogg
275,Shiftry,shiftry,3,Hoenn,grass,dark,3,Frenzy Plant,grass,type-preferred:grass,pokemon-sfx-by-species/gen-3-hoenn/0275_shiftry__frenzy-plant.ogg,2724,attack-move-sfx-compressed/grass/frenzy-plant.ogg
276,Taillow,taillow,3,Hoenn,normal,flying,2,Hyper Beam,normal,type-preferred:normal,pokemon-sfx-by-species/gen-3-hoenn/0276_taillow__hyper-beam.ogg,2840,attack-move-sfx-compressed/normal/hyper-beam.ogg
277,Swellow,swellow,3,Hoenn,normal,flying,3,Hyper Beam,normal,type-preferred:normal,pokemon-sfx-by-species/gen-3-hoenn/0277_swellow__hyper-beam.ogg,2840,attack-move-sfx-compressed/normal/hyper-beam.ogg
278,Wingull,wingull,3,Hoenn,water,flying,2,Hydro Pump,water,type-preferred:water,pokemon-sfx-by-species/gen-3-hoenn/0278_wingull__hydro-pump.ogg,2966,attack-move-sfx-compressed/water/hydro-pump.ogg
279,Pelipper,pelipper,3,Hoenn,water,flying,3,Hydro Pump,water,type-preferred:water,pokemon-sfx-by-species/gen-3-hoenn/0279_pelipper__hydro-pump.ogg,2966,attack-move-sfx-compressed/water/hydro-pump.ogg
280,Ralts,ralts,3,Hoenn,psychic,fairy,1,Psystrike,psychic,type-preferred:psychic,pokemon-sfx-by-species/gen-3-hoenn/0280_ralts__psystrike.ogg,2807,attack-move-sfx-compressed/psychic/psystrike.ogg
281,Kirlia,kirlia,3,Hoenn,psychic,fairy,2,Psystrike,psychic,type-preferred:psychic,pokemon-sfx-by-species/gen-3-hoenn/0281_kirlia__psystrike.ogg,2807,attack-move-sfx-compressed/psychic/psystrike.ogg
282,Gardevoir,gardevoir,3,Hoenn,psychic,fairy,3,Psystrike,psychic,type-preferred:psychic,pokemon-sfx-by-species/gen-3-hoenn/0282_gardevoir__psystrike.ogg,2807,attack-move-sfx-compressed/psychic/psystrike.ogg
283,Surskit,surskit,3,Hoenn,bug,water,2,Bug Buzz,bug,type-preferred:bug,pokemon-sfx-by-species/gen-3-hoenn/0283_surskit__bug-buzz.ogg,2806,attack-move-sfx-compressed/bug/bug-buzz.ogg
284,Masquerain,masquerain,3,Hoenn,bug,flying,3,Bug Buzz,bug,type-preferred:bug,pokemon-sfx-by-species/gen-3-hoenn/0284_masquerain__bug-buzz.ogg,2806,attack-move-sfx-compressed/bug/bug-buzz.ogg
285,Shroomish,shroomish,3,Hoenn,grass,,2,Frenzy Plant,grass,type-preferred:grass,pokemon-sfx-by-species/gen-3-hoenn/0285_shroomish__frenzy-plant.ogg,2724,attack-move-sfx-compressed/grass/frenzy-plant.ogg
286,Breloom,breloom,3,Hoenn,grass,fighting,3,Frenzy Plant,grass,type-preferred:grass,pokemon-sfx-by-species/gen-3-hoenn/0286_breloom__frenzy-plant.ogg,2724,attack-move-sfx-compressed/grass/frenzy-plant.ogg
287,Slakoth,slakoth,3,Hoenn,normal,,2,Hyper Beam,normal,type-preferred:normal,pokemon-sfx-by-species/gen-3-hoenn/0287_slakoth__hyper-beam.ogg,2840,attack-move-sfx-compressed/normal/hyper-beam.ogg
288,Vigoroth,vigoroth,3,Hoenn,normal,,3,Hyper Beam,normal,type-preferred:normal,pokemon-sfx-by-species/gen-3-hoenn/0288_vigoroth__hyper-beam.ogg,2840,attack-move-sfx-compressed/normal/hyper-beam.ogg
289,Slaking,slaking,3,Hoenn,normal,,1,Hyper Beam,normal,type-preferred:normal,pokemon-sfx-by-species/gen-3-hoenn/0289_slaking__hyper-beam.ogg,2840,attack-move-sfx-compressed/normal/hyper-beam.ogg
290,Nincada,nincada,3,Hoenn,bug,ground,2,Bug Buzz,bug,type-preferred:bug,pokemon-sfx-by-species/gen-3-hoenn/0290_nincada__bug-buzz.ogg,2806,attack-move-sfx-compressed/bug/bug-buzz.ogg
291,Ninjask,ninjask,3,Hoenn,bug,flying,3,Bug Buzz,bug,type-preferred:bug,pokemon-sfx-by-species/gen-3-hoenn/0291_ninjask__bug-buzz.ogg,2806,attack-move-sfx-compressed/bug/bug-buzz.ogg
292,Shedinja,shedinja,3,Hoenn,bug,ghost,3,Bug Buzz,bug,type-preferred:bug,pokemon-sfx-by-species/gen-3-hoenn/0292_shedinja__bug-buzz.ogg,2806,attack-move-sfx-compressed/bug/bug-buzz.ogg
293,Whismur,whismur,3,Hoenn,normal,,1,Hyper Beam,normal,type-preferred:normal,pokemon-sfx-by-species/gen-3-hoenn/0293_whismur__hyper-beam.ogg,2840,attack-move-sfx-compressed/normal/hyper-beam.ogg
294,Loudred,loudred,3,Hoenn,normal,,2,Hyper Beam,normal,type-preferred:normal,pokemon-sfx-by-species/gen-3-hoenn/0294_loudred__hyper-beam.ogg,2840,attack-move-sfx-compressed/normal/hyper-beam.ogg
295,Exploud,exploud,3,Hoenn,normal,,3,Hyper Beam,normal,type-preferred:normal,pokemon-sfx-by-species/gen-3-hoenn/0295_exploud__hyper-beam.ogg,2840,attack-move-sfx-compressed/normal/hyper-beam.ogg
296,Makuhita,makuhita,3,Hoenn,fighting,,2,Close Combat,fighting,type-preferred:fighting,pokemon-sfx-by-species/gen-3-hoenn/0296_makuhita__close-combat.ogg,2821,attack-move-sfx-compressed/fighting/close-combat.ogg
297,Hariyama,hariyama,3,Hoenn,fighting,,3,Close Combat,fighting,type-preferred:fighting,pokemon-sfx-by-species/gen-3-hoenn/0297_hariyama__close-combat.ogg,2821,attack-move-sfx-compressed/fighting/close-combat.ogg
298,Azurill,azurill,3,Hoenn,normal,fairy,2,Hyper Beam,normal,type-preferred:normal,pokemon-sfx-by-species/gen-3-hoenn/0298_azurill__hyper-beam.ogg,2840,attack-move-sfx-compressed/normal/hyper-beam.ogg
299,Nosepass,nosepass,3,Hoenn,rock,,3,Stone Edge,rock,type-preferred:rock,pokemon-sfx-by-species/gen-3-hoenn/0299_nosepass__stone-edge.ogg,2756,attack-move-sfx-compressed/rock/stone-edge.ogg
300,Skitty,skitty,3,Hoenn,normal,,2,Hyper Beam,normal,type-preferred:normal,pokemon-sfx-by-species/gen-3-hoenn/0300_skitty__hyper-beam.ogg,2840,attack-move-sfx-compressed/normal/hyper-beam.ogg
301,Delcatty,delcatty,3,Hoenn,normal,,3,Hyper Beam,normal,type-preferred:normal,pokemon-sfx-by-species/gen-3-hoenn/0301_delcatty__hyper-beam.ogg,2840,attack-move-sfx-compressed/normal/hyper-beam.ogg
302,Sableye,sableye,3,Hoenn,dark,ghost,2,Dark Pulse,dark,type-preferred:dark,pokemon-sfx-by-species/gen-3-hoenn/0302_sableye__dark-pulse.ogg,2795,attack-move-sfx-compressed/dark/dark-pulse.ogg
303,Mawile,mawile,3,Hoenn,steel,fairy,3,Flash Cannon,steel,type-preferred:steel,pokemon-sfx-by-species/gen-3-hoenn/0303_mawile__flash-cannon.ogg,2764,attack-move-sfx-compressed/steel/flash-cannon.ogg
304,Aron,aron,3,Hoenn,steel,rock,1,Flash Cannon,steel,type-preferred:steel,pokemon-sfx-by-species/gen-3-hoenn/0304_aron__flash-cannon.ogg,2764,attack-move-sfx-compressed/steel/flash-cannon.ogg
305,Lairon,lairon,3,Hoenn,steel,rock,2,Flash Cannon,steel,type-preferred:steel,pokemon-sfx-by-species/gen-3-hoenn/0305_lairon__flash-cannon.ogg,2764,attack-move-sfx-compressed/steel/flash-cannon.ogg
306,Aggron,aggron,3,Hoenn,steel,rock,3,Flash Cannon,steel,type-preferred:steel,pokemon-sfx-by-species/gen-3-hoenn/0306_aggron__flash-cannon.ogg,2764,attack-move-sfx-compressed/steel/flash-cannon.ogg
307,Meditite,meditite,3,Hoenn,fighting,psychic,2,Close Combat,fighting,type-preferred:fighting,pokemon-sfx-by-species/gen-3-hoenn/0307_meditite__close-combat.ogg,2821,attack-move-sfx-compressed/fighting/close-combat.ogg
308,Medicham,medicham,3,Hoenn,fighting,psychic,3,Close Combat,fighting,type-preferred:fighting,pokemon-sfx-by-species/gen-3-hoenn/0308_medicham__close-combat.ogg,2821,attack-move-sfx-compressed/fighting/close-combat.ogg
309,Electrike,electrike,3,Hoenn,electric,,2,Catastropika,electric,type-preferred:electric,pokemon-sfx-by-species/gen-3-hoenn/0309_electrike__catastropika.ogg,3043,attack-move-sfx-compressed/electric/catastropika.ogg
310,Manectric,manectric,3,Hoenn,electric,,3,Catastropika,electric,type-preferred:electric,pokemon-sfx-by-species/gen-3-hoenn/0310_manectric__catastropika.ogg,3043,attack-move-sfx-compressed/electric/catastropika.ogg
311,Plusle,plusle,3,Hoenn,electric,,2,Catastropika,electric,type-preferred:electric,pokemon-sfx-by-species/gen-3-hoenn/0311_plusle__catastropika.ogg,3043,attack-move-sfx-compressed/electric/catastropika.ogg
312,Minun,minun,3,Hoenn,electric,,3,Catastropika,electric,type-preferred:electric,pokemon-sfx-by-species/gen-3-hoenn/0312_minun__catastropika.ogg,3043,attack-move-sfx-compressed/electric/catastropika.ogg
313,Volbeat,volbeat,3,Hoenn,bug,,2,Bug Buzz,bug,type-preferred:bug,pokemon-sfx-by-species/gen-3-hoenn/0313_volbeat__bug-buzz.ogg,2806,attack-move-sfx-compressed/bug/bug-buzz.ogg
314,Illumise,illumise,3,Hoenn,bug,,3,Bug Buzz,bug,type-preferred:bug,pokemon-sfx-by-species/gen-3-hoenn/0314_illumise__bug-buzz.ogg,2806,attack-move-sfx-compressed/bug/bug-buzz.ogg
315,Roselia,roselia,3,Hoenn,grass,poison,1,Frenzy Plant,grass,type-preferred:grass,pokemon-sfx-by-species/gen-3-hoenn/0315_roselia__frenzy-plant.ogg,2724,attack-move-sfx-compressed/grass/frenzy-plant.ogg
316,Gulpin,gulpin,3,Hoenn,poison,,2,Sludge Bomb,poison,type-preferred:poison,pokemon-sfx-by-species/gen-3-hoenn/0316_gulpin__sludge-bomb.ogg,2794,attack-move-sfx-compressed/poison/sludge-bomb.ogg
317,Swalot,swalot,3,Hoenn,poison,,3,Sludge Bomb,poison,type-preferred:poison,pokemon-sfx-by-species/gen-3-hoenn/0317_swalot__sludge-bomb.ogg,2794,attack-move-sfx-compressed/poison/sludge-bomb.ogg
318,Carvanha,carvanha,3,Hoenn,water,dark,2,Hydro Pump,water,type-preferred:water,pokemon-sfx-by-species/gen-3-hoenn/0318_carvanha__hydro-pump.ogg,2966,attack-move-sfx-compressed/water/hydro-pump.ogg
319,Sharpedo,sharpedo,3,Hoenn,water,dark,3,Hydro Pump,water,type-preferred:water,pokemon-sfx-by-species/gen-3-hoenn/0319_sharpedo__hydro-pump.ogg,2966,attack-move-sfx-compressed/water/hydro-pump.ogg
320,Wailmer,wailmer,3,Hoenn,water,,2,Hydro Pump,water,type-preferred:water,pokemon-sfx-by-species/gen-3-hoenn/0320_wailmer__hydro-pump.ogg,2966,attack-move-sfx-compressed/water/hydro-pump.ogg
321,Wailord,wailord,3,Hoenn,water,,3,Hydro Pump,water,type-preferred:water,pokemon-sfx-by-species/gen-3-hoenn/0321_wailord__hydro-pump.ogg,2966,attack-move-sfx-compressed/water/hydro-pump.ogg
322,Numel,numel,3,Hoenn,fire,ground,2,Blast Burn,fire,type-preferred:fire,pokemon-sfx-by-species/gen-3-hoenn/0322_numel__blast-burn.ogg,2728,attack-move-sfx-compressed/fire/blast-burn.ogg
323,Camerupt,camerupt,3,Hoenn,fire,ground,3,Blast Burn,fire,type-preferred:fire,pokemon-sfx-by-species/gen-3-hoenn/0323_camerupt__blast-burn.ogg,2728,attack-move-sfx-compressed/fire/blast-burn.ogg
324,Torkoal,torkoal,3,Hoenn,fire,,1,Blast Burn,fire,type-preferred:fire,pokemon-sfx-by-species/gen-3-hoenn/0324_torkoal__blast-burn.ogg,2728,attack-move-sfx-compressed/fire/blast-burn.ogg
325,Spoink,spoink,3,Hoenn,psychic,,2,Psystrike,psychic,type-preferred:psychic,pokemon-sfx-by-species/gen-3-hoenn/0325_spoink__psystrike.ogg,2807,attack-move-sfx-compressed/psychic/psystrike.ogg
326,Grumpig,grumpig,3,Hoenn,psychic,,3,Psystrike,psychic,type-preferred:psychic,pokemon-sfx-by-species/gen-3-hoenn/0326_grumpig__psystrike.ogg,2807,attack-move-sfx-compressed/psychic/psystrike.ogg
327,Spinda,spinda,3,Hoenn,normal,,1,Hyper Beam,normal,type-preferred:normal,pokemon-sfx-by-species/gen-3-hoenn/0327_spinda__hyper-beam.ogg,2840,attack-move-sfx-compressed/normal/hyper-beam.ogg
328,Trapinch,trapinch,3,Hoenn,ground,,3,Earthquake,ground,type-preferred:ground,pokemon-sfx-by-species/gen-3-hoenn/0328_trapinch__earthquake.ogg,2774,attack-move-sfx-compressed/ground/earthquake.ogg
329,Vibrava,vibrava,3,Hoenn,ground,dragon,2,Earthquake,ground,type-preferred:ground,pokemon-sfx-by-species/gen-3-hoenn/0329_vibrava__earthquake.ogg,2774,attack-move-sfx-compressed/ground/earthquake.ogg
330,Flygon,flygon,3,Hoenn,ground,dragon,3,Earthquake,ground,type-preferred:ground,pokemon-sfx-by-species/gen-3-hoenn/0330_flygon__earthquake.ogg,2774,attack-move-sfx-compressed/ground/earthquake.ogg
331,Cacnea,cacnea,3,Hoenn,grass,,2,Frenzy Plant,grass,type-preferred:grass,pokemon-sfx-by-species/gen-3-hoenn/0331_cacnea__frenzy-plant.ogg,2724,attack-move-sfx-compressed/grass/frenzy-plant.ogg
332,Cacturne,cacturne,3,Hoenn,grass,dark,3,Frenzy Plant,grass,type-preferred:grass,pokemon-sfx-by-species/gen-3-hoenn/0332_cacturne__frenzy-plant.ogg,2724,attack-move-sfx-compressed/grass/frenzy-plant.ogg
333,Swablu,swablu,3,Hoenn,normal,flying,2,Hyper Beam,normal,type-preferred:normal,pokemon-sfx-by-species/gen-3-hoenn/0333_swablu__hyper-beam.ogg,2840,attack-move-sfx-compressed/normal/hyper-beam.ogg
334,Altaria,altaria,3,Hoenn,dragon,flying,3,Draco Meteor,dragon,type-preferred:dragon,pokemon-sfx-by-species/gen-3-hoenn/0334_altaria__draco-meteor.ogg,2739,attack-move-sfx-compressed/dragon/draco-meteor.ogg
335,Zangoose,zangoose,3,Hoenn,normal,,2,Hyper Beam,normal,type-preferred:normal,pokemon-sfx-by-species/gen-3-hoenn/0335_zangoose__hyper-beam.ogg,2840,attack-move-sfx-compressed/normal/hyper-beam.ogg
336,Seviper,seviper,3,Hoenn,poison,,3,Sludge Bomb,poison,type-preferred:poison,pokemon-sfx-by-species/gen-3-hoenn/0336_seviper__sludge-bomb.ogg,2794,attack-move-sfx-compressed/poison/sludge-bomb.ogg
337,Lunatone,lunatone,3,Hoenn,rock,psychic,2,Stone Edge,rock,type-preferred:rock,pokemon-sfx-by-species/gen-3-hoenn/0337_lunatone__stone-edge.ogg,2756,attack-move-sfx-compressed/rock/stone-edge.ogg
338,Solrock,solrock,3,Hoenn,rock,psychic,3,Stone Edge,rock,type-preferred:rock,pokemon-sfx-by-species/gen-3-hoenn/0338_solrock__stone-edge.ogg,2756,attack-move-sfx-compressed/rock/stone-edge.ogg
339,Barboach,barboach,3,Hoenn,water,ground,2,Hydro Pump,water,type-preferred:water,pokemon-sfx-by-species/gen-3-hoenn/0339_barboach__hydro-pump.ogg,2966,attack-move-sfx-compressed/water/hydro-pump.ogg
340,Whiscash,whiscash,3,Hoenn,water,ground,3,Hydro Pump,water,type-preferred:water,pokemon-sfx-by-species/gen-3-hoenn/0340_whiscash__hydro-pump.ogg,2966,attack-move-sfx-compressed/water/hydro-pump.ogg
341,Corphish,corphish,3,Hoenn,water,,2,Hydro Pump,water,type-preferred:water,pokemon-sfx-by-species/gen-3-hoenn/0341_corphish__hydro-pump.ogg,2966,attack-move-sfx-compressed/water/hydro-pump.ogg
342,Crawdaunt,crawdaunt,3,Hoenn,water,dark,3,Hydro Pump,water,type-preferred:water,pokemon-sfx-by-species/gen-3-hoenn/0342_crawdaunt__hydro-pump.ogg,2966,attack-move-sfx-compressed/water/hydro-pump.ogg
343,Baltoy,baltoy,3,Hoenn,ground,psychic,2,Earthquake,ground,type-preferred:ground,pokemon-sfx-by-species/gen-3-hoenn/0343_baltoy__earthquake.ogg,2774,attack-move-sfx-compressed/ground/earthquake.ogg
344,Claydol,claydol,3,Hoenn,ground,psychic,3,Earthquake,ground,type-preferred:ground,pokemon-sfx-by-species/gen-3-hoenn/0344_claydol__earthquake.ogg,2774,attack-move-sfx-compressed/ground/earthquake.ogg
345,Lileep,lileep,3,Hoenn,rock,grass,2,Stone Edge,rock,type-preferred:rock,pokemon-sfx-by-species/gen-3-hoenn/0345_lileep__stone-edge.ogg,2756,attack-move-sfx-compressed/rock/stone-edge.ogg
346,Cradily,cradily,3,Hoenn,rock,grass,3,Stone Edge,rock,type-preferred:rock,pokemon-sfx-by-species/gen-3-hoenn/0346_cradily__stone-edge.ogg,2756,attack-move-sfx-compressed/rock/stone-edge.ogg
347,Anorith,anorith,3,Hoenn,rock,bug,2,Stone Edge,rock,type-preferred:rock,pokemon-sfx-by-species/gen-3-hoenn/0347_anorith__stone-edge.ogg,2756,attack-move-sfx-compressed/rock/stone-edge.ogg
348,Armaldo,armaldo,3,Hoenn,rock,bug,3,Stone Edge,rock,type-preferred:rock,pokemon-sfx-by-species/gen-3-hoenn/0348_armaldo__stone-edge.ogg,2756,attack-move-sfx-compressed/rock/stone-edge.ogg
349,Feebas,feebas,3,Hoenn,water,,2,Hydro Pump,water,type-preferred:water,pokemon-sfx-by-species/gen-3-hoenn/0349_feebas__hydro-pump.ogg,2966,attack-move-sfx-compressed/water/hydro-pump.ogg
350,Milotic,milotic,3,Hoenn,water,,3,Hydro Pump,water,type-preferred:water,pokemon-sfx-by-species/gen-3-hoenn/0350_milotic__hydro-pump.ogg,2966,attack-move-sfx-compressed/water/hydro-pump.ogg
351,Castform,castform,3,Hoenn,normal,,2,Hyper Beam,normal,type-preferred:normal,pokemon-sfx-by-species/gen-3-hoenn/0351_castform__hyper-beam.ogg,2840,attack-move-sfx-compressed/normal/hyper-beam.ogg
352,Kecleon,kecleon,3,Hoenn,normal,,3,Hyper Beam,normal,type-preferred:normal,pokemon-sfx-by-species/gen-3-hoenn/0352_kecleon__hyper-beam.ogg,2840,attack-move-sfx-compressed/normal/hyper-beam.ogg
353,Shuppet,shuppet,3,Hoenn,ghost,,2,Shadow Ball,ghost,type-preferred:ghost,pokemon-sfx-by-species/gen-3-hoenn/0353_shuppet__shadow-ball.ogg,2793,attack-move-sfx-compressed/ghost/shadow-ball.ogg
354,Banette,banette,3,Hoenn,ghost,,3,Shadow Ball,ghost,type-preferred:ghost,pokemon-sfx-by-species/gen-3-hoenn/0354_banette__shadow-ball.ogg,2793,attack-move-sfx-compressed/ghost/shadow-ball.ogg
355,Duskull,duskull,3,Hoenn,ghost,,2,Shadow Ball,ghost,type-preferred:ghost,pokemon-sfx-by-species/gen-3-hoenn/0355_duskull__shadow-ball.ogg,2793,attack-move-sfx-compressed/ghost/shadow-ball.ogg
356,Dusclops,dusclops,3,Hoenn,ghost,,3,Shadow Ball,ghost,type-preferred:ghost,pokemon-sfx-by-species/gen-3-hoenn/0356_dusclops__shadow-ball.ogg,2793,attack-move-sfx-compressed/ghost/shadow-ball.ogg
357,Tropius,tropius,3,Hoenn,grass,flying,2,Frenzy Plant,grass,type-preferred:grass,pokemon-sfx-by-species/gen-3-hoenn/0357_tropius__frenzy-plant.ogg,2724,attack-move-sfx-compressed/grass/frenzy-plant.ogg
358,Chimecho,chimecho,3,Hoenn,psychic,,3,Psystrike,psychic,type-preferred:psychic,pokemon-sfx-by-species/gen-3-hoenn/0358_chimecho__psystrike.ogg,2807,attack-move-sfx-compressed/psychic/psystrike.ogg
359,Absol,absol,3,Hoenn,dark,,1,Dark Pulse,dark,type-preferred:dark,pokemon-sfx-by-species/gen-3-hoenn/0359_absol__dark-pulse.ogg,2795,attack-move-sfx-compressed/dark/dark-pulse.ogg
360,Wynaut,wynaut,3,Hoenn,psychic,,1,Psystrike,psychic,type-preferred:psychic,pokemon-sfx-by-species/gen-3-hoenn/0360_wynaut__psystrike.ogg,2807,attack-move-sfx-compressed/psychic/psystrike.ogg
361,Snorunt,snorunt,3,Hoenn,ice,,2,Blizzard,ice,type-preferred:ice,pokemon-sfx-by-species/gen-3-hoenn/0361_snorunt__blizzard.ogg,2811,attack-move-sfx-compressed/ice/blizzard.ogg
362,Glalie,glalie,3,Hoenn,ice,,3,Blizzard,ice,type-preferred:ice,pokemon-sfx-by-species/gen-3-hoenn/0362_glalie__blizzard.ogg,2811,attack-move-sfx-compressed/ice/blizzard.ogg
363,Spheal,spheal,3,Hoenn,ice,water,1,Blizzard,ice,type-preferred:ice,pokemon-sfx-by-species/gen-3-hoenn/0363_spheal__blizzard.ogg,2811,attack-move-sfx-compressed/ice/blizzard.ogg
364,Sealeo,sealeo,3,Hoenn,ice,water,2,Blizzard,ice,type-preferred:ice,pokemon-sfx-by-species/gen-3-hoenn/0364_sealeo__blizzard.ogg,2811,attack-move-sfx-compressed/ice/blizzard.ogg
365,Walrein,walrein,3,Hoenn,ice,water,3,Blizzard,ice,type-preferred:ice,pokemon-sfx-by-species/gen-3-hoenn/0365_walrein__blizzard.ogg,2811,attack-move-sfx-compressed/ice/blizzard.ogg
366,Clamperl,clamperl,3,Hoenn,water,,2,Hydro Pump,water,type-preferred:water,pokemon-sfx-by-species/gen-3-hoenn/0366_clamperl__hydro-pump.ogg,2966,attack-move-sfx-compressed/water/hydro-pump.ogg
367,Huntail,huntail,3,Hoenn,water,,3,Hydro Pump,water,type-preferred:water,pokemon-sfx-by-species/gen-3-hoenn/0367_huntail__hydro-pump.ogg,2966,attack-move-sfx-compressed/water/hydro-pump.ogg
368,Gorebyss,gorebyss,3,Hoenn,water,,3,Hydro Pump,water,type-preferred:water,pokemon-sfx-by-species/gen-3-hoenn/0368_gorebyss__hydro-pump.ogg,2966,attack-move-sfx-compressed/water/hydro-pump.ogg
369,Relicanth,relicanth,3,Hoenn,water,rock,3,Hydro Pump,water,type-preferred:water,pokemon-sfx-by-species/gen-3-hoenn/0369_relicanth__hydro-pump.ogg,2966,attack-move-sfx-compressed/water/hydro-pump.ogg
370,Luvdisc,luvdisc,3,Hoenn,water,,3,Hydro Pump,water,type-preferred:water,pokemon-sfx-by-species/gen-3-hoenn/0370_luvdisc__hydro-pump.ogg,2966,attack-move-sfx-compressed/water/hydro-pump.ogg
371,Bagon,bagon,3,Hoenn,dragon,,2,Draco Meteor,dragon,type-preferred:dragon,pokemon-sfx-by-species/gen-3-hoenn/0371_bagon__draco-meteor.ogg,2739,attack-move-sfx-compressed/dragon/draco-meteor.ogg
372,Shelgon,shelgon,3,Hoenn,dragon,,1,Draco Meteor,dragon,type-preferred:dragon,pokemon-sfx-by-species/gen-3-hoenn/0372_shelgon__draco-meteor.ogg,2739,attack-move-sfx-compressed/dragon/draco-meteor.ogg
373,Salamence,salamence,3,Hoenn,dragon,flying,3,Draco Meteor,dragon,type-preferred:dragon,pokemon-sfx-by-species/gen-3-hoenn/0373_salamence__draco-meteor.ogg,2739,attack-move-sfx-compressed/dragon/draco-meteor.ogg
374,Beldum,beldum,3,Hoenn,steel,psychic,2,Flash Cannon,steel,type-preferred:steel,pokemon-sfx-by-species/gen-3-hoenn/0374_beldum__flash-cannon.ogg,2764,attack-move-sfx-compressed/steel/flash-cannon.ogg
375,Metang,metang,3,Hoenn,steel,psychic,2,Flash Cannon,steel,type-preferred:steel,pokemon-sfx-by-species/gen-3-hoenn/0375_metang__flash-cannon.ogg,2764,attack-move-sfx-compressed/steel/flash-cannon.ogg
376,Metagross,metagross,3,Hoenn,steel,psychic,3,Flash Cannon,steel,type-preferred:steel,pokemon-sfx-by-species/gen-3-hoenn/0376_metagross__flash-cannon.ogg,2764,attack-move-sfx-compressed/steel/flash-cannon.ogg
377,Regirock,regirock,3,Hoenn,rock,,1,Stone Edge,rock,type-preferred:rock,pokemon-sfx-by-species/gen-3-hoenn/0377_regirock__stone-edge.ogg,2756,attack-move-sfx-compressed/rock/stone-edge.ogg
378,Regice,regice,3,Hoenn,ice,,3,Blizzard,ice,type-preferred:ice,pokemon-sfx-by-species/gen-3-hoenn/0378_regice__blizzard.ogg,2811,attack-move-sfx-compressed/ice/blizzard.ogg
379,Registeel,registeel,3,Hoenn,steel,,3,Flash Cannon,steel,type-preferred:steel,pokemon-sfx-by-species/gen-3-hoenn/0379_registeel__flash-cannon.ogg,2764,attack-move-sfx-compressed/steel/flash-cannon.ogg
380,Latias,latias,3,Hoenn,dragon,psychic,4,Draco Meteor,dragon,type-preferred:dragon,pokemon-sfx-by-species/gen-3-hoenn/0380_latias__draco-meteor.ogg,2739,attack-move-sfx-compressed/dragon/draco-meteor.ogg
381,Latios,latios,3,Hoenn,dragon,psychic,4,Draco Meteor,dragon,type-preferred:dragon,pokemon-sfx-by-species/gen-3-hoenn/0381_latios__draco-meteor.ogg,2739,attack-move-sfx-compressed/dragon/draco-meteor.ogg
382,Kyogre,kyogre,3,Hoenn,water,,4,Hydro Pump,water,type-preferred:water,pokemon-sfx-by-species/gen-3-hoenn/0382_kyogre__hydro-pump.ogg,2966,attack-move-sfx-compressed/water/hydro-pump.ogg
383,Groudon,groudon,3,Hoenn,ground,,4,Earthquake,ground,type-preferred:ground,pokemon-sfx-by-species/gen-3-hoenn/0383_groudon__earthquake.ogg,2774,attack-move-sfx-compressed/ground/earthquake.ogg
384,Rayquaza,rayquaza,3,Hoenn,dragon,flying,4,Draco Meteor,dragon,type-preferred:dragon,pokemon-sfx-by-species/gen-3-hoenn/0384_rayquaza__draco-meteor.ogg,2739,attack-move-sfx-compressed/dragon/draco-meteor.ogg
385,Jirachi,jirachi,3,Hoenn,steel,psychic,4,Flash Cannon,steel,type-preferred:steel,pokemon-sfx-by-species/gen-3-hoenn/0385_jirachi__flash-cannon.ogg,2764,attack-move-sfx-compressed/steel/flash-cannon.ogg
386,Deoxys,deoxys,3,Hoenn,psychic,,4,Psystrike,psychic,type-preferred:psychic,pokemon-sfx-by-species/gen-3-hoenn/0386_deoxys__psystrike.ogg,2807,attack-move-sfx-compressed/psychic/psystrike.ogg
387,Turtwig,turtwig,4,Sinnoh,grass,,1,Frenzy Plant,grass,type-preferred:grass,pokemon-sfx-by-species/gen-4-sinnoh/0387_turtwig__frenzy-plant.ogg,2724,attack-move-sfx-compressed/grass/frenzy-plant.ogg
388,Grotle,grotle,4,Sinnoh,grass,,2,Frenzy Plant,grass,type-preferred:grass,pokemon-sfx-by-species/gen-4-sinnoh/0388_grotle__frenzy-plant.ogg,2724,attack-move-sfx-compressed/grass/frenzy-plant.ogg
389,Torterra,torterra,4,Sinnoh,grass,ground,3,Frenzy Plant,grass,type-preferred:grass,pokemon-sfx-by-species/gen-4-sinnoh/0389_torterra__frenzy-plant.ogg,2724,attack-move-sfx-compressed/grass/frenzy-plant.ogg
390,Chimchar,chimchar,4,Sinnoh,fire,,1,Blast Burn,fire,type-preferred:fire,pokemon-sfx-by-species/gen-4-sinnoh/0390_chimchar__blast-burn.ogg,2728,attack-move-sfx-compressed/fire/blast-burn.ogg
391,Monferno,monferno,4,Sinnoh,fire,fighting,2,Blast Burn,fire,type-preferred:fire,pokemon-sfx-by-species/gen-4-sinnoh/0391_monferno__blast-burn.ogg,2728,attack-move-sfx-compressed/fire/blast-burn.ogg
392,Infernape,infernape,4,Sinnoh,fire,fighting,3,Blast Burn,fire,type-preferred:fire,pokemon-sfx-by-species/gen-4-sinnoh/0392_infernape__blast-burn.ogg,2728,attack-move-sfx-compressed/fire/blast-burn.ogg
393,Piplup,piplup,4,Sinnoh,water,,1,Hydro Pump,water,type-preferred:water,pokemon-sfx-by-species/gen-4-sinnoh/0393_piplup__hydro-pump.ogg,2966,attack-move-sfx-compressed/water/hydro-pump.ogg
394,Prinplup,prinplup,4,Sinnoh,water,,2,Hydro Pump,water,type-preferred:water,pokemon-sfx-by-species/gen-4-sinnoh/0394_prinplup__hydro-pump.ogg,2966,attack-move-sfx-compressed/water/hydro-pump.ogg
395,Empoleon,empoleon,4,Sinnoh,water,steel,3,Hydro Pump,water,type-preferred:water,pokemon-sfx-by-species/gen-4-sinnoh/0395_empoleon__hydro-pump.ogg,2966,attack-move-sfx-compressed/water/hydro-pump.ogg
396,Starly,starly,4,Sinnoh,normal,flying,1,Hyper Beam,normal,type-preferred:normal,pokemon-sfx-by-species/gen-4-sinnoh/0396_starly__hyper-beam.ogg,2840,attack-move-sfx-compressed/normal/hyper-beam.ogg
397,Staravia,staravia,4,Sinnoh,normal,flying,2,Hyper Beam,normal,type-preferred:normal,pokemon-sfx-by-species/gen-4-sinnoh/0397_staravia__hyper-beam.ogg,2840,attack-move-sfx-compressed/normal/hyper-beam.ogg
398,Staraptor,staraptor,4,Sinnoh,normal,flying,3,Hyper Beam,normal,type-preferred:normal,pokemon-sfx-by-species/gen-4-sinnoh/0398_staraptor__hyper-beam.ogg,2840,attack-move-sfx-compressed/normal/hyper-beam.ogg
399,Bidoof,bidoof,4,Sinnoh,normal,,2,Hyper Beam,normal,type-preferred:normal,pokemon-sfx-by-species/gen-4-sinnoh/0399_bidoof__hyper-beam.ogg,2840,attack-move-sfx-compressed/normal/hyper-beam.ogg
400,Bibarel,bibarel,4,Sinnoh,normal,water,3,Hyper Beam,normal,type-preferred:normal,pokemon-sfx-by-species/gen-4-sinnoh/0400_bibarel__hyper-beam.ogg,2840,attack-move-sfx-compressed/normal/hyper-beam.ogg
401,Kricketot,kricketot,4,Sinnoh,bug,,2,Bug Buzz,bug,type-preferred:bug,pokemon-sfx-by-species/gen-4-sinnoh/0401_kricketot__bug-buzz.ogg,2806,attack-move-sfx-compressed/bug/bug-buzz.ogg
402,Kricketune,kricketune,4,Sinnoh,bug,,3,Bug Buzz,bug,type-preferred:bug,pokemon-sfx-by-species/gen-4-sinnoh/0402_kricketune__bug-buzz.ogg,2806,attack-move-sfx-compressed/bug/bug-buzz.ogg
403,Shinx,shinx,4,Sinnoh,electric,,2,Catastropika,electric,type-preferred:electric,pokemon-sfx-by-species/gen-4-sinnoh/0403_shinx__catastropika.ogg,3043,attack-move-sfx-compressed/electric/catastropika.ogg
404,Luxio,luxio,4,Sinnoh,electric,,3,Catastropika,electric,type-preferred:electric,pokemon-sfx-by-species/gen-4-sinnoh/0404_luxio__catastropika.ogg,3043,attack-move-sfx-compressed/electric/catastropika.ogg
405,Luxray,luxray,4,Sinnoh,electric,,1,Catastropika,electric,type-preferred:electric,pokemon-sfx-by-species/gen-4-sinnoh/0405_luxray__catastropika.ogg,3043,attack-move-sfx-compressed/electric/catastropika.ogg
406,Budew,budew,4,Sinnoh,grass,poison,2,Frenzy Plant,grass,type-preferred:grass,pokemon-sfx-by-species/gen-4-sinnoh/0406_budew__frenzy-plant.ogg,2724,attack-move-sfx-compressed/grass/frenzy-plant.ogg
407,Roserade,roserade,4,Sinnoh,grass,poison,3,Frenzy Plant,grass,type-preferred:grass,pokemon-sfx-by-species/gen-4-sinnoh/0407_roserade__frenzy-plant.ogg,2724,attack-move-sfx-compressed/grass/frenzy-plant.ogg
408,Cranidos,cranidos,4,Sinnoh,rock,,2,Stone Edge,rock,type-preferred:rock,pokemon-sfx-by-species/gen-4-sinnoh/0408_cranidos__stone-edge.ogg,2756,attack-move-sfx-compressed/rock/stone-edge.ogg
409,Rampardos,rampardos,4,Sinnoh,rock,,3,Stone Edge,rock,type-preferred:rock,pokemon-sfx-by-species/gen-4-sinnoh/0409_rampardos__stone-edge.ogg,2756,attack-move-sfx-compressed/rock/stone-edge.ogg
410,Shieldon,shieldon,4,Sinnoh,rock,steel,2,Stone Edge,rock,type-preferred:rock,pokemon-sfx-by-species/gen-4-sinnoh/0410_shieldon__stone-edge.ogg,2756,attack-move-sfx-compressed/rock/stone-edge.ogg
411,Bastiodon,bastiodon,4,Sinnoh,rock,steel,3,Stone Edge,rock,type-preferred:rock,pokemon-sfx-by-species/gen-4-sinnoh/0411_bastiodon__stone-edge.ogg,2756,attack-move-sfx-compressed/rock/stone-edge.ogg
412,Burmy,burmy,4,Sinnoh,bug,,2,Bug Buzz,bug,type-preferred:bug,pokemon-sfx-by-species/gen-4-sinnoh/0412_burmy__bug-buzz.ogg,2806,attack-move-sfx-compressed/bug/bug-buzz.ogg
413,Wormadam,wormadam,4,Sinnoh,bug,grass,3,Bug Buzz,bug,type-preferred:bug,pokemon-sfx-by-species/gen-4-sinnoh/0413_wormadam__bug-buzz.ogg,2806,attack-move-sfx-compressed/bug/bug-buzz.ogg
414,Mothim,mothim,4,Sinnoh,bug,flying,1,Bug Buzz,bug,type-preferred:bug,pokemon-sfx-by-species/gen-4-sinnoh/0414_mothim__bug-buzz.ogg,2806,attack-move-sfx-compressed/bug/bug-buzz.ogg
415,Combee,combee,4,Sinnoh,bug,flying,1,Bug Buzz,bug,type-preferred:bug,pokemon-sfx-by-species/gen-4-sinnoh/0415_combee__bug-buzz.ogg,2806,attack-move-sfx-compressed/bug/bug-buzz.ogg
416,Vespiquen,vespiquen,4,Sinnoh,bug,flying,3,Bug Buzz,bug,type-preferred:bug,pokemon-sfx-by-species/gen-4-sinnoh/0416_vespiquen__bug-buzz.ogg,2806,attack-move-sfx-compressed/bug/bug-buzz.ogg
417,Pachirisu,pachirisu,4,Sinnoh,electric,,1,Catastropika,electric,type-preferred:electric,pokemon-sfx-by-species/gen-4-sinnoh/0417_pachirisu__catastropika.ogg,3043,attack-move-sfx-compressed/electric/catastropika.ogg
418,Buizel,buizel,4,Sinnoh,water,,2,Hydro Pump,water,type-preferred:water,pokemon-sfx-by-species/gen-4-sinnoh/0418_buizel__hydro-pump.ogg,2966,attack-move-sfx-compressed/water/hydro-pump.ogg
419,Floatzel,floatzel,4,Sinnoh,water,,3,Hydro Pump,water,type-preferred:water,pokemon-sfx-by-species/gen-4-sinnoh/0419_floatzel__hydro-pump.ogg,2966,attack-move-sfx-compressed/water/hydro-pump.ogg
420,Cherubi,cherubi,4,Sinnoh,grass,,2,Frenzy Plant,grass,type-preferred:grass,pokemon-sfx-by-species/gen-4-sinnoh/0420_cherubi__frenzy-plant.ogg,2724,attack-move-sfx-compressed/grass/frenzy-plant.ogg
421,Cherrim,cherrim,4,Sinnoh,grass,,3,Frenzy Plant,grass,type-preferred:grass,pokemon-sfx-by-species/gen-4-sinnoh/0421_cherrim__frenzy-plant.ogg,2724,attack-move-sfx-compressed/grass/frenzy-plant.ogg
422,Shellos,shellos,4,Sinnoh,water,,2,Hydro Pump,water,type-preferred:water,pokemon-sfx-by-species/gen-4-sinnoh/0422_shellos__hydro-pump.ogg,2966,attack-move-sfx-compressed/water/hydro-pump.ogg
423,Gastrodon,gastrodon,4,Sinnoh,water,ground,3,Hydro Pump,water,type-preferred:water,pokemon-sfx-by-species/gen-4-sinnoh/0423_gastrodon__hydro-pump.ogg,2966,attack-move-sfx-compressed/water/hydro-pump.ogg
424,Ambipom,ambipom,4,Sinnoh,normal,,2,Hyper Beam,normal,type-preferred:normal,pokemon-sfx-by-species/gen-4-sinnoh/0424_ambipom__hyper-beam.ogg,2840,attack-move-sfx-compressed/normal/hyper-beam.ogg
425,Drifloon,drifloon,4,Sinnoh,ghost,flying,3,Shadow Ball,ghost,type-preferred:ghost,pokemon-sfx-by-species/gen-4-sinnoh/0425_drifloon__shadow-ball.ogg,2793,attack-move-sfx-compressed/ghost/shadow-ball.ogg
426,Drifblim,drifblim,4,Sinnoh,ghost,flying,3,Shadow Ball,ghost,type-preferred:ghost,pokemon-sfx-by-species/gen-4-sinnoh/0426_drifblim__shadow-ball.ogg,2793,attack-move-sfx-compressed/ghost/shadow-ball.ogg
427,Buneary,buneary,4,Sinnoh,normal,,2,Hyper Beam,normal,type-preferred:normal,pokemon-sfx-by-species/gen-4-sinnoh/0427_buneary__hyper-beam.ogg,2840,attack-move-sfx-compressed/normal/hyper-beam.ogg
428,Lopunny,lopunny,4,Sinnoh,normal,,3,Hyper Beam,normal,type-preferred:normal,pokemon-sfx-by-species/gen-4-sinnoh/0428_lopunny__hyper-beam.ogg,2840,attack-move-sfx-compressed/normal/hyper-beam.ogg
429,Mismagius,mismagius,4,Sinnoh,ghost,,2,Shadow Ball,ghost,type-preferred:ghost,pokemon-sfx-by-species/gen-4-sinnoh/0429_mismagius__shadow-ball.ogg,2793,attack-move-sfx-compressed/ghost/shadow-ball.ogg
430,Honchkrow,honchkrow,4,Sinnoh,dark,flying,3,Dark Pulse,dark,type-preferred:dark,pokemon-sfx-by-species/gen-4-sinnoh/0430_honchkrow__dark-pulse.ogg,2795,attack-move-sfx-compressed/dark/dark-pulse.ogg
431,Glameow,glameow,4,Sinnoh,normal,,2,Hyper Beam,normal,type-preferred:normal,pokemon-sfx-by-species/gen-4-sinnoh/0431_glameow__hyper-beam.ogg,2840,attack-move-sfx-compressed/normal/hyper-beam.ogg
432,Purugly,purugly,4,Sinnoh,normal,,3,Hyper Beam,normal,type-preferred:normal,pokemon-sfx-by-species/gen-4-sinnoh/0432_purugly__hyper-beam.ogg,2840,attack-move-sfx-compressed/normal/hyper-beam.ogg
433,Chingling,chingling,4,Sinnoh,psychic,,1,Psystrike,psychic,type-preferred:psychic,pokemon-sfx-by-species/gen-4-sinnoh/0433_chingling__psystrike.ogg,2807,attack-move-sfx-compressed/psychic/psystrike.ogg
434,Stunky,stunky,4,Sinnoh,poison,dark,2,Sludge Bomb,poison,type-preferred:poison,pokemon-sfx-by-species/gen-4-sinnoh/0434_stunky__sludge-bomb.ogg,2794,attack-move-sfx-compressed/poison/sludge-bomb.ogg
435,Skuntank,skuntank,4,Sinnoh,poison,dark,3,Sludge Bomb,poison,type-preferred:poison,pokemon-sfx-by-species/gen-4-sinnoh/0435_skuntank__sludge-bomb.ogg,2794,attack-move-sfx-compressed/poison/sludge-bomb.ogg
436,Bronzor,bronzor,4,Sinnoh,steel,psychic,2,Flash Cannon,steel,type-preferred:steel,pokemon-sfx-by-species/gen-4-sinnoh/0436_bronzor__flash-cannon.ogg,2764,attack-move-sfx-compressed/steel/flash-cannon.ogg
437,Bronzong,bronzong,4,Sinnoh,steel,psychic,3,Flash Cannon,steel,type-preferred:steel,pokemon-sfx-by-species/gen-4-sinnoh/0437_bronzong__flash-cannon.ogg,2764,attack-move-sfx-compressed/steel/flash-cannon.ogg
438,Bonsly,bonsly,4,Sinnoh,rock,,1,Stone Edge,rock,type-preferred:rock,pokemon-sfx-by-species/gen-4-sinnoh/0438_bonsly__stone-edge.ogg,2756,attack-move-sfx-compressed/rock/stone-edge.ogg
439,Mime Jr.,mime-jr,4,Sinnoh,psychic,fairy,3,Psystrike,psychic,type-preferred:psychic,pokemon-sfx-by-species/gen-4-sinnoh/0439_mime-jr__psystrike.ogg,2807,attack-move-sfx-compressed/psychic/psystrike.ogg
440,Happiny,happiny,4,Sinnoh,normal,,2,Hyper Beam,normal,type-preferred:normal,pokemon-sfx-by-species/gen-4-sinnoh/0440_happiny__hyper-beam.ogg,2840,attack-move-sfx-compressed/normal/hyper-beam.ogg
441,Chatot,chatot,4,Sinnoh,normal,flying,3,Hyper Beam,normal,type-preferred:normal,pokemon-sfx-by-species/gen-4-sinnoh/0441_chatot__hyper-beam.ogg,2840,attack-move-sfx-compressed/normal/hyper-beam.ogg
442,Spiritomb,spiritomb,4,Sinnoh,ghost,dark,3,Shadow Ball,ghost,type-preferred:ghost,pokemon-sfx-by-species/gen-4-sinnoh/0442_spiritomb__shadow-ball.ogg,2793,attack-move-sfx-compressed/ghost/shadow-ball.ogg
443,Gible,gible,4,Sinnoh,dragon,ground,2,Draco Meteor,dragon,type-preferred:dragon,pokemon-sfx-by-species/gen-4-sinnoh/0443_gible__draco-meteor.ogg,2739,attack-move-sfx-compressed/dragon/draco-meteor.ogg
444,Gabite,gabite,4,Sinnoh,dragon,ground,3,Draco Meteor,dragon,type-preferred:dragon,pokemon-sfx-by-species/gen-4-sinnoh/0444_gabite__draco-meteor.ogg,2739,attack-move-sfx-compressed/dragon/draco-meteor.ogg
445,Garchomp,garchomp,4,Sinnoh,dragon,ground,1,Draco Meteor,dragon,type-preferred:dragon,pokemon-sfx-by-species/gen-4-sinnoh/0445_garchomp__draco-meteor.ogg,2739,attack-move-sfx-compressed/dragon/draco-meteor.ogg
446,Munchlax,munchlax,4,Sinnoh,normal,,1,Hyper Beam,normal,type-preferred:normal,pokemon-sfx-by-species/gen-4-sinnoh/0446_munchlax__hyper-beam.ogg,2840,attack-move-sfx-compressed/normal/hyper-beam.ogg
447,Riolu,riolu,4,Sinnoh,fighting,,2,Close Combat,fighting,type-preferred:fighting,pokemon-sfx-by-species/gen-4-sinnoh/0447_riolu__close-combat.ogg,2821,attack-move-sfx-compressed/fighting/close-combat.ogg
448,Lucario,lucario,4,Sinnoh,fighting,steel,3,Close Combat,fighting,type-preferred:fighting,pokemon-sfx-by-species/gen-4-sinnoh/0448_lucario__close-combat.ogg,2821,attack-move-sfx-compressed/fighting/close-combat.ogg
449,Hippopotas,hippopotas,4,Sinnoh,ground,,2,Earthquake,ground,type-preferred:ground,pokemon-sfx-by-species/gen-4-sinnoh/0449_hippopotas__earthquake.ogg,2774,attack-move-sfx-compressed/ground/earthquake.ogg
450,Hippowdon,hippowdon,4,Sinnoh,ground,,3,Earthquake,ground,type-preferred:ground,pokemon-sfx-by-species/gen-4-sinnoh/0450_hippowdon__earthquake.ogg,2774,attack-move-sfx-compressed/ground/earthquake.ogg
451,Skorupi,skorupi,4,Sinnoh,poison,bug,2,Sludge Bomb,poison,type-preferred:poison,pokemon-sfx-by-species/gen-4-sinnoh/0451_skorupi__sludge-bomb.ogg,2794,attack-move-sfx-compressed/poison/sludge-bomb.ogg
452,Drapion,drapion,4,Sinnoh,poison,dark,3,Sludge Bomb,poison,type-preferred:poison,pokemon-sfx-by-species/gen-4-sinnoh/0452_drapion__sludge-bomb.ogg,2794,attack-move-sfx-compressed/poison/sludge-bomb.ogg
453,Croagunk,croagunk,4,Sinnoh,poison,fighting,2,Sludge Bomb,poison,type-preferred:poison,pokemon-sfx-by-species/gen-4-sinnoh/0453_croagunk__sludge-bomb.ogg,2794,attack-move-sfx-compressed/poison/sludge-bomb.ogg
454,Toxicroak,toxicroak,4,Sinnoh,poison,fighting,3,Sludge Bomb,poison,type-preferred:poison,pokemon-sfx-by-species/gen-4-sinnoh/0454_toxicroak__sludge-bomb.ogg,2794,attack-move-sfx-compressed/poison/sludge-bomb.ogg
455,Carnivine,carnivine,4,Sinnoh,grass,,2,Frenzy Plant,grass,type-preferred:grass,pokemon-sfx-by-species/gen-4-sinnoh/0455_carnivine__frenzy-plant.ogg,2724,attack-move-sfx-compressed/grass/frenzy-plant.ogg
456,Finneon,finneon,4,Sinnoh,water,,3,Hydro Pump,water,type-preferred:water,pokemon-sfx-by-species/gen-4-sinnoh/0456_finneon__hydro-pump.ogg,2966,attack-move-sfx-compressed/water/hydro-pump.ogg
457,Lumineon,lumineon,4,Sinnoh,water,,2,Hydro Pump,water,type-preferred:water,pokemon-sfx-by-species/gen-4-sinnoh/0457_lumineon__hydro-pump.ogg,2966,attack-move-sfx-compressed/water/hydro-pump.ogg
458,Mantyke,mantyke,4,Sinnoh,water,flying,3,Hydro Pump,water,type-preferred:water,pokemon-sfx-by-species/gen-4-sinnoh/0458_mantyke__hydro-pump.ogg,2966,attack-move-sfx-compressed/water/hydro-pump.ogg
459,Snover,snover,4,Sinnoh,grass,ice,2,Frenzy Plant,grass,type-preferred:grass,pokemon-sfx-by-species/gen-4-sinnoh/0459_snover__frenzy-plant.ogg,2724,attack-move-sfx-compressed/grass/frenzy-plant.ogg
460,Abomasnow,abomasnow,4,Sinnoh,grass,ice,3,Frenzy Plant,grass,type-preferred:grass,pokemon-sfx-by-species/gen-4-sinnoh/0460_abomasnow__frenzy-plant.ogg,2724,attack-move-sfx-compressed/grass/frenzy-plant.ogg
461,Weavile,weavile,4,Sinnoh,dark,ice,1,Dark Pulse,dark,type-preferred:dark,pokemon-sfx-by-species/gen-4-sinnoh/0461_weavile__dark-pulse.ogg,2795,attack-move-sfx-compressed/dark/dark-pulse.ogg
462,Magnezone,magnezone,4,Sinnoh,electric,steel,3,Catastropika,electric,type-preferred:electric,pokemon-sfx-by-species/gen-4-sinnoh/0462_magnezone__catastropika.ogg,3043,attack-move-sfx-compressed/electric/catastropika.ogg
463,Lickilicky,lickilicky,4,Sinnoh,normal,,3,Hyper Beam,normal,type-preferred:normal,pokemon-sfx-by-species/gen-4-sinnoh/0463_lickilicky__hyper-beam.ogg,2840,attack-move-sfx-compressed/normal/hyper-beam.ogg
464,Rhyperior,rhyperior,4,Sinnoh,ground,rock,3,Earthquake,ground,type-preferred:ground,pokemon-sfx-by-species/gen-4-sinnoh/0464_rhyperior__earthquake.ogg,2774,attack-move-sfx-compressed/ground/earthquake.ogg
465,Tangrowth,tangrowth,4,Sinnoh,grass,,3,Frenzy Plant,grass,type-preferred:grass,pokemon-sfx-by-species/gen-4-sinnoh/0465_tangrowth__frenzy-plant.ogg,2724,attack-move-sfx-compressed/grass/frenzy-plant.ogg
466,Electivire,electivire,4,Sinnoh,electric,,3,Catastropika,electric,type-preferred:electric,pokemon-sfx-by-species/gen-4-sinnoh/0466_electivire__catastropika.ogg,3043,attack-move-sfx-compressed/electric/catastropika.ogg
467,Magmortar,magmortar,4,Sinnoh,fire,,3,Blast Burn,fire,type-preferred:fire,pokemon-sfx-by-species/gen-4-sinnoh/0467_magmortar__blast-burn.ogg,2728,attack-move-sfx-compressed/fire/blast-burn.ogg
468,Togekiss,togekiss,4,Sinnoh,fairy,flying,3,Moonblast,fairy,type-preferred:fairy,pokemon-sfx-by-species/gen-4-sinnoh/0468_togekiss__moonblast.ogg,2861,attack-move-sfx-compressed/fairy/moonblast.ogg
469,Yanmega,yanmega,4,Sinnoh,bug,flying,3,Bug Buzz,bug,type-preferred:bug,pokemon-sfx-by-species/gen-4-sinnoh/0469_yanmega__bug-buzz.ogg,2806,attack-move-sfx-compressed/bug/bug-buzz.ogg
470,Leafeon,leafeon,4,Sinnoh,grass,,3,Frenzy Plant,grass,type-preferred:grass,pokemon-sfx-by-species/gen-4-sinnoh/0470_leafeon__frenzy-plant.ogg,2724,attack-move-sfx-compressed/grass/frenzy-plant.ogg
471,Glaceon,glaceon,4,Sinnoh,ice,,3,Blizzard,ice,type-preferred:ice,pokemon-sfx-by-species/gen-4-sinnoh/0471_glaceon__blizzard.ogg,2811,attack-move-sfx-compressed/ice/blizzard.ogg
472,Gliscor,gliscor,4,Sinnoh,ground,flying,3,Earthquake,ground,type-preferred:ground,pokemon-sfx-by-species/gen-4-sinnoh/0472_gliscor__earthquake.ogg,2774,attack-move-sfx-compressed/ground/earthquake.ogg
473,Mamoswine,mamoswine,4,Sinnoh,ice,ground,3,Blizzard,ice,type-preferred:ice,pokemon-sfx-by-species/gen-4-sinnoh/0473_mamoswine__blizzard.ogg,2811,attack-move-sfx-compressed/ice/blizzard.ogg
474,Porygon-Z,porygon-z,4,Sinnoh,normal,,3,Hyper Beam,normal,type-preferred:normal,pokemon-sfx-by-species/gen-4-sinnoh/0474_porygon-z__hyper-beam.ogg,2840,attack-move-sfx-compressed/normal/hyper-beam.ogg
475,Gallade,gallade,4,Sinnoh,psychic,fighting,3,Psystrike,psychic,type-preferred:psychic,pokemon-sfx-by-species/gen-4-sinnoh/0475_gallade__psystrike.ogg,2807,attack-move-sfx-compressed/psychic/psystrike.ogg
476,Probopass,probopass,4,Sinnoh,rock,steel,3,Stone Edge,rock,type-preferred:rock,pokemon-sfx-by-species/gen-4-sinnoh/0476_probopass__stone-edge.ogg,2756,attack-move-sfx-compressed/rock/stone-edge.ogg
477,Dusknoir,dusknoir,4,Sinnoh,ghost,,3,Shadow Ball,ghost,type-preferred:ghost,pokemon-sfx-by-species/gen-4-sinnoh/0477_dusknoir__shadow-ball.ogg,2793,attack-move-sfx-compressed/ghost/shadow-ball.ogg
478,Froslass,froslass,4,Sinnoh,ice,ghost,3,Blizzard,ice,type-preferred:ice,pokemon-sfx-by-species/gen-4-sinnoh/0478_froslass__blizzard.ogg,2811,attack-move-sfx-compressed/ice/blizzard.ogg
479,Rotom,rotom,4,Sinnoh,electric,ghost,1,Catastropika,electric,type-preferred:electric,pokemon-sfx-by-species/gen-4-sinnoh/0479_rotom__catastropika.ogg,3043,attack-move-sfx-compressed/electric/catastropika.ogg
480,Uxie,uxie,4,Sinnoh,psychic,,4,Psystrike,psychic,type-preferred:psychic,pokemon-sfx-by-species/gen-4-sinnoh/0480_uxie__psystrike.ogg,2807,attack-move-sfx-compressed/psychic/psystrike.ogg
481,Mesprit,mesprit,4,Sinnoh,psychic,,4,Psystrike,psychic,type-preferred:psychic,pokemon-sfx-by-species/gen-4-sinnoh/0481_mesprit__psystrike.ogg,2807,attack-move-sfx-compressed/psychic/psystrike.ogg
482,Azelf,azelf,4,Sinnoh,psychic,,4,Psystrike,psychic,type-preferred:psychic,pokemon-sfx-by-species/gen-4-sinnoh/0482_azelf__psystrike.ogg,2807,attack-move-sfx-compressed/psychic/psystrike.ogg
483,Dialga,dialga,4,Sinnoh,steel,dragon,4,Flash Cannon,steel,type-preferred:steel,pokemon-sfx-by-species/gen-4-sinnoh/0483_dialga__flash-cannon.ogg,2764,attack-move-sfx-compressed/steel/flash-cannon.ogg
484,Palkia,palkia,4,Sinnoh,water,dragon,4,Hydro Pump,water,type-preferred:water,pokemon-sfx-by-species/gen-4-sinnoh/0484_palkia__hydro-pump.ogg,2966,attack-move-sfx-compressed/water/hydro-pump.ogg
485,Heatran,heatran,4,Sinnoh,fire,steel,1,Blast Burn,fire,type-preferred:fire,pokemon-sfx-by-species/gen-4-sinnoh/0485_heatran__blast-burn.ogg,2728,attack-move-sfx-compressed/fire/blast-burn.ogg
486,Regigigas,regigigas,4,Sinnoh,normal,,1,Hyper Beam,normal,type-preferred:normal,pokemon-sfx-by-species/gen-4-sinnoh/0486_regigigas__hyper-beam.ogg,2840,attack-move-sfx-compressed/normal/hyper-beam.ogg
487,Giratina,giratina,4,Sinnoh,ghost,dragon,4,Shadow Ball,ghost,type-preferred:ghost,pokemon-sfx-by-species/gen-4-sinnoh/0487_giratina__shadow-ball.ogg,2793,attack-move-sfx-compressed/ghost/shadow-ball.ogg
488,Cresselia,cresselia,4,Sinnoh,psychic,,1,Psystrike,psychic,type-preferred:psychic,pokemon-sfx-by-species/gen-4-sinnoh/0488_cresselia__psystrike.ogg,2807,attack-move-sfx-compressed/psychic/psystrike.ogg
489,Phione,phione,4,Sinnoh,water,,1,Hydro Pump,water,type-preferred:water,pokemon-sfx-by-species/gen-4-sinnoh/0489_phione__hydro-pump.ogg,2966,attack-move-sfx-compressed/water/hydro-pump.ogg
490,Manaphy,manaphy,4,Sinnoh,water,,1,Hydro Pump,water,type-preferred:water,pokemon-sfx-by-species/gen-4-sinnoh/0490_manaphy__hydro-pump.ogg,2966,attack-move-sfx-compressed/water/hydro-pump.ogg
491,Darkrai,darkrai,4,Sinnoh,dark,,4,Dark Pulse,dark,type-preferred:dark,pokemon-sfx-by-species/gen-4-sinnoh/0491_darkrai__dark-pulse.ogg,2795,attack-move-sfx-compressed/dark/dark-pulse.ogg
492,Shaymin,shaymin,4,Sinnoh,grass,,4,Frenzy Plant,grass,type-preferred:grass,pokemon-sfx-by-species/gen-4-sinnoh/0492_shaymin__frenzy-plant.ogg,2724,attack-move-sfx-compressed/grass/frenzy-plant.ogg
493,Arceus,arceus,4,Sinnoh,normal,,4,Hyper Beam,normal,type-preferred:normal,pokemon-sfx-by-species/gen-4-sinnoh/0493_arceus__hyper-beam.ogg,2840,attack-move-sfx-compressed/normal/hyper-beam.ogg
494,Victini,victini,5,Unova,psychic,fire,1,Psystrike,psychic,type-preferred:psychic,pokemon-sfx-by-species/gen-5-unova/0494_victini__psystrike.ogg,2807,attack-move-sfx-compressed/psychic/psystrike.ogg
495,Snivy,snivy,5,Unova,grass,,1,Frenzy Plant,grass,type-preferred:grass,pokemon-sfx-by-species/gen-5-unova/0495_snivy__frenzy-plant.ogg,2724,attack-move-sfx-compressed/grass/frenzy-plant.ogg
496,Servine,servine,5,Unova,grass,,2,Frenzy Plant,grass,type-preferred:grass,pokemon-sfx-by-species/gen-5-unova/0496_servine__frenzy-plant.ogg,2724,attack-move-sfx-compressed/grass/frenzy-plant.ogg
497,Serperior,serperior,5,Unova,grass,,3,Frenzy Plant,grass,type-preferred:grass,pokemon-sfx-by-species/gen-5-unova/0497_serperior__frenzy-plant.ogg,2724,attack-move-sfx-compressed/grass/frenzy-plant.ogg
498,Tepig,tepig,5,Unova,fire,,1,Blast Burn,fire,type-preferred:fire,pokemon-sfx-by-species/gen-5-unova/0498_tepig__blast-burn.ogg,2728,attack-move-sfx-compressed/fire/blast-burn.ogg
499,Pignite,pignite,5,Unova,fire,fighting,2,Blast Burn,fire,type-preferred:fire,pokemon-sfx-by-species/gen-5-unova/0499_pignite__blast-burn.ogg,2728,attack-move-sfx-compressed/fire/blast-burn.ogg
500,Emboar,emboar,5,Unova,fire,fighting,3,Blast Burn,fire,type-preferred:fire,pokemon-sfx-by-species/gen-5-unova/0500_emboar__blast-burn.ogg,2728,attack-move-sfx-compressed/fire/blast-burn.ogg
501,Oshawott,oshawott,5,Unova,water,,1,Hydro Pump,water,type-preferred:water,pokemon-sfx-by-species/gen-5-unova/0501_oshawott__hydro-pump.ogg,2966,attack-move-sfx-compressed/water/hydro-pump.ogg
502,Dewott,dewott,5,Unova,water,,2,Hydro Pump,water,type-preferred:water,pokemon-sfx-by-species/gen-5-unova/0502_dewott__hydro-pump.ogg,2966,attack-move-sfx-compressed/water/hydro-pump.ogg
503,Samurott,samurott,5,Unova,water,,3,Hydro Pump,water,type-preferred:water,pokemon-sfx-by-species/gen-5-unova/0503_samurott__hydro-pump.ogg,2966,attack-move-sfx-compressed/water/hydro-pump.ogg
504,Patrat,patrat,5,Unova,normal,,2,Hyper Beam,normal,type-preferred:normal,pokemon-sfx-by-species/gen-5-unova/0504_patrat__hyper-beam.ogg,2840,attack-move-sfx-compressed/normal/hyper-beam.ogg
505,Watchog,watchog,5,Unova,normal,,3,Hyper Beam,normal,type-preferred:normal,pokemon-sfx-by-species/gen-5-unova/0505_watchog__hyper-beam.ogg,2840,attack-move-sfx-compressed/normal/hyper-beam.ogg
506,Lillipup,lillipup,5,Unova,normal,,1,Hyper Beam,normal,type-preferred:normal,pokemon-sfx-by-species/gen-5-unova/0506_lillipup__hyper-beam.ogg,2840,attack-move-sfx-compressed/normal/hyper-beam.ogg
507,Herdier,herdier,5,Unova,normal,,2,Hyper Beam,normal,type-preferred:normal,pokemon-sfx-by-species/gen-5-unova/0507_herdier__hyper-beam.ogg,2840,attack-move-sfx-compressed/normal/hyper-beam.ogg
508,Stoutland,stoutland,5,Unova,normal,,3,Hyper Beam,normal,type-preferred:normal,pokemon-sfx-by-species/gen-5-unova/0508_stoutland__hyper-beam.ogg,2840,attack-move-sfx-compressed/normal/hyper-beam.ogg
509,Purrloin,purrloin,5,Unova,dark,,2,Dark Pulse,dark,type-preferred:dark,pokemon-sfx-by-species/gen-5-unova/0509_purrloin__dark-pulse.ogg,2795,attack-move-sfx-compressed/dark/dark-pulse.ogg
510,Liepard,liepard,5,Unova,dark,,3,Dark Pulse,dark,type-preferred:dark,pokemon-sfx-by-species/gen-5-unova/0510_liepard__dark-pulse.ogg,2795,attack-move-sfx-compressed/dark/dark-pulse.ogg
511,Pansage,pansage,5,Unova,grass,,2,Frenzy Plant,grass,type-preferred:grass,pokemon-sfx-by-species/gen-5-unova/0511_pansage__frenzy-plant.ogg,2724,attack-move-sfx-compressed/grass/frenzy-plant.ogg
512,Simisage,simisage,5,Unova,grass,,3,Frenzy Plant,grass,type-preferred:grass,pokemon-sfx-by-species/gen-5-unova/0512_simisage__frenzy-plant.ogg,2724,attack-move-sfx-compressed/grass/frenzy-plant.ogg
513,Pansear,pansear,5,Unova,fire,,2,Blast Burn,fire,type-preferred:fire,pokemon-sfx-by-species/gen-5-unova/0513_pansear__blast-burn.ogg,2728,attack-move-sfx-compressed/fire/blast-burn.ogg
514,Simisear,simisear,5,Unova,fire,,3,Blast Burn,fire,type-preferred:fire,pokemon-sfx-by-species/gen-5-unova/0514_simisear__blast-burn.ogg,2728,attack-move-sfx-compressed/fire/blast-burn.ogg
515,Panpour,panpour,5,Unova,water,,2,Hydro Pump,water,type-preferred:water,pokemon-sfx-by-species/gen-5-unova/0515_panpour__hydro-pump.ogg,2966,attack-move-sfx-compressed/water/hydro-pump.ogg
516,Simipour,simipour,5,Unova,water,,3,Hydro Pump,water,type-preferred:water,pokemon-sfx-by-species/gen-5-unova/0516_simipour__hydro-pump.ogg,2966,attack-move-sfx-compressed/water/hydro-pump.ogg
517,Munna,munna,5,Unova,psychic,,2,Psystrike,psychic,type-preferred:psychic,pokemon-sfx-by-species/gen-5-unova/0517_munna__psystrike.ogg,2807,attack-move-sfx-compressed/psychic/psystrike.ogg
518,Musharna,musharna,5,Unova,psychic,,3,Psystrike,psychic,type-preferred:psychic,pokemon-sfx-by-species/gen-5-unova/0518_musharna__psystrike.ogg,2807,attack-move-sfx-compressed/psychic/psystrike.ogg
519,Pidove,pidove,5,Unova,normal,flying,1,Hyper Beam,normal,type-preferred:normal,pokemon-sfx-by-species/gen-5-unova/0519_pidove__hyper-beam.ogg,2840,attack-move-sfx-compressed/normal/hyper-beam.ogg
520,Tranquill,tranquill,5,Unova,normal,flying,2,Hyper Beam,normal,type-preferred:normal,pokemon-sfx-by-species/gen-5-unova/0520_tranquill__hyper-beam.ogg,2840,attack-move-sfx-compressed/normal/hyper-beam.ogg
521,Unfezant,unfezant,5,Unova,normal,flying,3,Hyper Beam,normal,type-preferred:normal,pokemon-sfx-by-species/gen-5-unova/0521_unfezant__hyper-beam.ogg,2840,attack-move-sfx-compressed/normal/hyper-beam.ogg
522,Blitzle,blitzle,5,Unova,electric,,2,Catastropika,electric,type-preferred:electric,pokemon-sfx-by-species/gen-5-unova/0522_blitzle__catastropika.ogg,3043,attack-move-sfx-compressed/electric/catastropika.ogg
523,Zebstrika,zebstrika,5,Unova,electric,,3,Catastropika,electric,type-preferred:electric,pokemon-sfx-by-species/gen-5-unova/0523_zebstrika__catastropika.ogg,3043,attack-move-sfx-compressed/electric/catastropika.ogg
524,Roggenrola,roggenrola,5,Unova,rock,,1,Stone Edge,rock,type-preferred:rock,pokemon-sfx-by-species/gen-5-unova/0524_roggenrola__stone-edge.ogg,2756,attack-move-sfx-compressed/rock/stone-edge.ogg
525,Boldore,boldore,5,Unova,rock,,2,Stone Edge,rock,type-preferred:rock,pokemon-sfx-by-species/gen-5-unova/0525_boldore__stone-edge.ogg,2756,attack-move-sfx-compressed/rock/stone-edge.ogg
526,Gigalith,gigalith,5,Unova,rock,,3,Stone Edge,rock,type-preferred:rock,pokemon-sfx-by-species/gen-5-unova/0526_gigalith__stone-edge.ogg,2756,attack-move-sfx-compressed/rock/stone-edge.ogg
527,Woobat,woobat,5,Unova,psychic,flying,2,Psystrike,psychic,type-preferred:psychic,pokemon-sfx-by-species/gen-5-unova/0527_woobat__psystrike.ogg,2807,attack-move-sfx-compressed/psychic/psystrike.ogg
528,Swoobat,swoobat,5,Unova,psychic,flying,3,Psystrike,psychic,type-preferred:psychic,pokemon-sfx-by-species/gen-5-unova/0528_swoobat__psystrike.ogg,2807,attack-move-sfx-compressed/psychic/psystrike.ogg
529,Drilbur,drilbur,5,Unova,ground,,2,Earthquake,ground,type-preferred:ground,pokemon-sfx-by-species/gen-5-unova/0529_drilbur__earthquake.ogg,2774,attack-move-sfx-compressed/ground/earthquake.ogg
530,Excadrill,excadrill,5,Unova,ground,steel,3,Earthquake,ground,type-preferred:ground,pokemon-sfx-by-species/gen-5-unova/0530_excadrill__earthquake.ogg,2774,attack-move-sfx-compressed/ground/earthquake.ogg
531,Audino,audino,5,Unova,normal,,2,Hyper Beam,normal,type-preferred:normal,pokemon-sfx-by-species/gen-5-unova/0531_audino__hyper-beam.ogg,2840,attack-move-sfx-compressed/normal/hyper-beam.ogg
532,Timburr,timburr,5,Unova,fighting,,3,Close Combat,fighting,type-preferred:fighting,pokemon-sfx-by-species/gen-5-unova/0532_timburr__close-combat.ogg,2821,attack-move-sfx-compressed/fighting/close-combat.ogg
533,Gurdurr,gurdurr,5,Unova,fighting,,2,Close Combat,fighting,type-preferred:fighting,pokemon-sfx-by-species/gen-5-unova/0533_gurdurr__close-combat.ogg,2821,attack-move-sfx-compressed/fighting/close-combat.ogg
534,Conkeldurr,conkeldurr,5,Unova,fighting,,3,Close Combat,fighting,type-preferred:fighting,pokemon-sfx-by-species/gen-5-unova/0534_conkeldurr__close-combat.ogg,2821,attack-move-sfx-compressed/fighting/close-combat.ogg
535,Tympole,tympole,5,Unova,water,,1,Hydro Pump,water,type-preferred:water,pokemon-sfx-by-species/gen-5-unova/0535_tympole__hydro-pump.ogg,2966,attack-move-sfx-compressed/water/hydro-pump.ogg
536,Palpitoad,palpitoad,5,Unova,water,ground,2,Hydro Pump,water,type-preferred:water,pokemon-sfx-by-species/gen-5-unova/0536_palpitoad__hydro-pump.ogg,2966,attack-move-sfx-compressed/water/hydro-pump.ogg
537,Seismitoad,seismitoad,5,Unova,water,ground,3,Hydro Pump,water,type-preferred:water,pokemon-sfx-by-species/gen-5-unova/0537_seismitoad__hydro-pump.ogg,2966,attack-move-sfx-compressed/water/hydro-pump.ogg
538,Throh,throh,5,Unova,fighting,,3,Close Combat,fighting,type-preferred:fighting,pokemon-sfx-by-species/gen-5-unova/0538_throh__close-combat.ogg,2821,attack-move-sfx-compressed/fighting/close-combat.ogg
539,Sawk,sawk,5,Unova,fighting,,3,Close Combat,fighting,type-preferred:fighting,pokemon-sfx-by-species/gen-5-unova/0539_sawk__close-combat.ogg,2821,attack-move-sfx-compressed/fighting/close-combat.ogg
540,Sewaddle,sewaddle,5,Unova,bug,grass,1,Bug Buzz,bug,type-preferred:bug,pokemon-sfx-by-species/gen-5-unova/0540_sewaddle__bug-buzz.ogg,2806,attack-move-sfx-compressed/bug/bug-buzz.ogg
541,Swadloon,swadloon,5,Unova,bug,grass,2,Bug Buzz,bug,type-preferred:bug,pokemon-sfx-by-species/gen-5-unova/0541_swadloon__bug-buzz.ogg,2806,attack-move-sfx-compressed/bug/bug-buzz.ogg
542,Leavanny,leavanny,5,Unova,bug,grass,3,Bug Buzz,bug,type-preferred:bug,pokemon-sfx-by-species/gen-5-unova/0542_leavanny__bug-buzz.ogg,2806,attack-move-sfx-compressed/bug/bug-buzz.ogg
543,Venipede,venipede,5,Unova,bug,poison,1,Bug Buzz,bug,type-preferred:bug,pokemon-sfx-by-species/gen-5-unova/0543_venipede__bug-buzz.ogg,2806,attack-move-sfx-compressed/bug/bug-buzz.ogg
544,Whirlipede,whirlipede,5,Unova,bug,poison,2,Bug Buzz,bug,type-preferred:bug,pokemon-sfx-by-species/gen-5-unova/0544_whirlipede__bug-buzz.ogg,2806,attack-move-sfx-compressed/bug/bug-buzz.ogg
545,Scolipede,scolipede,5,Unova,bug,poison,3,Bug Buzz,bug,type-preferred:bug,pokemon-sfx-by-species/gen-5-unova/0545_scolipede__bug-buzz.ogg,2806,attack-move-sfx-compressed/bug/bug-buzz.ogg
546,Cottonee,cottonee,5,Unova,grass,fairy,2,Frenzy Plant,grass,type-preferred:grass,pokemon-sfx-by-species/gen-5-unova/0546_cottonee__frenzy-plant.ogg,2724,attack-move-sfx-compressed/grass/frenzy-plant.ogg
547,Whimsicott,whimsicott,5,Unova,grass,fairy,3,Frenzy Plant,grass,type-preferred:grass,pokemon-sfx-by-species/gen-5-unova/0547_whimsicott__frenzy-plant.ogg,2724,attack-move-sfx-compressed/grass/frenzy-plant.ogg
548,Petilil,petilil,5,Unova,grass,,2,Frenzy Plant,grass,type-preferred:grass,pokemon-sfx-by-species/gen-5-unova/0548_petilil__frenzy-plant.ogg,2724,attack-move-sfx-compressed/grass/frenzy-plant.ogg
549,Lilligant,lilligant,5,Unova,grass,,3,Frenzy Plant,grass,type-preferred:grass,pokemon-sfx-by-species/gen-5-unova/0549_lilligant__frenzy-plant.ogg,2724,attack-move-sfx-compressed/grass/frenzy-plant.ogg
550,Basculin,basculin,5,Unova,water,,2,Hydro Pump,water,type-preferred:water,pokemon-sfx-by-species/gen-5-unova/0550_basculin__hydro-pump.ogg,2966,attack-move-sfx-compressed/water/hydro-pump.ogg
551,Sandile,sandile,5,Unova,ground,dark,3,Earthquake,ground,type-preferred:ground,pokemon-sfx-by-species/gen-5-unova/0551_sandile__earthquake.ogg,2774,attack-move-sfx-compressed/ground/earthquake.ogg
552,Krokorok,krokorok,5,Unova,ground,dark,2,Earthquake,ground,type-preferred:ground,pokemon-sfx-by-species/gen-5-unova/0552_krokorok__earthquake.ogg,2774,attack-move-sfx-compressed/ground/earthquake.ogg
553,Krookodile,krookodile,5,Unova,ground,dark,3,Earthquake,ground,type-preferred:ground,pokemon-sfx-by-species/gen-5-unova/0553_krookodile__earthquake.ogg,2774,attack-move-sfx-compressed/ground/earthquake.ogg
554,Darumaka,darumaka,5,Unova,fire,,2,Blast Burn,fire,type-preferred:fire,pokemon-sfx-by-species/gen-5-unova/0554_darumaka__blast-burn.ogg,2728,attack-move-sfx-compressed/fire/blast-burn.ogg
555,Darmanitan,darmanitan,5,Unova,fire,,3,Blast Burn,fire,type-preferred:fire,pokemon-sfx-by-species/gen-5-unova/0555_darmanitan__blast-burn.ogg,2728,attack-move-sfx-compressed/fire/blast-burn.ogg
556,Maractus,maractus,5,Unova,grass,,1,Frenzy Plant,grass,type-preferred:grass,pokemon-sfx-by-species/gen-5-unova/0556_maractus__frenzy-plant.ogg,2724,attack-move-sfx-compressed/grass/frenzy-plant.ogg
557,Dwebble,dwebble,5,Unova,bug,rock,2,Bug Buzz,bug,type-preferred:bug,pokemon-sfx-by-species/gen-5-unova/0557_dwebble__bug-buzz.ogg,2806,attack-move-sfx-compressed/bug/bug-buzz.ogg
558,Crustle,crustle,5,Unova,bug,rock,3,Bug Buzz,bug,type-preferred:bug,pokemon-sfx-by-species/gen-5-unova/0558_crustle__bug-buzz.ogg,2806,attack-move-sfx-compressed/bug/bug-buzz.ogg
559,Scraggy,scraggy,5,Unova,dark,fighting,2,Dark Pulse,dark,type-preferred:dark,pokemon-sfx-by-species/gen-5-unova/0559_scraggy__dark-pulse.ogg,2795,attack-move-sfx-compressed/dark/dark-pulse.ogg
560,Scrafty,scrafty,5,Unova,dark,fighting,3,Dark Pulse,dark,type-preferred:dark,pokemon-sfx-by-species/gen-5-unova/0560_scrafty__dark-pulse.ogg,2795,attack-move-sfx-compressed/dark/dark-pulse.ogg
561,Sigilyph,sigilyph,5,Unova,psychic,flying,1,Psystrike,psychic,type-preferred:psychic,pokemon-sfx-by-species/gen-5-unova/0561_sigilyph__psystrike.ogg,2807,attack-move-sfx-compressed/psychic/psystrike.ogg
562,Yamask,yamask,5,Unova,ghost,,2,Shadow Ball,ghost,type-preferred:ghost,pokemon-sfx-by-species/gen-5-unova/0562_yamask__shadow-ball.ogg,2793,attack-move-sfx-compressed/ghost/shadow-ball.ogg
563,Cofagrigus,cofagrigus,5,Unova,ghost,,3,Shadow Ball,ghost,type-preferred:ghost,pokemon-sfx-by-species/gen-5-unova/0563_cofagrigus__shadow-ball.ogg,2793,attack-move-sfx-compressed/ghost/shadow-ball.ogg
564,Tirtouga,tirtouga,5,Unova,water,rock,2,Hydro Pump,water,type-preferred:water,pokemon-sfx-by-species/gen-5-unova/0564_tirtouga__hydro-pump.ogg,2966,attack-move-sfx-compressed/water/hydro-pump.ogg
565,Carracosta,carracosta,5,Unova,water,rock,3,Hydro Pump,water,type-preferred:water,pokemon-sfx-by-species/gen-5-unova/0565_carracosta__hydro-pump.ogg,2966,attack-move-sfx-compressed/water/hydro-pump.ogg
566,Archen,archen,5,Unova,rock,flying,2,Stone Edge,rock,type-preferred:rock,pokemon-sfx-by-species/gen-5-unova/0566_archen__stone-edge.ogg,2756,attack-move-sfx-compressed/rock/stone-edge.ogg
567,Archeops,archeops,5,Unova,rock,flying,3,Stone Edge,rock,type-preferred:rock,pokemon-sfx-by-species/gen-5-unova/0567_archeops__stone-edge.ogg,2756,attack-move-sfx-compressed/rock/stone-edge.ogg
568,Trubbish,trubbish,5,Unova,poison,,2,Sludge Bomb,poison,type-preferred:poison,pokemon-sfx-by-species/gen-5-unova/0568_trubbish__sludge-bomb.ogg,2794,attack-move-sfx-compressed/poison/sludge-bomb.ogg
569,Garbodor,garbodor,5,Unova,poison,,3,Sludge Bomb,poison,type-preferred:poison,pokemon-sfx-by-species/gen-5-unova/0569_garbodor__sludge-bomb.ogg,2794,attack-move-sfx-compressed/poison/sludge-bomb.ogg
570,Zorua,zorua,5,Unova,dark,,2,Dark Pulse,dark,type-preferred:dark,pokemon-sfx-by-species/gen-5-unova/0570_zorua__dark-pulse.ogg,2795,attack-move-sfx-compressed/dark/dark-pulse.ogg
571,Zoroark,zoroark,5,Unova,dark,,3,Dark Pulse,dark,type-preferred:dark,pokemon-sfx-by-species/gen-5-unova/0571_zoroark__dark-pulse.ogg,2795,attack-move-sfx-compressed/dark/dark-pulse.ogg
572,Minccino,minccino,5,Unova,normal,,2,Hyper Beam,normal,type-preferred:normal,pokemon-sfx-by-species/gen-5-unova/0572_minccino__hyper-beam.ogg,2840,attack-move-sfx-compressed/normal/hyper-beam.ogg
573,Cinccino,cinccino,5,Unova,normal,,3,Hyper Beam,normal,type-preferred:normal,pokemon-sfx-by-species/gen-5-unova/0573_cinccino__hyper-beam.ogg,2840,attack-move-sfx-compressed/normal/hyper-beam.ogg
574,Gothita,gothita,5,Unova,psychic,,1,Psystrike,psychic,type-preferred:psychic,pokemon-sfx-by-species/gen-5-unova/0574_gothita__psystrike.ogg,2807,attack-move-sfx-compressed/psychic/psystrike.ogg
575,Gothorita,gothorita,5,Unova,psychic,,2,Psystrike,psychic,type-preferred:psychic,pokemon-sfx-by-species/gen-5-unova/0575_gothorita__psystrike.ogg,2807,attack-move-sfx-compressed/psychic/psystrike.ogg
576,Gothitelle,gothitelle,5,Unova,psychic,,3,Psystrike,psychic,type-preferred:psychic,pokemon-sfx-by-species/gen-5-unova/0576_gothitelle__psystrike.ogg,2807,attack-move-sfx-compressed/psychic/psystrike.ogg
577,Solosis,solosis,5,Unova,psychic,,1,Psystrike,psychic,type-preferred:psychic,pokemon-sfx-by-species/gen-5-unova/0577_solosis__psystrike.ogg,2807,attack-move-sfx-compressed/psychic/psystrike.ogg
578,Duosion,duosion,5,Unova,psychic,,2,Psystrike,psychic,type-preferred:psychic,pokemon-sfx-by-species/gen-5-unova/0578_duosion__psystrike.ogg,2807,attack-move-sfx-compressed/psychic/psystrike.ogg
579,Reuniclus,reuniclus,5,Unova,psychic,,3,Psystrike,psychic,type-preferred:psychic,pokemon-sfx-by-species/gen-5-unova/0579_reuniclus__psystrike.ogg,2807,attack-move-sfx-compressed/psychic/psystrike.ogg
580,Ducklett,ducklett,5,Unova,water,flying,2,Hydro Pump,water,type-preferred:water,pokemon-sfx-by-species/gen-5-unova/0580_ducklett__hydro-pump.ogg,2966,attack-move-sfx-compressed/water/hydro-pump.ogg
581,Swanna,swanna,5,Unova,water,flying,3,Hydro Pump,water,type-preferred:water,pokemon-sfx-by-species/gen-5-unova/0581_swanna__hydro-pump.ogg,2966,attack-move-sfx-compressed/water/hydro-pump.ogg
582,Vanillite,vanillite,5,Unova,ice,,1,Blizzard,ice,type-preferred:ice,pokemon-sfx-by-species/gen-5-unova/0582_vanillite__blizzard.ogg,2811,attack-move-sfx-compressed/ice/blizzard.ogg
583,Vanillish,vanillish,5,Unova,ice,,2,Blizzard,ice,type-preferred:ice,pokemon-sfx-by-species/gen-5-unova/0583_vanillish__blizzard.ogg,2811,attack-move-sfx-compressed/ice/blizzard.ogg
584,Vanilluxe,vanilluxe,5,Unova,ice,,3,Blizzard,ice,type-preferred:ice,pokemon-sfx-by-species/gen-5-unova/0584_vanilluxe__blizzard.ogg,2811,attack-move-sfx-compressed/ice/blizzard.ogg
585,Deerling,deerling,5,Unova,normal,grass,1,Hyper Beam,normal,type-preferred:normal,pokemon-sfx-by-species/gen-5-unova/0585_deerling__hyper-beam.ogg,2840,attack-move-sfx-compressed/normal/hyper-beam.ogg
586,Sawsbuck,sawsbuck,5,Unova,normal,grass,2,Hyper Beam,normal,type-preferred:normal,pokemon-sfx-by-species/gen-5-unova/0586_sawsbuck__hyper-beam.ogg,2840,attack-move-sfx-compressed/normal/hyper-beam.ogg
587,Emolga,emolga,5,Unova,electric,flying,3,Catastropika,electric,type-preferred:electric,pokemon-sfx-by-species/gen-5-unova/0587_emolga__catastropika.ogg,3043,attack-move-sfx-compressed/electric/catastropika.ogg
588,Karrablast,karrablast,5,Unova,bug,,2,Bug Buzz,bug,type-preferred:bug,pokemon-sfx-by-species/gen-5-unova/0588_karrablast__bug-buzz.ogg,2806,attack-move-sfx-compressed/bug/bug-buzz.ogg
589,Escavalier,escavalier,5,Unova,bug,steel,3,Bug Buzz,bug,type-preferred:bug,pokemon-sfx-by-species/gen-5-unova/0589_escavalier__bug-buzz.ogg,2806,attack-move-sfx-compressed/bug/bug-buzz.ogg
590,Foongus,foongus,5,Unova,grass,poison,2,Frenzy Plant,grass,type-preferred:grass,pokemon-sfx-by-species/gen-5-unova/0590_foongus__frenzy-plant.ogg,2724,attack-move-sfx-compressed/grass/frenzy-plant.ogg
591,Amoonguss,amoonguss,5,Unova,grass,poison,3,Frenzy Plant,grass,type-preferred:grass,pokemon-sfx-by-species/gen-5-unova/0591_amoonguss__frenzy-plant.ogg,2724,attack-move-sfx-compressed/grass/frenzy-plant.ogg
592,Frillish,frillish,5,Unova,water,ghost,2,Hydro Pump,water,type-preferred:water,pokemon-sfx-by-species/gen-5-unova/0592_frillish__hydro-pump.ogg,2966,attack-move-sfx-compressed/water/hydro-pump.ogg
593,Jellicent,jellicent,5,Unova,water,ghost,3,Hydro Pump,water,type-preferred:water,pokemon-sfx-by-species/gen-5-unova/0593_jellicent__hydro-pump.ogg,2966,attack-move-sfx-compressed/water/hydro-pump.ogg
594,Alomomola,alomomola,5,Unova,water,,1,Hydro Pump,water,type-preferred:water,pokemon-sfx-by-species/gen-5-unova/0594_alomomola__hydro-pump.ogg,2966,attack-move-sfx-compressed/water/hydro-pump.ogg
595,Joltik,joltik,5,Unova,bug,electric,2,Bug Buzz,bug,type-preferred:bug,pokemon-sfx-by-species/gen-5-unova/0595_joltik__bug-buzz.ogg,2806,attack-move-sfx-compressed/bug/bug-buzz.ogg
596,Galvantula,galvantula,5,Unova,bug,electric,3,Bug Buzz,bug,type-preferred:bug,pokemon-sfx-by-species/gen-5-unova/0596_galvantula__bug-buzz.ogg,2806,attack-move-sfx-compressed/bug/bug-buzz.ogg
597,Ferroseed,ferroseed,5,Unova,grass,steel,1,Frenzy Plant,grass,type-preferred:grass,pokemon-sfx-by-species/gen-5-unova/0597_ferroseed__frenzy-plant.ogg,2724,attack-move-sfx-compressed/grass/frenzy-plant.ogg
598,Ferrothorn,ferrothorn,5,Unova,grass,steel,3,Frenzy Plant,grass,type-preferred:grass,pokemon-sfx-by-species/gen-5-unova/0598_ferrothorn__frenzy-plant.ogg,2724,attack-move-sfx-compressed/grass/frenzy-plant.ogg
599,Klink,klink,5,Unova,steel,,1,Flash Cannon,steel,type-preferred:steel,pokemon-sfx-by-species/gen-5-unova/0599_klink__flash-cannon.ogg,2764,attack-move-sfx-compressed/steel/flash-cannon.ogg
600,Klang,klang,5,Unova,steel,,2,Flash Cannon,steel,type-preferred:steel,pokemon-sfx-by-species/gen-5-unova/0600_klang__flash-cannon.ogg,2764,attack-move-sfx-compressed/steel/flash-cannon.ogg
601,Klinklang,klinklang,5,Unova,steel,,3,Flash Cannon,steel,type-preferred:steel,pokemon-sfx-by-species/gen-5-unova/0601_klinklang__flash-cannon.ogg,2764,attack-move-sfx-compressed/steel/flash-cannon.ogg
602,Tynamo,tynamo,5,Unova,electric,,1,Catastropika,electric,type-preferred:electric,pokemon-sfx-by-species/gen-5-unova/0602_tynamo__catastropika.ogg,3043,attack-move-sfx-compressed/electric/catastropika.ogg
603,Eelektrik,eelektrik,5,Unova,electric,,2,Catastropika,electric,type-preferred:electric,pokemon-sfx-by-species/gen-5-unova/0603_eelektrik__catastropika.ogg,3043,attack-move-sfx-compressed/electric/catastropika.ogg
604,Eelektross,eelektross,5,Unova,electric,,3,Catastropika,electric,type-preferred:electric,pokemon-sfx-by-species/gen-5-unova/0604_eelektross__catastropika.ogg,3043,attack-move-sfx-compressed/electric/catastropika.ogg
605,Elgyem,elgyem,5,Unova,psychic,,2,Psystrike,psychic,type-preferred:psychic,pokemon-sfx-by-species/gen-5-unova/0605_elgyem__psystrike.ogg,2807,attack-move-sfx-compressed/psychic/psystrike.ogg
606,Beheeyem,beheeyem,5,Unova,psychic,,3,Psystrike,psychic,type-preferred:psychic,pokemon-sfx-by-species/gen-5-unova/0606_beheeyem__psystrike.ogg,2807,attack-move-sfx-compressed/psychic/psystrike.ogg
607,Litwick,litwick,5,Unova,ghost,fire,1,Shadow Ball,ghost,type-preferred:ghost,pokemon-sfx-by-species/gen-5-unova/0607_litwick__shadow-ball.ogg,2793,attack-move-sfx-compressed/ghost/shadow-ball.ogg
608,Lampent,lampent,5,Unova,ghost,fire,2,Shadow Ball,ghost,type-preferred:ghost,pokemon-sfx-by-species/gen-5-unova/0608_lampent__shadow-ball.ogg,2793,attack-move-sfx-compressed/ghost/shadow-ball.ogg
609,Chandelure,chandelure,5,Unova,ghost,fire,3,Shadow Ball,ghost,type-preferred:ghost,pokemon-sfx-by-species/gen-5-unova/0609_chandelure__shadow-ball.ogg,2793,attack-move-sfx-compressed/ghost/shadow-ball.ogg
610,Axew,axew,5,Unova,dragon,,1,Draco Meteor,dragon,type-preferred:dragon,pokemon-sfx-by-species/gen-5-unova/0610_axew__draco-meteor.ogg,2739,attack-move-sfx-compressed/dragon/draco-meteor.ogg
611,Fraxure,fraxure,5,Unova,dragon,,2,Draco Meteor,dragon,type-preferred:dragon,pokemon-sfx-by-species/gen-5-unova/0611_fraxure__draco-meteor.ogg,2739,attack-move-sfx-compressed/dragon/draco-meteor.ogg
612,Haxorus,haxorus,5,Unova,dragon,,3,Draco Meteor,dragon,type-preferred:dragon,pokemon-sfx-by-species/gen-5-unova/0612_haxorus__draco-meteor.ogg,2739,attack-move-sfx-compressed/dragon/draco-meteor.ogg
613,Cubchoo,cubchoo,5,Unova,ice,,2,Blizzard,ice,type-preferred:ice,pokemon-sfx-by-species/gen-5-unova/0613_cubchoo__blizzard.ogg,2811,attack-move-sfx-compressed/ice/blizzard.ogg
614,Beartic,beartic,5,Unova,ice,,3,Blizzard,ice,type-preferred:ice,pokemon-sfx-by-species/gen-5-unova/0614_beartic__blizzard.ogg,2811,attack-move-sfx-compressed/ice/blizzard.ogg
615,Cryogonal,cryogonal,5,Unova,ice,,3,Blizzard,ice,type-preferred:ice,pokemon-sfx-by-species/gen-5-unova/0615_cryogonal__blizzard.ogg,2811,attack-move-sfx-compressed/ice/blizzard.ogg
616,Shelmet,shelmet,5,Unova,bug,,2,Bug Buzz,bug,type-preferred:bug,pokemon-sfx-by-species/gen-5-unova/0616_shelmet__bug-buzz.ogg,2806,attack-move-sfx-compressed/bug/bug-buzz.ogg
617,Accelgor,accelgor,5,Unova,bug,,3,Bug Buzz,bug,type-preferred:bug,pokemon-sfx-by-species/gen-5-unova/0617_accelgor__bug-buzz.ogg,2806,attack-move-sfx-compressed/bug/bug-buzz.ogg
618,Stunfisk,stunfisk,5,Unova,ground,electric,3,Earthquake,ground,type-preferred:ground,pokemon-sfx-by-species/gen-5-unova/0618_stunfisk__earthquake.ogg,2774,attack-move-sfx-compressed/ground/earthquake.ogg
619,Mienfoo,mienfoo,5,Unova,fighting,,2,Close Combat,fighting,type-preferred:fighting,pokemon-sfx-by-species/gen-5-unova/0619_mienfoo__close-combat.ogg,2821,attack-move-sfx-compressed/fighting/close-combat.ogg
620,Mienshao,mienshao,5,Unova,fighting,,3,Close Combat,fighting,type-preferred:fighting,pokemon-sfx-by-species/gen-5-unova/0620_mienshao__close-combat.ogg,2821,attack-move-sfx-compressed/fighting/close-combat.ogg
621,Druddigon,druddigon,5,Unova,dragon,,3,Draco Meteor,dragon,type-preferred:dragon,pokemon-sfx-by-species/gen-5-unova/0621_druddigon__draco-meteor.ogg,2739,attack-move-sfx-compressed/dragon/draco-meteor.ogg
622,Golett,golett,5,Unova,ground,ghost,2,Earthquake,ground,type-preferred:ground,pokemon-sfx-by-species/gen-5-unova/0622_golett__earthquake.ogg,2774,attack-move-sfx-compressed/ground/earthquake.ogg
623,Golurk,golurk,5,Unova,ground,ghost,3,Earthquake,ground,type-preferred:ground,pokemon-sfx-by-species/gen-5-unova/0623_golurk__earthquake.ogg,2774,attack-move-sfx-compressed/ground/earthquake.ogg
624,Pawniard,pawniard,5,Unova,dark,steel,2,Dark Pulse,dark,type-preferred:dark,pokemon-sfx-by-species/gen-5-unova/0624_pawniard__dark-pulse.ogg,2795,attack-move-sfx-compressed/dark/dark-pulse.ogg
625,Bisharp,bisharp,5,Unova,dark,steel,3,Dark Pulse,dark,type-preferred:dark,pokemon-sfx-by-species/gen-5-unova/0625_bisharp__dark-pulse.ogg,2795,attack-move-sfx-compressed/dark/dark-pulse.ogg
626,Bouffalant,bouffalant,5,Unova,normal,,3,Hyper Beam,normal,type-preferred:normal,pokemon-sfx-by-species/gen-5-unova/0626_bouffalant__hyper-beam.ogg,2840,attack-move-sfx-compressed/normal/hyper-beam.ogg
627,Rufflet,rufflet,5,Unova,normal,flying,2,Hyper Beam,normal,type-preferred:normal,pokemon-sfx-by-species/gen-5-unova/0627_rufflet__hyper-beam.ogg,2840,attack-move-sfx-compressed/normal/hyper-beam.ogg
628,Braviary,braviary,5,Unova,normal,flying,3,Hyper Beam,normal,type-preferred:normal,pokemon-sfx-by-species/gen-5-unova/0628_braviary__hyper-beam.ogg,2840,attack-move-sfx-compressed/normal/hyper-beam.ogg
629,Vullaby,vullaby,5,Unova,dark,flying,2,Dark Pulse,dark,type-preferred:dark,pokemon-sfx-by-species/gen-5-unova/0629_vullaby__dark-pulse.ogg,2795,attack-move-sfx-compressed/dark/dark-pulse.ogg
630,Mandibuzz,mandibuzz,5,Unova,dark,flying,3,Dark Pulse,dark,type-preferred:dark,pokemon-sfx-by-species/gen-5-unova/0630_mandibuzz__dark-pulse.ogg,2795,attack-move-sfx-compressed/dark/dark-pulse.ogg
631,Heatmor,heatmor,5,Unova,fire,,2,Blast Burn,fire,type-preferred:fire,pokemon-sfx-by-species/gen-5-unova/0631_heatmor__blast-burn.ogg,2728,attack-move-sfx-compressed/fire/blast-burn.ogg
632,Durant,durant,5,Unova,bug,steel,3,Bug Buzz,bug,type-preferred:bug,pokemon-sfx-by-species/gen-5-unova/0632_durant__bug-buzz.ogg,2806,attack-move-sfx-compressed/bug/bug-buzz.ogg
633,Deino,deino,5,Unova,dark,dragon,2,Dark Pulse,dark,type-preferred:dark,pokemon-sfx-by-species/gen-5-unova/0633_deino__dark-pulse.ogg,2795,attack-move-sfx-compressed/dark/dark-pulse.ogg
634,Zweilous,zweilous,5,Unova,dark,dragon,3,Dark Pulse,dark,type-preferred:dark,pokemon-sfx-by-species/gen-5-unova/0634_zweilous__dark-pulse.ogg,2795,attack-move-sfx-compressed/dark/dark-pulse.ogg
635,Hydreigon,hydreigon,5,Unova,dark,dragon,1,Dark Pulse,dark,type-preferred:dark,pokemon-sfx-by-species/gen-5-unova/0635_hydreigon__dark-pulse.ogg,2795,attack-move-sfx-compressed/dark/dark-pulse.ogg
636,Larvesta,larvesta,5,Unova,bug,fire,3,Bug Buzz,bug,type-preferred:bug,pokemon-sfx-by-species/gen-5-unova/0636_larvesta__bug-buzz.ogg,2806,attack-move-sfx-compressed/bug/bug-buzz.ogg
637,Volcarona,volcarona,5,Unova,bug,fire,1,Bug Buzz,bug,type-preferred:bug,pokemon-sfx-by-species/gen-5-unova/0637_volcarona__bug-buzz.ogg,2806,attack-move-sfx-compressed/bug/bug-buzz.ogg
638,Cobalion,cobalion,5,Unova,steel,fighting,4,Flash Cannon,steel,type-preferred:steel,pokemon-sfx-by-species/gen-5-unova/0638_cobalion__flash-cannon.ogg,2764,attack-move-sfx-compressed/steel/flash-cannon.ogg
639,Terrakion,terrakion,5,Unova,rock,fighting,4,Stone Edge,rock,type-preferred:rock,pokemon-sfx-by-species/gen-5-unova/0639_terrakion__stone-edge.ogg,2756,attack-move-sfx-compressed/rock/stone-edge.ogg
640,Virizion,virizion,5,Unova,grass,fighting,4,Frenzy Plant,grass,type-preferred:grass,pokemon-sfx-by-species/gen-5-unova/0640_virizion__frenzy-plant.ogg,2724,attack-move-sfx-compressed/grass/frenzy-plant.ogg
641,Tornadus,tornadus,5,Unova,flying,,4,Brave Bird,flying,type-preferred:flying,pokemon-sfx-by-species/gen-5-unova/0641_tornadus__brave-bird.ogg,2846,attack-move-sfx-compressed/flying/brave-bird.ogg
642,Thundurus,thundurus,5,Unova,electric,flying,4,Catastropika,electric,type-preferred:electric,pokemon-sfx-by-species/gen-5-unova/0642_thundurus__catastropika.ogg,3043,attack-move-sfx-compressed/electric/catastropika.ogg
643,Reshiram,reshiram,5,Unova,dragon,fire,4,Draco Meteor,dragon,type-preferred:dragon,pokemon-sfx-by-species/gen-5-unova/0643_reshiram__draco-meteor.ogg,2739,attack-move-sfx-compressed/dragon/draco-meteor.ogg
644,Zekrom,zekrom,5,Unova,dragon,electric,4,Draco Meteor,dragon,type-preferred:dragon,pokemon-sfx-by-species/gen-5-unova/0644_zekrom__draco-meteor.ogg,2739,attack-move-sfx-compressed/dragon/draco-meteor.ogg
645,Landorus,landorus,5,Unova,ground,flying,4,Earthquake,ground,type-preferred:ground,pokemon-sfx-by-species/gen-5-unova/0645_landorus__earthquake.ogg,2774,attack-move-sfx-compressed/ground/earthquake.ogg
646,Kyurem,kyurem,5,Unova,dragon,ice,4,Draco Meteor,dragon,type-preferred:dragon,pokemon-sfx-by-species/gen-5-unova/0646_kyurem__draco-meteor.ogg,2739,attack-move-sfx-compressed/dragon/draco-meteor.ogg
647,Keldeo,keldeo,5,Unova,water,fighting,1,Hydro Pump,water,type-preferred:water,pokemon-sfx-by-species/gen-5-unova/0647_keldeo__hydro-pump.ogg,2966,attack-move-sfx-compressed/water/hydro-pump.ogg
648,Meloetta,meloetta,5,Unova,normal,psychic,3,Hyper Beam,normal,type-preferred:normal,pokemon-sfx-by-species/gen-5-unova/0648_meloetta__hyper-beam.ogg,2840,attack-move-sfx-compressed/normal/hyper-beam.ogg
649,Genesect,genesect,5,Unova,bug,steel,4,Bug Buzz,bug,type-preferred:bug,pokemon-sfx-by-species/gen-5-unova/0649_genesect__bug-buzz.ogg,2806,attack-move-sfx-compressed/bug/bug-buzz.ogg
650,Chespin,chespin,6,Kalos,grass,,1,Frenzy Plant,grass,type-preferred:grass,pokemon-sfx-by-species/gen-6-kalos/0650_chespin__frenzy-plant.ogg,2724,attack-move-sfx-compressed/grass/frenzy-plant.ogg
651,Quilladin,quilladin,6,Kalos,grass,,1,Frenzy Plant,grass,type-preferred:grass,pokemon-sfx-by-species/gen-6-kalos/0651_quilladin__frenzy-plant.ogg,2724,attack-move-sfx-compressed/grass/frenzy-plant.ogg
652,Chesnaught,chesnaught,6,Kalos,grass,fighting,1,Frenzy Plant,grass,type-preferred:grass,pokemon-sfx-by-species/gen-6-kalos/0652_chesnaught__frenzy-plant.ogg,2724,attack-move-sfx-compressed/grass/frenzy-plant.ogg
653,Fennekin,fennekin,6,Kalos,fire,,1,Blast Burn,fire,type-preferred:fire,pokemon-sfx-by-species/gen-6-kalos/0653_fennekin__blast-burn.ogg,2728,attack-move-sfx-compressed/fire/blast-burn.ogg
654,Braixen,braixen,6,Kalos,fire,,2,Blast Burn,fire,type-preferred:fire,pokemon-sfx-by-species/gen-6-kalos/0654_braixen__blast-burn.ogg,2728,attack-move-sfx-compressed/fire/blast-burn.ogg
655,Delphox,delphox,6,Kalos,fire,psychic,3,Blast Burn,fire,type-preferred:fire,pokemon-sfx-by-species/gen-6-kalos/0655_delphox__blast-burn.ogg,2728,attack-move-sfx-compressed/fire/blast-burn.ogg
656,Froakie,froakie,6,Kalos,water,,1,Hydro Pump,water,type-preferred:water,pokemon-sfx-by-species/gen-6-kalos/0656_froakie__hydro-pump.ogg,2966,attack-move-sfx-compressed/water/hydro-pump.ogg
657,Frogadier,frogadier,6,Kalos,water,,2,Hydro Pump,water,type-preferred:water,pokemon-sfx-by-species/gen-6-kalos/0657_frogadier__hydro-pump.ogg,2966,attack-move-sfx-compressed/water/hydro-pump.ogg
658,Greninja,greninja,6,Kalos,water,dark,3,Hydro Pump,water,type-preferred:water,pokemon-sfx-by-species/gen-6-kalos/0658_greninja__hydro-pump.ogg,2966,attack-move-sfx-compressed/water/hydro-pump.ogg
659,Bunnelby,bunnelby,6,Kalos,normal,,1,Hyper Beam,normal,type-preferred:normal,pokemon-sfx-by-species/gen-6-kalos/0659_bunnelby__hyper-beam.ogg,2840,attack-move-sfx-compressed/normal/hyper-beam.ogg
660,Diggersby,diggersby,6,Kalos,normal,ground,2,Hyper Beam,normal,type-preferred:normal,pokemon-sfx-by-species/gen-6-kalos/0660_diggersby__hyper-beam.ogg,2840,attack-move-sfx-compressed/normal/hyper-beam.ogg
661,Fletchling,fletchling,6,Kalos,normal,flying,3,Hyper Beam,normal,type-preferred:normal,pokemon-sfx-by-species/gen-6-kalos/0661_fletchling__hyper-beam.ogg,2840,attack-move-sfx-compressed/normal/hyper-beam.ogg
662,Fletchinder,fletchinder,6,Kalos,fire,flying,2,Blast Burn,fire,type-preferred:fire,pokemon-sfx-by-species/gen-6-kalos/0662_fletchinder__blast-burn.ogg,2728,attack-move-sfx-compressed/fire/blast-burn.ogg
663,Talonflame,talonflame,6,Kalos,fire,flying,3,Blast Burn,fire,type-preferred:fire,pokemon-sfx-by-species/gen-6-kalos/0663_talonflame__blast-burn.ogg,2728,attack-move-sfx-compressed/fire/blast-burn.ogg
664,Scatterbug,scatterbug,6,Kalos,bug,,1,Bug Buzz,bug,type-preferred:bug,pokemon-sfx-by-species/gen-6-kalos/0664_scatterbug__bug-buzz.ogg,2806,attack-move-sfx-compressed/bug/bug-buzz.ogg
665,Spewpa,spewpa,6,Kalos,bug,,2,Bug Buzz,bug,type-preferred:bug,pokemon-sfx-by-species/gen-6-kalos/0665_spewpa__bug-buzz.ogg,2806,attack-move-sfx-compressed/bug/bug-buzz.ogg
666,Vivillon,vivillon,6,Kalos,bug,flying,3,Bug Buzz,bug,type-preferred:bug,pokemon-sfx-by-species/gen-6-kalos/0666_vivillon__bug-buzz.ogg,2806,attack-move-sfx-compressed/bug/bug-buzz.ogg
667,Litleo,litleo,6,Kalos,fire,normal,2,Blast Burn,fire,type-preferred:fire,pokemon-sfx-by-species/gen-6-kalos/0667_litleo__blast-burn.ogg,2728,attack-move-sfx-compressed/fire/blast-burn.ogg
668,Pyroar,pyroar,6,Kalos,fire,normal,3,Blast Burn,fire,type-preferred:fire,pokemon-sfx-by-species/gen-6-kalos/0668_pyroar__blast-burn.ogg,2728,attack-move-sfx-compressed/fire/blast-burn.ogg
669,Flabebe,flabebe,6,Kalos,fairy,,1,Moonblast,fairy,type-preferred:fairy,pokemon-sfx-by-species/gen-6-kalos/0669_flabebe__moonblast.ogg,2861,attack-move-sfx-compressed/fairy/moonblast.ogg
670,Floette,floette,6,Kalos,fairy,,2,Moonblast,fairy,type-preferred:fairy,pokemon-sfx-by-species/gen-6-kalos/0670_floette__moonblast.ogg,2861,attack-move-sfx-compressed/fairy/moonblast.ogg
671,Florges,florges,6,Kalos,fairy,,3,Moonblast,fairy,type-preferred:fairy,pokemon-sfx-by-species/gen-6-kalos/0671_florges__moonblast.ogg,2861,attack-move-sfx-compressed/fairy/moonblast.ogg
672,Skiddo,skiddo,6,Kalos,grass,,2,Frenzy Plant,grass,type-preferred:grass,pokemon-sfx-by-species/gen-6-kalos/0672_skiddo__frenzy-plant.ogg,2724,attack-move-sfx-compressed/grass/frenzy-plant.ogg
673,Gogoat,gogoat,6,Kalos,grass,,3,Frenzy Plant,grass,type-preferred:grass,pokemon-sfx-by-species/gen-6-kalos/0673_gogoat__frenzy-plant.ogg,2724,attack-move-sfx-compressed/grass/frenzy-plant.ogg
674,Pancham,pancham,6,Kalos,fighting,,2,Close Combat,fighting,type-preferred:fighting,pokemon-sfx-by-species/gen-6-kalos/0674_pancham__close-combat.ogg,2821,attack-move-sfx-compressed/fighting/close-combat.ogg
675,Pangoro,pangoro,6,Kalos,fighting,dark,3,Close Combat,fighting,type-preferred:fighting,pokemon-sfx-by-species/gen-6-kalos/0675_pangoro__close-combat.ogg,2821,attack-move-sfx-compressed/fighting/close-combat.ogg
676,Furfrou,furfrou,6,Kalos,normal,,3,Hyper Beam,normal,type-preferred:normal,pokemon-sfx-by-species/gen-6-kalos/0676_furfrou__hyper-beam.ogg,2840,attack-move-sfx-compressed/normal/hyper-beam.ogg
677,Espurr,espurr,6,Kalos,psychic,,1,Psystrike,psychic,type-preferred:psychic,pokemon-sfx-by-species/gen-6-kalos/0677_espurr__psystrike.ogg,2807,attack-move-sfx-compressed/psychic/psystrike.ogg
678,Meowstic,meowstic,6,Kalos,psychic,,2,Psystrike,psychic,type-preferred:psychic,pokemon-sfx-by-species/gen-6-kalos/0678_meowstic__psystrike.ogg,2807,attack-move-sfx-compressed/psychic/psystrike.ogg
679,Honedge,honedge,6,Kalos,steel,ghost,1,Flash Cannon,steel,type-preferred:steel,pokemon-sfx-by-species/gen-6-kalos/0679_honedge__flash-cannon.ogg,2764,attack-move-sfx-compressed/steel/flash-cannon.ogg
680,Doublade,doublade,6,Kalos,steel,ghost,3,Flash Cannon,steel,type-preferred:steel,pokemon-sfx-by-species/gen-6-kalos/0680_doublade__flash-cannon.ogg,2764,attack-move-sfx-compressed/steel/flash-cannon.ogg
681,Aegislash,aegislash,6,Kalos,steel,ghost,3,Flash Cannon,steel,type-preferred:steel,pokemon-sfx-by-species/gen-6-kalos/0681_aegislash__flash-cannon.ogg,2764,attack-move-sfx-compressed/steel/flash-cannon.ogg
682,Spritzee,spritzee,6,Kalos,fairy,,2,Moonblast,fairy,type-preferred:fairy,pokemon-sfx-by-species/gen-6-kalos/0682_spritzee__moonblast.ogg,2861,attack-move-sfx-compressed/fairy/moonblast.ogg
683,Aromatisse,aromatisse,6,Kalos,fairy,,3,Moonblast,fairy,type-preferred:fairy,pokemon-sfx-by-species/gen-6-kalos/0683_aromatisse__moonblast.ogg,2861,attack-move-sfx-compressed/fairy/moonblast.ogg
684,Swirlix,swirlix,6,Kalos,fairy,,2,Moonblast,fairy,type-preferred:fairy,pokemon-sfx-by-species/gen-6-kalos/0684_swirlix__moonblast.ogg,2861,attack-move-sfx-compressed/fairy/moonblast.ogg
685,Slurpuff,slurpuff,6,Kalos,fairy,,3,Moonblast,fairy,type-preferred:fairy,pokemon-sfx-by-species/gen-6-kalos/0685_slurpuff__moonblast.ogg,2861,attack-move-sfx-compressed/fairy/moonblast.ogg
686,Inkay,inkay,6,Kalos,dark,psychic,2,Dark Pulse,dark,type-preferred:dark,pokemon-sfx-by-species/gen-6-kalos/0686_inkay__dark-pulse.ogg,2795,attack-move-sfx-compressed/dark/dark-pulse.ogg
687,Malamar,malamar,6,Kalos,dark,psychic,3,Dark Pulse,dark,type-preferred:dark,pokemon-sfx-by-species/gen-6-kalos/0687_malamar__dark-pulse.ogg,2795,attack-move-sfx-compressed/dark/dark-pulse.ogg
688,Binacle,binacle,6,Kalos,rock,water,2,Stone Edge,rock,type-preferred:rock,pokemon-sfx-by-species/gen-6-kalos/0688_binacle__stone-edge.ogg,2756,attack-move-sfx-compressed/rock/stone-edge.ogg
689,Barbaracle,barbaracle,6,Kalos,rock,water,3,Stone Edge,rock,type-preferred:rock,pokemon-sfx-by-species/gen-6-kalos/0689_barbaracle__stone-edge.ogg,2756,attack-move-sfx-compressed/rock/stone-edge.ogg
690,Skrelp,skrelp,6,Kalos,poison,water,2,Sludge Bomb,poison,type-preferred:poison,pokemon-sfx-by-species/gen-6-kalos/0690_skrelp__sludge-bomb.ogg,2794,attack-move-sfx-compressed/poison/sludge-bomb.ogg
691,Dragalge,dragalge,6,Kalos,poison,dragon,3,Sludge Bomb,poison,type-preferred:poison,pokemon-sfx-by-species/gen-6-kalos/0691_dragalge__sludge-bomb.ogg,2794,attack-move-sfx-compressed/poison/sludge-bomb.ogg
692,Clauncher,clauncher,6,Kalos,water,,2,Hydro Pump,water,type-preferred:water,pokemon-sfx-by-species/gen-6-kalos/0692_clauncher__hydro-pump.ogg,2966,attack-move-sfx-compressed/water/hydro-pump.ogg
693,Clawitzer,clawitzer,6,Kalos,water,,3,Hydro Pump,water,type-preferred:water,pokemon-sfx-by-species/gen-6-kalos/0693_clawitzer__hydro-pump.ogg,2966,attack-move-sfx-compressed/water/hydro-pump.ogg
694,Helioptile,helioptile,6,Kalos,electric,normal,2,Catastropika,electric,type-preferred:electric,pokemon-sfx-by-species/gen-6-kalos/0694_helioptile__catastropika.ogg,3043,attack-move-sfx-compressed/electric/catastropika.ogg
695,Heliolisk,heliolisk,6,Kalos,electric,normal,3,Catastropika,electric,type-preferred:electric,pokemon-sfx-by-species/gen-6-kalos/0695_heliolisk__catastropika.ogg,3043,attack-move-sfx-compressed/electric/catastropika.ogg
696,Tyrunt,tyrunt,6,Kalos,rock,dragon,2,Stone Edge,rock,type-preferred:rock,pokemon-sfx-by-species/gen-6-kalos/0696_tyrunt__stone-edge.ogg,2756,attack-move-sfx-compressed/rock/stone-edge.ogg
697,Tyrantrum,tyrantrum,6,Kalos,rock,dragon,3,Stone Edge,rock,type-preferred:rock,pokemon-sfx-by-species/gen-6-kalos/0697_tyrantrum__stone-edge.ogg,2756,attack-move-sfx-compressed/rock/stone-edge.ogg
698,Amaura,amaura,6,Kalos,rock,ice,2,Stone Edge,rock,type-preferred:rock,pokemon-sfx-by-species/gen-6-kalos/0698_amaura__stone-edge.ogg,2756,attack-move-sfx-compressed/rock/stone-edge.ogg
699,Aurorus,aurorus,6,Kalos,rock,ice,3,Stone Edge,rock,type-preferred:rock,pokemon-sfx-by-species/gen-6-kalos/0699_aurorus__stone-edge.ogg,2756,attack-move-sfx-compressed/rock/stone-edge.ogg
700,Sylveon,sylveon,6,Kalos,fairy,,3,Moonblast,fairy,type-preferred:fairy,pokemon-sfx-by-species/gen-6-kalos/0700_sylveon__moonblast.ogg,2861,attack-move-sfx-compressed/fairy/moonblast.ogg
701,Hawlucha,hawlucha,6,Kalos,fighting,flying,3,Close Combat,fighting,type-preferred:fighting,pokemon-sfx-by-species/gen-6-kalos/0701_hawlucha__close-combat.ogg,2821,attack-move-sfx-compressed/fighting/close-combat.ogg
702,Dedenne,dedenne,6,Kalos,electric,fairy,3,Catastropika,electric,type-preferred:electric,pokemon-sfx-by-species/gen-6-kalos/0702_dedenne__catastropika.ogg,3043,attack-move-sfx-compressed/electric/catastropika.ogg
703,Carbink,carbink,6,Kalos,rock,fairy,3,Stone Edge,rock,type-preferred:rock,pokemon-sfx-by-species/gen-6-kalos/0703_carbink__stone-edge.ogg,2756,attack-move-sfx-compressed/rock/stone-edge.ogg
704,Goomy,goomy,6,Kalos,dragon,,1,Draco Meteor,dragon,type-preferred:dragon,pokemon-sfx-by-species/gen-6-kalos/0704_goomy__draco-meteor.ogg,2739,attack-move-sfx-compressed/dragon/draco-meteor.ogg
705,Sliggoo,sliggoo,6,Kalos,dragon,,1,Draco Meteor,dragon,type-preferred:dragon,pokemon-sfx-by-species/gen-6-kalos/0705_sliggoo__draco-meteor.ogg,2739,attack-move-sfx-compressed/dragon/draco-meteor.ogg
706,Goodra,goodra,6,Kalos,dragon,,3,Draco Meteor,dragon,type-preferred:dragon,pokemon-sfx-by-species/gen-6-kalos/0706_goodra__draco-meteor.ogg,2739,attack-move-sfx-compressed/dragon/draco-meteor.ogg
707,Klefki,klefki,6,Kalos,steel,fairy,2,Flash Cannon,steel,type-preferred:steel,pokemon-sfx-by-species/gen-6-kalos/0707_klefki__flash-cannon.ogg,2764,attack-move-sfx-compressed/steel/flash-cannon.ogg
708,Phantump,phantump,6,Kalos,ghost,grass,1,Shadow Ball,ghost,type-preferred:ghost,pokemon-sfx-by-species/gen-6-kalos/0708_phantump__shadow-ball.ogg,2793,attack-move-sfx-compressed/ghost/shadow-ball.ogg
709,Trevenant,trevenant,6,Kalos,ghost,grass,3,Shadow Ball,ghost,type-preferred:ghost,pokemon-sfx-by-species/gen-6-kalos/0709_trevenant__shadow-ball.ogg,2793,attack-move-sfx-compressed/ghost/shadow-ball.ogg
710,Pumpkaboo,pumpkaboo,6,Kalos,ghost,grass,2,Shadow Ball,ghost,type-preferred:ghost,pokemon-sfx-by-species/gen-6-kalos/0710_pumpkaboo__shadow-ball.ogg,2793,attack-move-sfx-compressed/ghost/shadow-ball.ogg
711,Gourgeist,gourgeist,6,Kalos,ghost,grass,3,Shadow Ball,ghost,type-preferred:ghost,pokemon-sfx-by-species/gen-6-kalos/0711_gourgeist__shadow-ball.ogg,2793,attack-move-sfx-compressed/ghost/shadow-ball.ogg
712,Bergmite,bergmite,6,Kalos,ice,,2,Blizzard,ice,type-preferred:ice,pokemon-sfx-by-species/gen-6-kalos/0712_bergmite__blizzard.ogg,2811,attack-move-sfx-compressed/ice/blizzard.ogg
713,Avalugg,avalugg,6,Kalos,ice,,3,Blizzard,ice,type-preferred:ice,pokemon-sfx-by-species/gen-6-kalos/0713_avalugg__blizzard.ogg,2811,attack-move-sfx-compressed/ice/blizzard.ogg
714,Noibat,noibat,6,Kalos,flying,dragon,1,Brave Bird,flying,type-preferred:flying,pokemon-sfx-by-species/gen-6-kalos/0714_noibat__brave-bird.ogg,2846,attack-move-sfx-compressed/flying/brave-bird.ogg
715,Noivern,noivern,6,Kalos,flying,dragon,3,Brave Bird,flying,type-preferred:flying,pokemon-sfx-by-species/gen-6-kalos/0715_noivern__brave-bird.ogg,2846,attack-move-sfx-compressed/flying/brave-bird.ogg
716,Xerneas,xerneas,6,Kalos,fairy,,4,Moonblast,fairy,type-preferred:fairy,pokemon-sfx-by-species/gen-6-kalos/0716_xerneas__moonblast.ogg,2861,attack-move-sfx-compressed/fairy/moonblast.ogg
717,Yveltal,yveltal,6,Kalos,dark,flying,4,Dark Pulse,dark,type-preferred:dark,pokemon-sfx-by-species/gen-6-kalos/0717_yveltal__dark-pulse.ogg,2795,attack-move-sfx-compressed/dark/dark-pulse.ogg
718,Zygarde,zygarde,6,Kalos,dragon,ground,4,Draco Meteor,dragon,type-preferred:dragon,pokemon-sfx-by-species/gen-6-kalos/0718_zygarde__draco-meteor.ogg,2739,attack-move-sfx-compressed/dragon/draco-meteor.ogg
719,Diancie,diancie,6,Kalos,rock,fairy,4,Stone Edge,rock,type-preferred:rock,pokemon-sfx-by-species/gen-6-kalos/0719_diancie__stone-edge.ogg,2756,attack-move-sfx-compressed/rock/stone-edge.ogg
720,Hoopa,hoopa,6,Kalos,psychic,ghost,4,Psystrike,psychic,type-preferred:psychic,pokemon-sfx-by-species/gen-6-kalos/0720_hoopa__psystrike.ogg,2807,attack-move-sfx-compressed/psychic/psystrike.ogg
721,Volcanion,volcanion,6,Kalos,fire,water,4,Blast Burn,fire,type-preferred:fire,pokemon-sfx-by-species/gen-6-kalos/0721_volcanion__blast-burn.ogg,2728,attack-move-sfx-compressed/fire/blast-burn.ogg
722,Rowlet,rowlet,7,Alola,grass,flying,1,Frenzy Plant,grass,type-preferred:grass,pokemon-sfx-by-species/gen-7-alola/0722_rowlet__frenzy-plant.ogg,2724,attack-move-sfx-compressed/grass/frenzy-plant.ogg
723,Dartrix,dartrix,7,Alola,grass,flying,2,Frenzy Plant,grass,type-preferred:grass,pokemon-sfx-by-species/gen-7-alola/0723_dartrix__frenzy-plant.ogg,2724,attack-move-sfx-compressed/grass/frenzy-plant.ogg
724,Decidueye,decidueye,7,Alola,grass,ghost,3,Frenzy Plant,grass,type-preferred:grass,pokemon-sfx-by-species/gen-7-alola/0724_decidueye__frenzy-plant.ogg,2724,attack-move-sfx-compressed/grass/frenzy-plant.ogg
725,Litten,litten,7,Alola,fire,,1,Blast Burn,fire,type-preferred:fire,pokemon-sfx-by-species/gen-7-alola/0725_litten__blast-burn.ogg,2728,attack-move-sfx-compressed/fire/blast-burn.ogg
726,Torracat,torracat,7,Alola,fire,,2,Blast Burn,fire,type-preferred:fire,pokemon-sfx-by-species/gen-7-alola/0726_torracat__blast-burn.ogg,2728,attack-move-sfx-compressed/fire/blast-burn.ogg
727,Incineroar,incineroar,7,Alola,fire,dark,3,Blast Burn,fire,type-preferred:fire,pokemon-sfx-by-species/gen-7-alola/0727_incineroar__blast-burn.ogg,2728,attack-move-sfx-compressed/fire/blast-burn.ogg
728,Popplio,popplio,7,Alola,water,,1,Hydro Pump,water,type-preferred:water,pokemon-sfx-by-species/gen-7-alola/0728_popplio__hydro-pump.ogg,2966,attack-move-sfx-compressed/water/hydro-pump.ogg
729,Brionne,brionne,7,Alola,water,,2,Hydro Pump,water,type-preferred:water,pokemon-sfx-by-species/gen-7-alola/0729_brionne__hydro-pump.ogg,2966,attack-move-sfx-compressed/water/hydro-pump.ogg
730,Primarina,primarina,7,Alola,water,fairy,3,Hydro Pump,water,type-preferred:water,pokemon-sfx-by-species/gen-7-alola/0730_primarina__hydro-pump.ogg,2966,attack-move-sfx-compressed/water/hydro-pump.ogg
731,Pikipek,pikipek,7,Alola,normal,flying,1,Hyper Beam,normal,type-preferred:normal,pokemon-sfx-by-species/gen-7-alola/0731_pikipek__hyper-beam.ogg,2840,attack-move-sfx-compressed/normal/hyper-beam.ogg
732,Trumbeak,trumbeak,7,Alola,normal,flying,2,Hyper Beam,normal,type-preferred:normal,pokemon-sfx-by-species/gen-7-alola/0732_trumbeak__hyper-beam.ogg,2840,attack-move-sfx-compressed/normal/hyper-beam.ogg
733,Toucannon,toucannon,7,Alola,normal,flying,3,Hyper Beam,normal,type-preferred:normal,pokemon-sfx-by-species/gen-7-alola/0733_toucannon__hyper-beam.ogg,2840,attack-move-sfx-compressed/normal/hyper-beam.ogg
734,Yungoos,yungoos,7,Alola,normal,,1,Hyper Beam,normal,type-preferred:normal,pokemon-sfx-by-species/gen-7-alola/0734_yungoos__hyper-beam.ogg,2840,attack-move-sfx-compressed/normal/hyper-beam.ogg
735,Gumshoos,gumshoos,7,Alola,normal,,2,Hyper Beam,normal,type-preferred:normal,pokemon-sfx-by-species/gen-7-alola/0735_gumshoos__hyper-beam.ogg,2840,attack-move-sfx-compressed/normal/hyper-beam.ogg
736,Grubbin,grubbin,7,Alola,bug,,3,Bug Buzz,bug,type-preferred:bug,pokemon-sfx-by-species/gen-7-alola/0736_grubbin__bug-buzz.ogg,2806,attack-move-sfx-compressed/bug/bug-buzz.ogg
737,Charjabug,charjabug,7,Alola,bug,electric,2,Bug Buzz,bug,type-preferred:bug,pokemon-sfx-by-species/gen-7-alola/0737_charjabug__bug-buzz.ogg,2806,attack-move-sfx-compressed/bug/bug-buzz.ogg
738,Vikavolt,vikavolt,7,Alola,bug,electric,3,Bug Buzz,bug,type-preferred:bug,pokemon-sfx-by-species/gen-7-alola/0738_vikavolt__bug-buzz.ogg,2806,attack-move-sfx-compressed/bug/bug-buzz.ogg
739,Crabrawler,crabrawler,7,Alola,fighting,,2,Close Combat,fighting,type-preferred:fighting,pokemon-sfx-by-species/gen-7-alola/0739_crabrawler__close-combat.ogg,2821,attack-move-sfx-compressed/fighting/close-combat.ogg
740,Crabominable,crabominable,7,Alola,fighting,ice,3,Close Combat,fighting,type-preferred:fighting,pokemon-sfx-by-species/gen-7-alola/0740_crabominable__close-combat.ogg,2821,attack-move-sfx-compressed/fighting/close-combat.ogg
741,Oricorio,oricorio,7,Alola,fire,flying,3,Blast Burn,fire,type-preferred:fire,pokemon-sfx-by-species/gen-7-alola/0741_oricorio__blast-burn.ogg,2728,attack-move-sfx-compressed/fire/blast-burn.ogg
742,Cutiefly,cutiefly,7,Alola,bug,fairy,2,Bug Buzz,bug,type-preferred:bug,pokemon-sfx-by-species/gen-7-alola/0742_cutiefly__bug-buzz.ogg,2806,attack-move-sfx-compressed/bug/bug-buzz.ogg
743,Ribombee,ribombee,7,Alola,bug,fairy,3,Bug Buzz,bug,type-preferred:bug,pokemon-sfx-by-species/gen-7-alola/0743_ribombee__bug-buzz.ogg,2806,attack-move-sfx-compressed/bug/bug-buzz.ogg
744,Rockruff,rockruff,7,Alola,rock,,2,Stone Edge,rock,type-preferred:rock,pokemon-sfx-by-species/gen-7-alola/0744_rockruff__stone-edge.ogg,2756,attack-move-sfx-compressed/rock/stone-edge.ogg
745,Lycanroc,lycanroc,7,Alola,rock,,3,Stone Edge,rock,type-preferred:rock,pokemon-sfx-by-species/gen-7-alola/0745_lycanroc__stone-edge.ogg,2756,attack-move-sfx-compressed/rock/stone-edge.ogg
746,Wishiwashi,wishiwashi,7,Alola,water,,3,Hydro Pump,water,type-preferred:water,pokemon-sfx-by-species/gen-7-alola/0746_wishiwashi__hydro-pump.ogg,2966,attack-move-sfx-compressed/water/hydro-pump.ogg
747,Mareanie,mareanie,7,Alola,poison,water,2,Sludge Bomb,poison,type-preferred:poison,pokemon-sfx-by-species/gen-7-alola/0747_mareanie__sludge-bomb.ogg,2794,attack-move-sfx-compressed/poison/sludge-bomb.ogg
748,Toxapex,toxapex,7,Alola,poison,water,3,Sludge Bomb,poison,type-preferred:poison,pokemon-sfx-by-species/gen-7-alola/0748_toxapex__sludge-bomb.ogg,2794,attack-move-sfx-compressed/poison/sludge-bomb.ogg
749,Mudbray,mudbray,7,Alola,ground,,2,Earthquake,ground,type-preferred:ground,pokemon-sfx-by-species/gen-7-alola/0749_mudbray__earthquake.ogg,2774,attack-move-sfx-compressed/ground/earthquake.ogg
750,Mudsdale,mudsdale,7,Alola,ground,,3,Earthquake,ground,type-preferred:ground,pokemon-sfx-by-species/gen-7-alola/0750_mudsdale__earthquake.ogg,2774,attack-move-sfx-compressed/ground/earthquake.ogg
751,Dewpider,dewpider,7,Alola,water,bug,2,Hydro Pump,water,type-preferred:water,pokemon-sfx-by-species/gen-7-alola/0751_dewpider__hydro-pump.ogg,2966,attack-move-sfx-compressed/water/hydro-pump.ogg
752,Araquanid,araquanid,7,Alola,water,bug,3,Hydro Pump,water,type-preferred:water,pokemon-sfx-by-species/gen-7-alola/0752_araquanid__hydro-pump.ogg,2966,attack-move-sfx-compressed/water/hydro-pump.ogg
753,Fomantis,fomantis,7,Alola,grass,,2,Frenzy Plant,grass,type-preferred:grass,pokemon-sfx-by-species/gen-7-alola/0753_fomantis__frenzy-plant.ogg,2724,attack-move-sfx-compressed/grass/frenzy-plant.ogg
754,Lurantis,lurantis,7,Alola,grass,,3,Frenzy Plant,grass,type-preferred:grass,pokemon-sfx-by-species/gen-7-alola/0754_lurantis__frenzy-plant.ogg,2724,attack-move-sfx-compressed/grass/frenzy-plant.ogg
755,Morelull,morelull,7,Alola,grass,fairy,2,Frenzy Plant,grass,type-preferred:grass,pokemon-sfx-by-species/gen-7-alola/0755_morelull__frenzy-plant.ogg,2724,attack-move-sfx-compressed/grass/frenzy-plant.ogg
756,Shiinotic,shiinotic,7,Alola,grass,fairy,3,Frenzy Plant,grass,type-preferred:grass,pokemon-sfx-by-species/gen-7-alola/0756_shiinotic__frenzy-plant.ogg,2724,attack-move-sfx-compressed/grass/frenzy-plant.ogg
757,Salandit,salandit,7,Alola,poison,fire,2,Sludge Bomb,poison,type-preferred:poison,pokemon-sfx-by-species/gen-7-alola/0757_salandit__sludge-bomb.ogg,2794,attack-move-sfx-compressed/poison/sludge-bomb.ogg
758,Salazzle,salazzle,7,Alola,poison,fire,3,Sludge Bomb,poison,type-preferred:poison,pokemon-sfx-by-species/gen-7-alola/0758_salazzle__sludge-bomb.ogg,2794,attack-move-sfx-compressed/poison/sludge-bomb.ogg
759,Stufful,stufful,7,Alola,normal,fighting,2,Hyper Beam,normal,type-preferred:normal,pokemon-sfx-by-species/gen-7-alola/0759_stufful__hyper-beam.ogg,2840,attack-move-sfx-compressed/normal/hyper-beam.ogg
760,Bewear,bewear,7,Alola,normal,fighting,3,Hyper Beam,normal,type-preferred:normal,pokemon-sfx-by-species/gen-7-alola/0760_bewear__hyper-beam.ogg,2840,attack-move-sfx-compressed/normal/hyper-beam.ogg
761,Bounsweet,bounsweet,7,Alola,grass,,2,Frenzy Plant,grass,type-preferred:grass,pokemon-sfx-by-species/gen-7-alola/0761_bounsweet__frenzy-plant.ogg,2724,attack-move-sfx-compressed/grass/frenzy-plant.ogg
762,Steenee,steenee,7,Alola,grass,,3,Frenzy Plant,grass,type-preferred:grass,pokemon-sfx-by-species/gen-7-alola/0762_steenee__frenzy-plant.ogg,2724,attack-move-sfx-compressed/grass/frenzy-plant.ogg
763,Tsareena,tsareena,7,Alola,grass,,2,Frenzy Plant,grass,type-preferred:grass,pokemon-sfx-by-species/gen-7-alola/0763_tsareena__frenzy-plant.ogg,2724,attack-move-sfx-compressed/grass/frenzy-plant.ogg
764,Comfey,comfey,7,Alola,fairy,,3,Moonblast,fairy,type-preferred:fairy,pokemon-sfx-by-species/gen-7-alola/0764_comfey__moonblast.ogg,2861,attack-move-sfx-compressed/fairy/moonblast.ogg
765,Oranguru,oranguru,7,Alola,normal,psychic,2,Hyper Beam,normal,type-preferred:normal,pokemon-sfx-by-species/gen-7-alola/0765_oranguru__hyper-beam.ogg,2840,attack-move-sfx-compressed/normal/hyper-beam.ogg
766,Passimian,passimian,7,Alola,fighting,,3,Close Combat,fighting,type-preferred:fighting,pokemon-sfx-by-species/gen-7-alola/0766_passimian__close-combat.ogg,2821,attack-move-sfx-compressed/fighting/close-combat.ogg
767,Wimpod,wimpod,7,Alola,bug,water,2,Bug Buzz,bug,type-preferred:bug,pokemon-sfx-by-species/gen-7-alola/0767_wimpod__bug-buzz.ogg,2806,attack-move-sfx-compressed/bug/bug-buzz.ogg
768,Golisopod,golisopod,7,Alola,bug,water,3,Bug Buzz,bug,type-preferred:bug,pokemon-sfx-by-species/gen-7-alola/0768_golisopod__bug-buzz.ogg,2806,attack-move-sfx-compressed/bug/bug-buzz.ogg
769,Sandygast,sandygast,7,Alola,ghost,ground,2,Shadow Ball,ghost,type-preferred:ghost,pokemon-sfx-by-species/gen-7-alola/0769_sandygast__shadow-ball.ogg,2793,attack-move-sfx-compressed/ghost/shadow-ball.ogg
770,Palossand,palossand,7,Alola,ghost,ground,3,Shadow Ball,ghost,type-preferred:ghost,pokemon-sfx-by-species/gen-7-alola/0770_palossand__shadow-ball.ogg,2793,attack-move-sfx-compressed/ghost/shadow-ball.ogg
771,Pyukumuku,pyukumuku,7,Alola,water,,3,Hydro Pump,water,type-preferred:water,pokemon-sfx-by-species/gen-7-alola/0771_pyukumuku__hydro-pump.ogg,2966,attack-move-sfx-compressed/water/hydro-pump.ogg
772,Type: Null,type-null,7,Alola,normal,,1,Hyper Beam,normal,type-preferred:normal,pokemon-sfx-by-species/gen-7-alola/0772_type-null__hyper-beam.ogg,2840,attack-move-sfx-compressed/normal/hyper-beam.ogg
773,Silvally,silvally,7,Alola,normal,,3,Hyper Beam,normal,type-preferred:normal,pokemon-sfx-by-species/gen-7-alola/0773_silvally__hyper-beam.ogg,2840,attack-move-sfx-compressed/normal/hyper-beam.ogg
774,Minior,minior,7,Alola,rock,flying,3,Stone Edge,rock,type-preferred:rock,pokemon-sfx-by-species/gen-7-alola/0774_minior__stone-edge.ogg,2756,attack-move-sfx-compressed/rock/stone-edge.ogg
775,Komala,komala,7,Alola,normal,,3,Hyper Beam,normal,type-preferred:normal,pokemon-sfx-by-species/gen-7-alola/0775_komala__hyper-beam.ogg,2840,attack-move-sfx-compressed/normal/hyper-beam.ogg
776,Turtonator,turtonator,7,Alola,fire,dragon,3,Blast Burn,fire,type-preferred:fire,pokemon-sfx-by-species/gen-7-alola/0776_turtonator__blast-burn.ogg,2728,attack-move-sfx-compressed/fire/blast-burn.ogg
777,Togedemaru,togedemaru,7,Alola,electric,steel,3,Catastropika,electric,type-preferred:electric,pokemon-sfx-by-species/gen-7-alola/0777_togedemaru__catastropika.ogg,3043,attack-move-sfx-compressed/electric/catastropika.ogg
778,Mimikyu,mimikyu,7,Alola,ghost,fairy,3,Shadow Ball,ghost,type-preferred:ghost,pokemon-sfx-by-species/gen-7-alola/0778_mimikyu__shadow-ball.ogg,2793,attack-move-sfx-compressed/ghost/shadow-ball.ogg
779,Bruxish,bruxish,7,Alola,water,psychic,3,Hydro Pump,water,type-preferred:water,pokemon-sfx-by-species/gen-7-alola/0779_bruxish__hydro-pump.ogg,2966,attack-move-sfx-compressed/water/hydro-pump.ogg
780,Drampa,drampa,7,Alola,normal,dragon,3,Hyper Beam,normal,type-preferred:normal,pokemon-sfx-by-species/gen-7-alola/0780_drampa__hyper-beam.ogg,2840,attack-move-sfx-compressed/normal/hyper-beam.ogg
781,Dhelmise,dhelmise,7,Alola,ghost,grass,3,Shadow Ball,ghost,type-preferred:ghost,pokemon-sfx-by-species/gen-7-alola/0781_dhelmise__shadow-ball.ogg,2793,attack-move-sfx-compressed/ghost/shadow-ball.ogg
782,Jangmo-o,jangmo-o,7,Alola,dragon,,1,Draco Meteor,dragon,type-preferred:dragon,pokemon-sfx-by-species/gen-7-alola/0782_jangmo-o__draco-meteor.ogg,2739,attack-move-sfx-compressed/dragon/draco-meteor.ogg
783,Hakamo-o,hakamo-o,7,Alola,dragon,fighting,1,Draco Meteor,dragon,type-preferred:dragon,pokemon-sfx-by-species/gen-7-alola/0783_hakamo-o__draco-meteor.ogg,2739,attack-move-sfx-compressed/dragon/draco-meteor.ogg
784,Kommo-o,kommo-o,7,Alola,dragon,fighting,3,Draco Meteor,dragon,type-preferred:dragon,pokemon-sfx-by-species/gen-7-alola/0784_kommo-o__draco-meteor.ogg,2739,attack-move-sfx-compressed/dragon/draco-meteor.ogg
785,Tapu Koko,tapu-koko,7,Alola,electric,fairy,4,Catastropika,electric,type-preferred:electric,pokemon-sfx-by-species/gen-7-alola/0785_tapu-koko__catastropika.ogg,3043,attack-move-sfx-compressed/electric/catastropika.ogg
786,Tapu Lele,tapu-lele,7,Alola,psychic,fairy,4,Psystrike,psychic,type-preferred:psychic,pokemon-sfx-by-species/gen-7-alola/0786_tapu-lele__psystrike.ogg,2807,attack-move-sfx-compressed/psychic/psystrike.ogg
787,Tapu Bulu,tapu-bulu,7,Alola,grass,fairy,4,Frenzy Plant,grass,type-preferred:grass,pokemon-sfx-by-species/gen-7-alola/0787_tapu-bulu__frenzy-plant.ogg,2724,attack-move-sfx-compressed/grass/frenzy-plant.ogg
788,Tapu Fini,tapu-fini,7,Alola,water,fairy,4,Hydro Pump,water,type-preferred:water,pokemon-sfx-by-species/gen-7-alola/0788_tapu-fini__hydro-pump.ogg,2966,attack-move-sfx-compressed/water/hydro-pump.ogg
789,Cosmog,cosmog,7,Alola,psychic,,4,Psystrike,psychic,type-preferred:psychic,pokemon-sfx-by-species/gen-7-alola/0789_cosmog__psystrike.ogg,2807,attack-move-sfx-compressed/psychic/psystrike.ogg
790,Cosmoem,cosmoem,7,Alola,psychic,,4,Psystrike,psychic,type-preferred:psychic,pokemon-sfx-by-species/gen-7-alola/0790_cosmoem__psystrike.ogg,2807,attack-move-sfx-compressed/psychic/psystrike.ogg
791,Solgaleo,solgaleo,7,Alola,psychic,steel,4,Psystrike,psychic,type-preferred:psychic,pokemon-sfx-by-species/gen-7-alola/0791_solgaleo__psystrike.ogg,2807,attack-move-sfx-compressed/psychic/psystrike.ogg
792,Lunala,lunala,7,Alola,psychic,ghost,4,Psystrike,psychic,type-preferred:psychic,pokemon-sfx-by-species/gen-7-alola/0792_lunala__psystrike.ogg,2807,attack-move-sfx-compressed/psychic/psystrike.ogg
793,Nihilego,nihilego,7,Alola,rock,poison,1,Stone Edge,rock,type-preferred:rock,pokemon-sfx-by-species/gen-7-alola/0793_nihilego__stone-edge.ogg,2756,attack-move-sfx-compressed/rock/stone-edge.ogg
794,Buzzwole,buzzwole,7,Alola,bug,fighting,1,Bug Buzz,bug,type-preferred:bug,pokemon-sfx-by-species/gen-7-alola/0794_buzzwole__bug-buzz.ogg,2806,attack-move-sfx-compressed/bug/bug-buzz.ogg
795,Pheromosa,pheromosa,7,Alola,bug,fighting,1,Bug Buzz,bug,type-preferred:bug,pokemon-sfx-by-species/gen-7-alola/0795_pheromosa__bug-buzz.ogg,2806,attack-move-sfx-compressed/bug/bug-buzz.ogg
796,Xurkitree,xurkitree,7,Alola,electric,,1,Catastropika,electric,type-preferred:electric,pokemon-sfx-by-species/gen-7-alola/0796_xurkitree__catastropika.ogg,3043,attack-move-sfx-compressed/electric/catastropika.ogg
797,Celesteela,celesteela,7,Alola,steel,flying,1,Flash Cannon,steel,type-preferred:steel,pokemon-sfx-by-species/gen-7-alola/0797_celesteela__flash-cannon.ogg,2764,attack-move-sfx-compressed/steel/flash-cannon.ogg
798,Kartana,kartana,7,Alola,grass,steel,1,Frenzy Plant,grass,type-preferred:grass,pokemon-sfx-by-species/gen-7-alola/0798_kartana__frenzy-plant.ogg,2724,attack-move-sfx-compressed/grass/frenzy-plant.ogg
799,Guzzlord,guzzlord,7,Alola,dark,dragon,1,Dark Pulse,dark,type-preferred:dark,pokemon-sfx-by-species/gen-7-alola/0799_guzzlord__dark-pulse.ogg,2795,attack-move-sfx-compressed/dark/dark-pulse.ogg
800,Necrozma,necrozma,7,Alola,psychic,,4,Psystrike,psychic,type-preferred:psychic,pokemon-sfx-by-species/gen-7-alola/0800_necrozma__psystrike.ogg,2807,attack-move-sfx-compressed/psychic/psystrike.ogg
801,Magearna,magearna,7,Alola,steel,fairy,4,Flash Cannon,steel,type-preferred:steel,pokemon-sfx-by-species/gen-7-alola/0801_magearna__flash-cannon.ogg,2764,attack-move-sfx-compressed/steel/flash-cannon.ogg
802,Marshadow,marshadow,7,Alola,fighting,ghost,4,Close Combat,fighting,type-preferred:fighting,pokemon-sfx-by-species/gen-7-alola/0802_marshadow__close-combat.ogg,2821,attack-move-sfx-compressed/fighting/close-combat.ogg
803,Poipole,poipole,7,Alola,poison,,1,Sludge Bomb,poison,type-preferred:poison,pokemon-sfx-by-species/gen-7-alola/0803_poipole__sludge-bomb.ogg,2794,attack-move-sfx-compressed/poison/sludge-bomb.ogg
804,Naganadel,naganadel,7,Alola,poison,dragon,1,Sludge Bomb,poison,type-preferred:poison,pokemon-sfx-by-species/gen-7-alola/0804_naganadel__sludge-bomb.ogg,2794,attack-move-sfx-compressed/poison/sludge-bomb.ogg
805,Stakataka,stakataka,7,Alola,rock,steel,1,Stone Edge,rock,type-preferred:rock,pokemon-sfx-by-species/gen-7-alola/0805_stakataka__stone-edge.ogg,2756,attack-move-sfx-compressed/rock/stone-edge.ogg
806,Blacephalon,blacephalon,7,Alola,fire,ghost,1,Blast Burn,fire,type-preferred:fire,pokemon-sfx-by-species/gen-7-alola/0806_blacephalon__blast-burn.ogg,2728,attack-move-sfx-compressed/fire/blast-burn.ogg
807,Zeraora,zeraora,7,Alola,electric,,4,Catastropika,electric,type-preferred:electric,pokemon-sfx-by-species/gen-7-alola/0807_zeraora__catastropika.ogg,3043,attack-move-sfx-compressed/electric/catastropika.ogg
808,Meltan,meltan,7,Alola,steel,,1,Flash Cannon,steel,type-preferred:steel,pokemon-sfx-by-species/gen-7-alola/0808_meltan__flash-cannon.ogg,2764,attack-move-sfx-compressed/steel/flash-cannon.ogg
809,Melmetal,melmetal,7,Alola,steel,,1,Flash Cannon,steel,type-preferred:steel,pokemon-sfx-by-species/gen-7-alola/0809_melmetal__flash-cannon.ogg,2764,attack-move-sfx-compressed/steel/flash-cannon.ogg
810,Grookey,grookey,8,Galar-Hisui,grass,,1,Frenzy Plant,grass,type-preferred:grass,pokemon-sfx-by-species/gen-8-galar-hisui/0810_grookey__frenzy-plant.ogg,2724,attack-move-sfx-compressed/grass/frenzy-plant.ogg
811,Thwackey,thwackey,8,Galar-Hisui,grass,,2,Frenzy Plant,grass,type-preferred:grass,pokemon-sfx-by-species/gen-8-galar-hisui/0811_thwackey__frenzy-plant.ogg,2724,attack-move-sfx-compressed/grass/frenzy-plant.ogg
812,Rillaboom,rillaboom,8,Galar-Hisui,grass,,3,Frenzy Plant,grass,type-preferred:grass,pokemon-sfx-by-species/gen-8-galar-hisui/0812_rillaboom__frenzy-plant.ogg,2724,attack-move-sfx-compressed/grass/frenzy-plant.ogg
813,Scorbunny,scorbunny,8,Galar-Hisui,fire,,1,Blast Burn,fire,type-preferred:fire,pokemon-sfx-by-species/gen-8-galar-hisui/0813_scorbunny__blast-burn.ogg,2728,attack-move-sfx-compressed/fire/blast-burn.ogg
814,Raboot,raboot,8,Galar-Hisui,fire,,2,Blast Burn,fire,type-preferred:fire,pokemon-sfx-by-species/gen-8-galar-hisui/0814_raboot__blast-burn.ogg,2728,attack-move-sfx-compressed/fire/blast-burn.ogg
815,Cinderace,cinderace,8,Galar-Hisui,fire,,3,Blast Burn,fire,type-preferred:fire,pokemon-sfx-by-species/gen-8-galar-hisui/0815_cinderace__blast-burn.ogg,2728,attack-move-sfx-compressed/fire/blast-burn.ogg
816,Sobble,sobble,8,Galar-Hisui,water,,1,Hydro Pump,water,type-preferred:water,pokemon-sfx-by-species/gen-8-galar-hisui/0816_sobble__hydro-pump.ogg,2966,attack-move-sfx-compressed/water/hydro-pump.ogg
817,Drizzile,drizzile,8,Galar-Hisui,water,,2,Hydro Pump,water,type-preferred:water,pokemon-sfx-by-species/gen-8-galar-hisui/0817_drizzile__hydro-pump.ogg,2966,attack-move-sfx-compressed/water/hydro-pump.ogg
818,Inteleon,inteleon,8,Galar-Hisui,water,,3,Hydro Pump,water,type-preferred:water,pokemon-sfx-by-species/gen-8-galar-hisui/0818_inteleon__hydro-pump.ogg,2966,attack-move-sfx-compressed/water/hydro-pump.ogg
819,Skwovet,skwovet,8,Galar-Hisui,normal,,2,Hyper Beam,normal,type-preferred:normal,pokemon-sfx-by-species/gen-8-galar-hisui/0819_skwovet__hyper-beam.ogg,2840,attack-move-sfx-compressed/normal/hyper-beam.ogg
820,Greedent,greedent,8,Galar-Hisui,normal,,3,Hyper Beam,normal,type-preferred:normal,pokemon-sfx-by-species/gen-8-galar-hisui/0820_greedent__hyper-beam.ogg,2840,attack-move-sfx-compressed/normal/hyper-beam.ogg
821,Rookidee,rookidee,8,Galar-Hisui,flying,,2,Brave Bird,flying,type-preferred:flying,pokemon-sfx-by-species/gen-8-galar-hisui/0821_rookidee__brave-bird.ogg,2846,attack-move-sfx-compressed/flying/brave-bird.ogg
822,Corvisquire,corvisquire,8,Galar-Hisui,flying,,3,Brave Bird,flying,type-preferred:flying,pokemon-sfx-by-species/gen-8-galar-hisui/0822_corvisquire__brave-bird.ogg,2846,attack-move-sfx-compressed/flying/brave-bird.ogg
823,Corviknight,corviknight,8,Galar-Hisui,flying,steel,2,Brave Bird,flying,type-preferred:flying,pokemon-sfx-by-species/gen-8-galar-hisui/0823_corviknight__brave-bird.ogg,2846,attack-move-sfx-compressed/flying/brave-bird.ogg
824,Blipbug,blipbug,8,Galar-Hisui,bug,,3,Bug Buzz,bug,type-preferred:bug,pokemon-sfx-by-species/gen-8-galar-hisui/0824_blipbug__bug-buzz.ogg,2806,attack-move-sfx-compressed/bug/bug-buzz.ogg
825,Dottler,dottler,8,Galar-Hisui,bug,psychic,2,Bug Buzz,bug,type-preferred:bug,pokemon-sfx-by-species/gen-8-galar-hisui/0825_dottler__bug-buzz.ogg,2806,attack-move-sfx-compressed/bug/bug-buzz.ogg
826,Orbeetle,orbeetle,8,Galar-Hisui,bug,psychic,3,Bug Buzz,bug,type-preferred:bug,pokemon-sfx-by-species/gen-8-galar-hisui/0826_orbeetle__bug-buzz.ogg,2806,attack-move-sfx-compressed/bug/bug-buzz.ogg
827,Nickit,nickit,8,Galar-Hisui,dark,,2,Dark Pulse,dark,type-preferred:dark,pokemon-sfx-by-species/gen-8-galar-hisui/0827_nickit__dark-pulse.ogg,2795,attack-move-sfx-compressed/dark/dark-pulse.ogg
828,Thievul,thievul,8,Galar-Hisui,dark,,3,Dark Pulse,dark,type-preferred:dark,pokemon-sfx-by-species/gen-8-galar-hisui/0828_thievul__dark-pulse.ogg,2795,attack-move-sfx-compressed/dark/dark-pulse.ogg
829,Gossifleur,gossifleur,8,Galar-Hisui,grass,,2,Frenzy Plant,grass,type-preferred:grass,pokemon-sfx-by-species/gen-8-galar-hisui/0829_gossifleur__frenzy-plant.ogg,2724,attack-move-sfx-compressed/grass/frenzy-plant.ogg
830,Eldegoss,eldegoss,8,Galar-Hisui,grass,,3,Frenzy Plant,grass,type-preferred:grass,pokemon-sfx-by-species/gen-8-galar-hisui/0830_eldegoss__frenzy-plant.ogg,2724,attack-move-sfx-compressed/grass/frenzy-plant.ogg
831,Wooloo,wooloo,8,Galar-Hisui,normal,,2,Hyper Beam,normal,type-preferred:normal,pokemon-sfx-by-species/gen-8-galar-hisui/0831_wooloo__hyper-beam.ogg,2840,attack-move-sfx-compressed/normal/hyper-beam.ogg
832,Dubwool,dubwool,8,Galar-Hisui,normal,,3,Hyper Beam,normal,type-preferred:normal,pokemon-sfx-by-species/gen-8-galar-hisui/0832_dubwool__hyper-beam.ogg,2840,attack-move-sfx-compressed/normal/hyper-beam.ogg
833,Chewtle,chewtle,8,Galar-Hisui,water,,2,Hydro Pump,water,type-preferred:water,pokemon-sfx-by-species/gen-8-galar-hisui/0833_chewtle__hydro-pump.ogg,2966,attack-move-sfx-compressed/water/hydro-pump.ogg
834,Drednaw,drednaw,8,Galar-Hisui,water,rock,3,Hydro Pump,water,type-preferred:water,pokemon-sfx-by-species/gen-8-galar-hisui/0834_drednaw__hydro-pump.ogg,2966,attack-move-sfx-compressed/water/hydro-pump.ogg
835,Yamper,yamper,8,Galar-Hisui,electric,,2,Catastropika,electric,type-preferred:electric,pokemon-sfx-by-species/gen-8-galar-hisui/0835_yamper__catastropika.ogg,3043,attack-move-sfx-compressed/electric/catastropika.ogg
836,Boltund,boltund,8,Galar-Hisui,electric,,3,Catastropika,electric,type-preferred:electric,pokemon-sfx-by-species/gen-8-galar-hisui/0836_boltund__catastropika.ogg,3043,attack-move-sfx-compressed/electric/catastropika.ogg
837,Rolycoly,rolycoly,8,Galar-Hisui,rock,,2,Stone Edge,rock,type-preferred:rock,pokemon-sfx-by-species/gen-8-galar-hisui/0837_rolycoly__stone-edge.ogg,2756,attack-move-sfx-compressed/rock/stone-edge.ogg
838,Carkol,carkol,8,Galar-Hisui,rock,fire,3,Stone Edge,rock,type-preferred:rock,pokemon-sfx-by-species/gen-8-galar-hisui/0838_carkol__stone-edge.ogg,2756,attack-move-sfx-compressed/rock/stone-edge.ogg
839,Coalossal,coalossal,8,Galar-Hisui,rock,fire,2,Stone Edge,rock,type-preferred:rock,pokemon-sfx-by-species/gen-8-galar-hisui/0839_coalossal__stone-edge.ogg,2756,attack-move-sfx-compressed/rock/stone-edge.ogg
840,Applin,applin,8,Galar-Hisui,grass,dragon,3,Frenzy Plant,grass,type-preferred:grass,pokemon-sfx-by-species/gen-8-galar-hisui/0840_applin__frenzy-plant.ogg,2724,attack-move-sfx-compressed/grass/frenzy-plant.ogg
841,Flapple,flapple,8,Galar-Hisui,grass,dragon,2,Frenzy Plant,grass,type-preferred:grass,pokemon-sfx-by-species/gen-8-galar-hisui/0841_flapple__frenzy-plant.ogg,2724,attack-move-sfx-compressed/grass/frenzy-plant.ogg
842,Appletun,appletun,8,Galar-Hisui,grass,dragon,3,Frenzy Plant,grass,type-preferred:grass,pokemon-sfx-by-species/gen-8-galar-hisui/0842_appletun__frenzy-plant.ogg,2724,attack-move-sfx-compressed/grass/frenzy-plant.ogg
843,Silicobra,silicobra,8,Galar-Hisui,ground,,2,Earthquake,ground,type-preferred:ground,pokemon-sfx-by-species/gen-8-galar-hisui/0843_silicobra__earthquake.ogg,2774,attack-move-sfx-compressed/ground/earthquake.ogg
844,Sandaconda,sandaconda,8,Galar-Hisui,ground,,3,Earthquake,ground,type-preferred:ground,pokemon-sfx-by-species/gen-8-galar-hisui/0844_sandaconda__earthquake.ogg,2774,attack-move-sfx-compressed/ground/earthquake.ogg
845,Cramorant,cramorant,8,Galar-Hisui,flying,water,2,Brave Bird,flying,type-preferred:flying,pokemon-sfx-by-species/gen-8-galar-hisui/0845_cramorant__brave-bird.ogg,2846,attack-move-sfx-compressed/flying/brave-bird.ogg
846,Arrokuda,arrokuda,8,Galar-Hisui,water,,3,Hydro Pump,water,type-preferred:water,pokemon-sfx-by-species/gen-8-galar-hisui/0846_arrokuda__hydro-pump.ogg,2966,attack-move-sfx-compressed/water/hydro-pump.ogg
847,Barraskewda,barraskewda,8,Galar-Hisui,water,,3,Hydro Pump,water,type-preferred:water,pokemon-sfx-by-species/gen-8-galar-hisui/0847_barraskewda__hydro-pump.ogg,2966,attack-move-sfx-compressed/water/hydro-pump.ogg
848,Toxel,toxel,8,Galar-Hisui,electric,poison,2,Catastropika,electric,type-preferred:electric,pokemon-sfx-by-species/gen-8-galar-hisui/0848_toxel__catastropika.ogg,3043,attack-move-sfx-compressed/electric/catastropika.ogg
849,Toxtricity,toxtricity,8,Galar-Hisui,electric,poison,3,Catastropika,electric,type-preferred:electric,pokemon-sfx-by-species/gen-8-galar-hisui/0849_toxtricity__catastropika.ogg,3043,attack-move-sfx-compressed/electric/catastropika.ogg
850,Sizzlipede,sizzlipede,8,Galar-Hisui,fire,bug,2,Blast Burn,fire,type-preferred:fire,pokemon-sfx-by-species/gen-8-galar-hisui/0850_sizzlipede__blast-burn.ogg,2728,attack-move-sfx-compressed/fire/blast-burn.ogg
851,Centiskorch,centiskorch,8,Galar-Hisui,fire,bug,3,Blast Burn,fire,type-preferred:fire,pokemon-sfx-by-species/gen-8-galar-hisui/0851_centiskorch__blast-burn.ogg,2728,attack-move-sfx-compressed/fire/blast-burn.ogg
852,Clobbopus,clobbopus,8,Galar-Hisui,fighting,,2,Close Combat,fighting,type-preferred:fighting,pokemon-sfx-by-species/gen-8-galar-hisui/0852_clobbopus__close-combat.ogg,2821,attack-move-sfx-compressed/fighting/close-combat.ogg
853,Grapploct,grapploct,8,Galar-Hisui,fighting,,3,Close Combat,fighting,type-preferred:fighting,pokemon-sfx-by-species/gen-8-galar-hisui/0853_grapploct__close-combat.ogg,2821,attack-move-sfx-compressed/fighting/close-combat.ogg
854,Sinistea,sinistea,8,Galar-Hisui,ghost,,2,Shadow Ball,ghost,type-preferred:ghost,pokemon-sfx-by-species/gen-8-galar-hisui/0854_sinistea__shadow-ball.ogg,2793,attack-move-sfx-compressed/ghost/shadow-ball.ogg
855,Polteageist,polteageist,8,Galar-Hisui,ghost,,3,Shadow Ball,ghost,type-preferred:ghost,pokemon-sfx-by-species/gen-8-galar-hisui/0855_polteageist__shadow-ball.ogg,2793,attack-move-sfx-compressed/ghost/shadow-ball.ogg
856,Hatenna,hatenna,8,Galar-Hisui,psychic,,2,Psystrike,psychic,type-preferred:psychic,pokemon-sfx-by-species/gen-8-galar-hisui/0856_hatenna__psystrike.ogg,2807,attack-move-sfx-compressed/psychic/psystrike.ogg
857,Hattrem,hattrem,8,Galar-Hisui,psychic,,3,Psystrike,psychic,type-preferred:psychic,pokemon-sfx-by-species/gen-8-galar-hisui/0857_hattrem__psystrike.ogg,2807,attack-move-sfx-compressed/psychic/psystrike.ogg
858,Hatterene,hatterene,8,Galar-Hisui,psychic,fairy,2,Psystrike,psychic,type-preferred:psychic,pokemon-sfx-by-species/gen-8-galar-hisui/0858_hatterene__psystrike.ogg,2807,attack-move-sfx-compressed/psychic/psystrike.ogg
859,Impidimp,impidimp,8,Galar-Hisui,dark,fairy,3,Dark Pulse,dark,type-preferred:dark,pokemon-sfx-by-species/gen-8-galar-hisui/0859_impidimp__dark-pulse.ogg,2795,attack-move-sfx-compressed/dark/dark-pulse.ogg
860,Morgrem,morgrem,8,Galar-Hisui,dark,fairy,2,Dark Pulse,dark,type-preferred:dark,pokemon-sfx-by-species/gen-8-galar-hisui/0860_morgrem__dark-pulse.ogg,2795,attack-move-sfx-compressed/dark/dark-pulse.ogg
861,Grimmsnarl,grimmsnarl,8,Galar-Hisui,dark,fairy,3,Dark Pulse,dark,type-preferred:dark,pokemon-sfx-by-species/gen-8-galar-hisui/0861_grimmsnarl__dark-pulse.ogg,2795,attack-move-sfx-compressed/dark/dark-pulse.ogg
862,Obstagoon,obstagoon,8,Galar-Hisui,dark,normal,3,Dark Pulse,dark,type-preferred:dark,pokemon-sfx-by-species/gen-8-galar-hisui/0862_obstagoon__dark-pulse.ogg,2795,attack-move-sfx-compressed/dark/dark-pulse.ogg
863,Perrserker,perrserker,8,Galar-Hisui,steel,,3,Flash Cannon,steel,type-preferred:steel,pokemon-sfx-by-species/gen-8-galar-hisui/0863_perrserker__flash-cannon.ogg,2764,attack-move-sfx-compressed/steel/flash-cannon.ogg
864,Cursola,cursola,8,Galar-Hisui,ghost,,3,Shadow Ball,ghost,type-preferred:ghost,pokemon-sfx-by-species/gen-8-galar-hisui/0864_cursola__shadow-ball.ogg,2793,attack-move-sfx-compressed/ghost/shadow-ball.ogg
865,Sirfetch'd,sirfetchd,8,Galar-Hisui,fighting,,3,Close Combat,fighting,type-preferred:fighting,pokemon-sfx-by-species/gen-8-galar-hisui/0865_sirfetchd__close-combat.ogg,2821,attack-move-sfx-compressed/fighting/close-combat.ogg
866,Mr. Rime,mr-rime,8,Galar-Hisui,ice,psychic,3,Blizzard,ice,type-preferred:ice,pokemon-sfx-by-species/gen-8-galar-hisui/0866_mr-rime__blizzard.ogg,2811,attack-move-sfx-compressed/ice/blizzard.ogg
867,Runerigus,runerigus,8,Galar-Hisui,ground,ghost,3,Earthquake,ground,type-preferred:ground,pokemon-sfx-by-species/gen-8-galar-hisui/0867_runerigus__earthquake.ogg,2774,attack-move-sfx-compressed/ground/earthquake.ogg
868,Milcery,milcery,8,Galar-Hisui,fairy,,2,Moonblast,fairy,type-preferred:fairy,pokemon-sfx-by-species/gen-8-galar-hisui/0868_milcery__moonblast.ogg,2861,attack-move-sfx-compressed/fairy/moonblast.ogg
869,Alcremie,alcremie,8,Galar-Hisui,fairy,,3,Moonblast,fairy,type-preferred:fairy,pokemon-sfx-by-species/gen-8-galar-hisui/0869_alcremie__moonblast.ogg,2861,attack-move-sfx-compressed/fairy/moonblast.ogg
870,Falinks,falinks,8,Galar-Hisui,fighting,,2,Close Combat,fighting,type-preferred:fighting,pokemon-sfx-by-species/gen-8-galar-hisui/0870_falinks__close-combat.ogg,2821,attack-move-sfx-compressed/fighting/close-combat.ogg
871,Pincurchin,pincurchin,8,Galar-Hisui,electric,,3,Catastropika,electric,type-preferred:electric,pokemon-sfx-by-species/gen-8-galar-hisui/0871_pincurchin__catastropika.ogg,3043,attack-move-sfx-compressed/electric/catastropika.ogg
872,Snom,snom,8,Galar-Hisui,ice,bug,2,Blizzard,ice,type-preferred:ice,pokemon-sfx-by-species/gen-8-galar-hisui/0872_snom__blizzard.ogg,2811,attack-move-sfx-compressed/ice/blizzard.ogg
873,Frosmoth,frosmoth,8,Galar-Hisui,ice,bug,3,Blizzard,ice,type-preferred:ice,pokemon-sfx-by-species/gen-8-galar-hisui/0873_frosmoth__blizzard.ogg,2811,attack-move-sfx-compressed/ice/blizzard.ogg
874,Stonjourner,stonjourner,8,Galar-Hisui,rock,,2,Stone Edge,rock,type-preferred:rock,pokemon-sfx-by-species/gen-8-galar-hisui/0874_stonjourner__stone-edge.ogg,2756,attack-move-sfx-compressed/rock/stone-edge.ogg
875,Eiscue,eiscue,8,Galar-Hisui,ice,,3,Blizzard,ice,type-preferred:ice,pokemon-sfx-by-species/gen-8-galar-hisui/0875_eiscue__blizzard.ogg,2811,attack-move-sfx-compressed/ice/blizzard.ogg
876,Indeedee,indeedee,8,Galar-Hisui,psychic,normal,2,Psystrike,psychic,type-preferred:psychic,pokemon-sfx-by-species/gen-8-galar-hisui/0876_indeedee__psystrike.ogg,2807,attack-move-sfx-compressed/psychic/psystrike.ogg
877,Morpeko,morpeko,8,Galar-Hisui,electric,dark,3,Catastropika,electric,type-preferred:electric,pokemon-sfx-by-species/gen-8-galar-hisui/0877_morpeko__catastropika.ogg,3043,attack-move-sfx-compressed/electric/catastropika.ogg
878,Cufant,cufant,8,Galar-Hisui,steel,,2,Flash Cannon,steel,type-preferred:steel,pokemon-sfx-by-species/gen-8-galar-hisui/0878_cufant__flash-cannon.ogg,2764,attack-move-sfx-compressed/steel/flash-cannon.ogg
879,Copperajah,copperajah,8,Galar-Hisui,steel,,3,Flash Cannon,steel,type-preferred:steel,pokemon-sfx-by-species/gen-8-galar-hisui/0879_copperajah__flash-cannon.ogg,2764,attack-move-sfx-compressed/steel/flash-cannon.ogg
880,Dracozolt,dracozolt,8,Galar-Hisui,electric,dragon,3,Catastropika,electric,type-preferred:electric,pokemon-sfx-by-species/gen-8-galar-hisui/0880_dracozolt__catastropika.ogg,3043,attack-move-sfx-compressed/electric/catastropika.ogg
881,Arctozolt,arctozolt,8,Galar-Hisui,electric,ice,3,Catastropika,electric,type-preferred:electric,pokemon-sfx-by-species/gen-8-galar-hisui/0881_arctozolt__catastropika.ogg,3043,attack-move-sfx-compressed/electric/catastropika.ogg
882,Dracovish,dracovish,8,Galar-Hisui,water,dragon,3,Hydro Pump,water,type-preferred:water,pokemon-sfx-by-species/gen-8-galar-hisui/0882_dracovish__hydro-pump.ogg,2966,attack-move-sfx-compressed/water/hydro-pump.ogg
883,Arctovish,arctovish,8,Galar-Hisui,water,ice,3,Hydro Pump,water,type-preferred:water,pokemon-sfx-by-species/gen-8-galar-hisui/0883_arctovish__hydro-pump.ogg,2966,attack-move-sfx-compressed/water/hydro-pump.ogg
884,Duraludon,duraludon,8,Galar-Hisui,steel,dragon,3,Flash Cannon,steel,type-preferred:steel,pokemon-sfx-by-species/gen-8-galar-hisui/0884_duraludon__flash-cannon.ogg,2764,attack-move-sfx-compressed/steel/flash-cannon.ogg
885,Dreepy,dreepy,8,Galar-Hisui,dragon,ghost,1,Draco Meteor,dragon,type-preferred:dragon,pokemon-sfx-by-species/gen-8-galar-hisui/0885_dreepy__draco-meteor.ogg,2739,attack-move-sfx-compressed/dragon/draco-meteor.ogg
886,Drakloak,drakloak,8,Galar-Hisui,dragon,ghost,2,Draco Meteor,dragon,type-preferred:dragon,pokemon-sfx-by-species/gen-8-galar-hisui/0886_drakloak__draco-meteor.ogg,2739,attack-move-sfx-compressed/dragon/draco-meteor.ogg
887,Dragapult,dragapult,8,Galar-Hisui,dragon,ghost,3,Draco Meteor,dragon,type-preferred:dragon,pokemon-sfx-by-species/gen-8-galar-hisui/0887_dragapult__draco-meteor.ogg,2739,attack-move-sfx-compressed/dragon/draco-meteor.ogg
888,Zacian,zacian,8,Galar-Hisui,fairy,,4,Moonblast,fairy,type-preferred:fairy,pokemon-sfx-by-species/gen-8-galar-hisui/0888_zacian__moonblast.ogg,2861,attack-move-sfx-compressed/fairy/moonblast.ogg
889,Zamazenta,zamazenta,8,Galar-Hisui,fighting,,4,Close Combat,fighting,type-preferred:fighting,pokemon-sfx-by-species/gen-8-galar-hisui/0889_zamazenta__close-combat.ogg,2821,attack-move-sfx-compressed/fighting/close-combat.ogg
890,Eternatus,eternatus,8,Galar-Hisui,poison,dragon,4,Sludge Bomb,poison,type-preferred:poison,pokemon-sfx-by-species/gen-8-galar-hisui/0890_eternatus__sludge-bomb.ogg,2794,attack-move-sfx-compressed/poison/sludge-bomb.ogg
891,Kubfu,kubfu,8,Galar-Hisui,fighting,,4,Close Combat,fighting,type-preferred:fighting,pokemon-sfx-by-species/gen-8-galar-hisui/0891_kubfu__close-combat.ogg,2821,attack-move-sfx-compressed/fighting/close-combat.ogg
892,Urshifu,urshifu,8,Galar-Hisui,fighting,dark,4,Close Combat,fighting,type-preferred:fighting,pokemon-sfx-by-species/gen-8-galar-hisui/0892_urshifu__close-combat.ogg,2821,attack-move-sfx-compressed/fighting/close-combat.ogg
893,Zarude,zarude,8,Galar-Hisui,dark,grass,4,Dark Pulse,dark,type-preferred:dark,pokemon-sfx-by-species/gen-8-galar-hisui/0893_zarude__dark-pulse.ogg,2795,attack-move-sfx-compressed/dark/dark-pulse.ogg
894,Regieleki,regieleki,8,Galar-Hisui,electric,,4,Catastropika,electric,type-preferred:electric,pokemon-sfx-by-species/gen-8-galar-hisui/0894_regieleki__catastropika.ogg,3043,attack-move-sfx-compressed/electric/catastropika.ogg
895,Regidrago,regidrago,8,Galar-Hisui,dragon,,4,Draco Meteor,dragon,type-preferred:dragon,pokemon-sfx-by-species/gen-8-galar-hisui/0895_regidrago__draco-meteor.ogg,2739,attack-move-sfx-compressed/dragon/draco-meteor.ogg
896,Glastrier,glastrier,8,Galar-Hisui,ice,,4,Blizzard,ice,type-preferred:ice,pokemon-sfx-by-species/gen-8-galar-hisui/0896_glastrier__blizzard.ogg,2811,attack-move-sfx-compressed/ice/blizzard.ogg
897,Spectrier,spectrier,8,Galar-Hisui,ghost,,4,Shadow Ball,ghost,type-preferred:ghost,pokemon-sfx-by-species/gen-8-galar-hisui/0897_spectrier__shadow-ball.ogg,2793,attack-move-sfx-compressed/ghost/shadow-ball.ogg
898,Calyrex,calyrex,8,Galar-Hisui,psychic,grass,4,Psystrike,psychic,type-preferred:psychic,pokemon-sfx-by-species/gen-8-galar-hisui/0898_calyrex__psystrike.ogg,2807,attack-move-sfx-compressed/psychic/psystrike.ogg
899,Wyrdeer,wyrdeer,8,Galar-Hisui,normal,psychic,1,Hyper Beam,normal,type-preferred:normal,pokemon-sfx-by-species/gen-8-galar-hisui/0899_wyrdeer__hyper-beam.ogg,2840,attack-move-sfx-compressed/normal/hyper-beam.ogg
900,Kleavor,kleavor,8,Galar-Hisui,bug,rock,1,Bug Buzz,bug,type-preferred:bug,pokemon-sfx-by-species/gen-8-galar-hisui/0900_kleavor__bug-buzz.ogg,2806,attack-move-sfx-compressed/bug/bug-buzz.ogg
901,Ursaluna,ursaluna,8,Galar-Hisui,ground,normal,1,Earthquake,ground,type-preferred:ground,pokemon-sfx-by-species/gen-8-galar-hisui/0901_ursaluna__earthquake.ogg,2774,attack-move-sfx-compressed/ground/earthquake.ogg
902,Basculegion,basculegion,8,Galar-Hisui,water,ghost,1,Hydro Pump,water,type-preferred:water,pokemon-sfx-by-species/gen-8-galar-hisui/0902_basculegion__hydro-pump.ogg,2966,attack-move-sfx-compressed/water/hydro-pump.ogg
903,Sneasler,sneasler,8,Galar-Hisui,poison,fighting,1,Sludge Bomb,poison,type-preferred:poison,pokemon-sfx-by-species/gen-8-galar-hisui/0903_sneasler__sludge-bomb.ogg,2794,attack-move-sfx-compressed/poison/sludge-bomb.ogg
904,Overqwil,overqwil,8,Galar-Hisui,poison,dark,1,Sludge Bomb,poison,type-preferred:poison,pokemon-sfx-by-species/gen-8-galar-hisui/0904_overqwil__sludge-bomb.ogg,2794,attack-move-sfx-compressed/poison/sludge-bomb.ogg
905,Enamorus,enamorus,8,Galar-Hisui,fairy,flying,4,Moonblast,fairy,type-preferred:fairy,pokemon-sfx-by-species/gen-8-galar-hisui/0905_enamorus__moonblast.ogg,2861,attack-move-sfx-compressed/fairy/moonblast.ogg
906,Sprigatito,sprigatito,9,Paldea-Kitakami-Blueberry,grass,,1,Frenzy Plant,grass,type-preferred:grass,pokemon-sfx-by-species/gen-9-paldea-kitakami-blueberry/0906_sprigatito__frenzy-plant.ogg,2724,attack-move-sfx-compressed/grass/frenzy-plant.ogg
907,Floragato,floragato,9,Paldea-Kitakami-Blueberry,grass,,2,Frenzy Plant,grass,type-preferred:grass,pokemon-sfx-by-species/gen-9-paldea-kitakami-blueberry/0907_floragato__frenzy-plant.ogg,2724,attack-move-sfx-compressed/grass/frenzy-plant.ogg
908,Meowscarada,meowscarada,9,Paldea-Kitakami-Blueberry,grass,dark,3,Frenzy Plant,grass,type-preferred:grass,pokemon-sfx-by-species/gen-9-paldea-kitakami-blueberry/0908_meowscarada__frenzy-plant.ogg,2724,attack-move-sfx-compressed/grass/frenzy-plant.ogg
909,Fuecoco,fuecoco,9,Paldea-Kitakami-Blueberry,fire,,1,Blast Burn,fire,type-preferred:fire,pokemon-sfx-by-species/gen-9-paldea-kitakami-blueberry/0909_fuecoco__blast-burn.ogg,2728,attack-move-sfx-compressed/fire/blast-burn.ogg
910,Crocalor,crocalor,9,Paldea-Kitakami-Blueberry,fire,,2,Blast Burn,fire,type-preferred:fire,pokemon-sfx-by-species/gen-9-paldea-kitakami-blueberry/0910_crocalor__blast-burn.ogg,2728,attack-move-sfx-compressed/fire/blast-burn.ogg
911,Skeledirge,skeledirge,9,Paldea-Kitakami-Blueberry,fire,ghost,3,Blast Burn,fire,type-preferred:fire,pokemon-sfx-by-species/gen-9-paldea-kitakami-blueberry/0911_skeledirge__blast-burn.ogg,2728,attack-move-sfx-compressed/fire/blast-burn.ogg
912,Quaxly,quaxly,9,Paldea-Kitakami-Blueberry,water,,1,Hydro Pump,water,type-preferred:water,pokemon-sfx-by-species/gen-9-paldea-kitakami-blueberry/0912_quaxly__hydro-pump.ogg,2966,attack-move-sfx-compressed/water/hydro-pump.ogg
913,Quaxwell,quaxwell,9,Paldea-Kitakami-Blueberry,water,,2,Hydro Pump,water,type-preferred:water,pokemon-sfx-by-species/gen-9-paldea-kitakami-blueberry/0913_quaxwell__hydro-pump.ogg,2966,attack-move-sfx-compressed/water/hydro-pump.ogg
914,Quaquaval,quaquaval,9,Paldea-Kitakami-Blueberry,water,fighting,3,Hydro Pump,water,type-preferred:water,pokemon-sfx-by-species/gen-9-paldea-kitakami-blueberry/0914_quaquaval__hydro-pump.ogg,2966,attack-move-sfx-compressed/water/hydro-pump.ogg
915,Lechonk,lechonk,9,Paldea-Kitakami-Blueberry,normal,,2,Hyper Beam,normal,type-preferred:normal,pokemon-sfx-by-species/gen-9-paldea-kitakami-blueberry/0915_lechonk__hyper-beam.ogg,2840,attack-move-sfx-compressed/normal/hyper-beam.ogg
916,Oinkologne,oinkologne,9,Paldea-Kitakami-Blueberry,normal,,3,Hyper Beam,normal,type-preferred:normal,pokemon-sfx-by-species/gen-9-paldea-kitakami-blueberry/0916_oinkologne__hyper-beam.ogg,2840,attack-move-sfx-compressed/normal/hyper-beam.ogg
917,Tarountula,tarountula,9,Paldea-Kitakami-Blueberry,bug,,1,Bug Buzz,bug,type-preferred:bug,pokemon-sfx-by-species/gen-9-paldea-kitakami-blueberry/0917_tarountula__bug-buzz.ogg,2806,attack-move-sfx-compressed/bug/bug-buzz.ogg
918,Spidops,spidops,9,Paldea-Kitakami-Blueberry,bug,,2,Bug Buzz,bug,type-preferred:bug,pokemon-sfx-by-species/gen-9-paldea-kitakami-blueberry/0918_spidops__bug-buzz.ogg,2806,attack-move-sfx-compressed/bug/bug-buzz.ogg
919,Nymble,nymble,9,Paldea-Kitakami-Blueberry,bug,,3,Bug Buzz,bug,type-preferred:bug,pokemon-sfx-by-species/gen-9-paldea-kitakami-blueberry/0919_nymble__bug-buzz.ogg,2806,attack-move-sfx-compressed/bug/bug-buzz.ogg
920,Lokix,lokix,9,Paldea-Kitakami-Blueberry,bug,dark,2,Bug Buzz,bug,type-preferred:bug,pokemon-sfx-by-species/gen-9-paldea-kitakami-blueberry/0920_lokix__bug-buzz.ogg,2806,attack-move-sfx-compressed/bug/bug-buzz.ogg
921,Pawmi,pawmi,9,Paldea-Kitakami-Blueberry,electric,,3,Catastropika,electric,type-preferred:electric,pokemon-sfx-by-species/gen-9-paldea-kitakami-blueberry/0921_pawmi__catastropika.ogg,3043,attack-move-sfx-compressed/electric/catastropika.ogg
922,Pawmo,pawmo,9,Paldea-Kitakami-Blueberry,electric,fighting,2,Catastropika,electric,type-preferred:electric,pokemon-sfx-by-species/gen-9-paldea-kitakami-blueberry/0922_pawmo__catastropika.ogg,3043,attack-move-sfx-compressed/electric/catastropika.ogg
923,Pawmot,pawmot,9,Paldea-Kitakami-Blueberry,electric,fighting,3,Catastropika,electric,type-preferred:electric,pokemon-sfx-by-species/gen-9-paldea-kitakami-blueberry/0923_pawmot__catastropika.ogg,3043,attack-move-sfx-compressed/electric/catastropika.ogg
924,Fidough,fidough,9,Paldea-Kitakami-Blueberry,fairy,,2,Moonblast,fairy,type-preferred:fairy,pokemon-sfx-by-species/gen-9-paldea-kitakami-blueberry/0924_fidough__moonblast.ogg,2861,attack-move-sfx-compressed/fairy/moonblast.ogg
925,Dachsbun,dachsbun,9,Paldea-Kitakami-Blueberry,fairy,,3,Moonblast,fairy,type-preferred:fairy,pokemon-sfx-by-species/gen-9-paldea-kitakami-blueberry/0925_dachsbun__moonblast.ogg,2861,attack-move-sfx-compressed/fairy/moonblast.ogg
926,Smoliv,smoliv,9,Paldea-Kitakami-Blueberry,grass,normal,2,Frenzy Plant,grass,type-preferred:grass,pokemon-sfx-by-species/gen-9-paldea-kitakami-blueberry/0926_smoliv__frenzy-plant.ogg,2724,attack-move-sfx-compressed/grass/frenzy-plant.ogg
927,Dolliv,dolliv,9,Paldea-Kitakami-Blueberry,grass,normal,3,Frenzy Plant,grass,type-preferred:grass,pokemon-sfx-by-species/gen-9-paldea-kitakami-blueberry/0927_dolliv__frenzy-plant.ogg,2724,attack-move-sfx-compressed/grass/frenzy-plant.ogg
928,Arboliva,arboliva,9,Paldea-Kitakami-Blueberry,grass,normal,2,Frenzy Plant,grass,type-preferred:grass,pokemon-sfx-by-species/gen-9-paldea-kitakami-blueberry/0928_arboliva__frenzy-plant.ogg,2724,attack-move-sfx-compressed/grass/frenzy-plant.ogg
929,Squawkabilly,squawkabilly,9,Paldea-Kitakami-Blueberry,normal,flying,3,Hyper Beam,normal,type-preferred:normal,pokemon-sfx-by-species/gen-9-paldea-kitakami-blueberry/0929_squawkabilly__hyper-beam.ogg,2840,attack-move-sfx-compressed/normal/hyper-beam.ogg
930,Nacli,nacli,9,Paldea-Kitakami-Blueberry,rock,,2,Stone Edge,rock,type-preferred:rock,pokemon-sfx-by-species/gen-9-paldea-kitakami-blueberry/0930_nacli__stone-edge.ogg,2756,attack-move-sfx-compressed/rock/stone-edge.ogg
931,Naclstack,naclstack,9,Paldea-Kitakami-Blueberry,rock,,3,Stone Edge,rock,type-preferred:rock,pokemon-sfx-by-species/gen-9-paldea-kitakami-blueberry/0931_naclstack__stone-edge.ogg,2756,attack-move-sfx-compressed/rock/stone-edge.ogg
932,Garganacl,garganacl,9,Paldea-Kitakami-Blueberry,rock,,2,Stone Edge,rock,type-preferred:rock,pokemon-sfx-by-species/gen-9-paldea-kitakami-blueberry/0932_garganacl__stone-edge.ogg,2756,attack-move-sfx-compressed/rock/stone-edge.ogg
933,Charcadet,charcadet,9,Paldea-Kitakami-Blueberry,fire,,3,Blast Burn,fire,type-preferred:fire,pokemon-sfx-by-species/gen-9-paldea-kitakami-blueberry/0933_charcadet__blast-burn.ogg,2728,attack-move-sfx-compressed/fire/blast-burn.ogg
934,Armarouge,armarouge,9,Paldea-Kitakami-Blueberry,fire,psychic,3,Blast Burn,fire,type-preferred:fire,pokemon-sfx-by-species/gen-9-paldea-kitakami-blueberry/0934_armarouge__blast-burn.ogg,2728,attack-move-sfx-compressed/fire/blast-burn.ogg
935,Ceruledge,ceruledge,9,Paldea-Kitakami-Blueberry,fire,ghost,3,Blast Burn,fire,type-preferred:fire,pokemon-sfx-by-species/gen-9-paldea-kitakami-blueberry/0935_ceruledge__blast-burn.ogg,2728,attack-move-sfx-compressed/fire/blast-burn.ogg
936,Tadbulb,tadbulb,9,Paldea-Kitakami-Blueberry,electric,,2,Catastropika,electric,type-preferred:electric,pokemon-sfx-by-species/gen-9-paldea-kitakami-blueberry/0936_tadbulb__catastropika.ogg,3043,attack-move-sfx-compressed/electric/catastropika.ogg
937,Bellibolt,bellibolt,9,Paldea-Kitakami-Blueberry,electric,,3,Catastropika,electric,type-preferred:electric,pokemon-sfx-by-species/gen-9-paldea-kitakami-blueberry/0937_bellibolt__catastropika.ogg,3043,attack-move-sfx-compressed/electric/catastropika.ogg
938,Wattrel,wattrel,9,Paldea-Kitakami-Blueberry,electric,flying,2,Catastropika,electric,type-preferred:electric,pokemon-sfx-by-species/gen-9-paldea-kitakami-blueberry/0938_wattrel__catastropika.ogg,3043,attack-move-sfx-compressed/electric/catastropika.ogg
939,Kilowattrel,kilowattrel,9,Paldea-Kitakami-Blueberry,electric,flying,3,Catastropika,electric,type-preferred:electric,pokemon-sfx-by-species/gen-9-paldea-kitakami-blueberry/0939_kilowattrel__catastropika.ogg,3043,attack-move-sfx-compressed/electric/catastropika.ogg
940,Maschiff,maschiff,9,Paldea-Kitakami-Blueberry,dark,,2,Dark Pulse,dark,type-preferred:dark,pokemon-sfx-by-species/gen-9-paldea-kitakami-blueberry/0940_maschiff__dark-pulse.ogg,2795,attack-move-sfx-compressed/dark/dark-pulse.ogg
941,Mabosstiff,mabosstiff,9,Paldea-Kitakami-Blueberry,dark,,3,Dark Pulse,dark,type-preferred:dark,pokemon-sfx-by-species/gen-9-paldea-kitakami-blueberry/0941_mabosstiff__dark-pulse.ogg,2795,attack-move-sfx-compressed/dark/dark-pulse.ogg
942,Shroodle,shroodle,9,Paldea-Kitakami-Blueberry,poison,normal,2,Sludge Bomb,poison,type-preferred:poison,pokemon-sfx-by-species/gen-9-paldea-kitakami-blueberry/0942_shroodle__sludge-bomb.ogg,2794,attack-move-sfx-compressed/poison/sludge-bomb.ogg
943,Grafaiai,grafaiai,9,Paldea-Kitakami-Blueberry,poison,normal,3,Sludge Bomb,poison,type-preferred:poison,pokemon-sfx-by-species/gen-9-paldea-kitakami-blueberry/0943_grafaiai__sludge-bomb.ogg,2794,attack-move-sfx-compressed/poison/sludge-bomb.ogg
944,Bramblin,bramblin,9,Paldea-Kitakami-Blueberry,grass,ghost,3,Frenzy Plant,grass,type-preferred:grass,pokemon-sfx-by-species/gen-9-paldea-kitakami-blueberry/0944_bramblin__frenzy-plant.ogg,2724,attack-move-sfx-compressed/grass/frenzy-plant.ogg
945,Brambleghast,brambleghast,9,Paldea-Kitakami-Blueberry,grass,ghost,2,Frenzy Plant,grass,type-preferred:grass,pokemon-sfx-by-species/gen-9-paldea-kitakami-blueberry/0945_brambleghast__frenzy-plant.ogg,2724,attack-move-sfx-compressed/grass/frenzy-plant.ogg
946,Toedscool,toedscool,9,Paldea-Kitakami-Blueberry,ground,grass,3,Earthquake,ground,type-preferred:ground,pokemon-sfx-by-species/gen-9-paldea-kitakami-blueberry/0946_toedscool__earthquake.ogg,2774,attack-move-sfx-compressed/ground/earthquake.ogg
947,Toedscruel,toedscruel,9,Paldea-Kitakami-Blueberry,ground,grass,2,Earthquake,ground,type-preferred:ground,pokemon-sfx-by-species/gen-9-paldea-kitakami-blueberry/0947_toedscruel__earthquake.ogg,2774,attack-move-sfx-compressed/ground/earthquake.ogg
948,Klawf,klawf,9,Paldea-Kitakami-Blueberry,rock,,3,Stone Edge,rock,type-preferred:rock,pokemon-sfx-by-species/gen-9-paldea-kitakami-blueberry/0948_klawf__stone-edge.ogg,2756,attack-move-sfx-compressed/rock/stone-edge.ogg
949,Capsakid,capsakid,9,Paldea-Kitakami-Blueberry,grass,,2,Frenzy Plant,grass,type-preferred:grass,pokemon-sfx-by-species/gen-9-paldea-kitakami-blueberry/0949_capsakid__frenzy-plant.ogg,2724,attack-move-sfx-compressed/grass/frenzy-plant.ogg
950,Scovillain,scovillain,9,Paldea-Kitakami-Blueberry,grass,fire,3,Frenzy Plant,grass,type-preferred:grass,pokemon-sfx-by-species/gen-9-paldea-kitakami-blueberry/0950_scovillain__frenzy-plant.ogg,2724,attack-move-sfx-compressed/grass/frenzy-plant.ogg
951,Rellor,rellor,9,Paldea-Kitakami-Blueberry,bug,,2,Bug Buzz,bug,type-preferred:bug,pokemon-sfx-by-species/gen-9-paldea-kitakami-blueberry/0951_rellor__bug-buzz.ogg,2806,attack-move-sfx-compressed/bug/bug-buzz.ogg
952,Rabsca,rabsca,9,Paldea-Kitakami-Blueberry,bug,psychic,3,Bug Buzz,bug,type-preferred:bug,pokemon-sfx-by-species/gen-9-paldea-kitakami-blueberry/0952_rabsca__bug-buzz.ogg,2806,attack-move-sfx-compressed/bug/bug-buzz.ogg
953,Flittle,flittle,9,Paldea-Kitakami-Blueberry,psychic,,2,Psystrike,psychic,type-preferred:psychic,pokemon-sfx-by-species/gen-9-paldea-kitakami-blueberry/0953_flittle__psystrike.ogg,2807,attack-move-sfx-compressed/psychic/psystrike.ogg
954,Espathra,espathra,9,Paldea-Kitakami-Blueberry,psychic,,3,Psystrike,psychic,type-preferred:psychic,pokemon-sfx-by-species/gen-9-paldea-kitakami-blueberry/0954_espathra__psystrike.ogg,2807,attack-move-sfx-compressed/psychic/psystrike.ogg
955,Tinkatink,tinkatink,9,Paldea-Kitakami-Blueberry,fairy,steel,2,Moonblast,fairy,type-preferred:fairy,pokemon-sfx-by-species/gen-9-paldea-kitakami-blueberry/0955_tinkatink__moonblast.ogg,2861,attack-move-sfx-compressed/fairy/moonblast.ogg
956,Tinkatuff,tinkatuff,9,Paldea-Kitakami-Blueberry,fairy,steel,3,Moonblast,fairy,type-preferred:fairy,pokemon-sfx-by-species/gen-9-paldea-kitakami-blueberry/0956_tinkatuff__moonblast.ogg,2861,attack-move-sfx-compressed/fairy/moonblast.ogg
957,Tinkaton,tinkaton,9,Paldea-Kitakami-Blueberry,fairy,steel,2,Moonblast,fairy,type-preferred:fairy,pokemon-sfx-by-species/gen-9-paldea-kitakami-blueberry/0957_tinkaton__moonblast.ogg,2861,attack-move-sfx-compressed/fairy/moonblast.ogg
958,Wiglett,wiglett,9,Paldea-Kitakami-Blueberry,water,,3,Hydro Pump,water,type-preferred:water,pokemon-sfx-by-species/gen-9-paldea-kitakami-blueberry/0958_wiglett__hydro-pump.ogg,2966,attack-move-sfx-compressed/water/hydro-pump.ogg
959,Wugtrio,wugtrio,9,Paldea-Kitakami-Blueberry,water,,2,Hydro Pump,water,type-preferred:water,pokemon-sfx-by-species/gen-9-paldea-kitakami-blueberry/0959_wugtrio__hydro-pump.ogg,2966,attack-move-sfx-compressed/water/hydro-pump.ogg
960,Bombirdier,bombirdier,9,Paldea-Kitakami-Blueberry,flying,dark,3,Brave Bird,flying,type-preferred:flying,pokemon-sfx-by-species/gen-9-paldea-kitakami-blueberry/0960_bombirdier__brave-bird.ogg,2846,attack-move-sfx-compressed/flying/brave-bird.ogg
961,Finizen,finizen,9,Paldea-Kitakami-Blueberry,water,,2,Hydro Pump,water,type-preferred:water,pokemon-sfx-by-species/gen-9-paldea-kitakami-blueberry/0961_finizen__hydro-pump.ogg,2966,attack-move-sfx-compressed/water/hydro-pump.ogg
962,Palafin,palafin,9,Paldea-Kitakami-Blueberry,water,,3,Hydro Pump,water,type-preferred:water,pokemon-sfx-by-species/gen-9-paldea-kitakami-blueberry/0962_palafin__hydro-pump.ogg,2966,attack-move-sfx-compressed/water/hydro-pump.ogg
963,Varoom,varoom,9,Paldea-Kitakami-Blueberry,steel,poison,2,Flash Cannon,steel,type-preferred:steel,pokemon-sfx-by-species/gen-9-paldea-kitakami-blueberry/0963_varoom__flash-cannon.ogg,2764,attack-move-sfx-compressed/steel/flash-cannon.ogg
964,Revavroom,revavroom,9,Paldea-Kitakami-Blueberry,steel,poison,3,Flash Cannon,steel,type-preferred:steel,pokemon-sfx-by-species/gen-9-paldea-kitakami-blueberry/0964_revavroom__flash-cannon.ogg,2764,attack-move-sfx-compressed/steel/flash-cannon.ogg
965,Cyclizar,cyclizar,9,Paldea-Kitakami-Blueberry,dragon,normal,2,Draco Meteor,dragon,type-preferred:dragon,pokemon-sfx-by-species/gen-9-paldea-kitakami-blueberry/0965_cyclizar__draco-meteor.ogg,2739,attack-move-sfx-compressed/dragon/draco-meteor.ogg
966,Orthworm,orthworm,9,Paldea-Kitakami-Blueberry,steel,,3,Flash Cannon,steel,type-preferred:steel,pokemon-sfx-by-species/gen-9-paldea-kitakami-blueberry/0966_orthworm__flash-cannon.ogg,2764,attack-move-sfx-compressed/steel/flash-cannon.ogg
967,Glimmet,glimmet,9,Paldea-Kitakami-Blueberry,rock,poison,3,Stone Edge,rock,type-preferred:rock,pokemon-sfx-by-species/gen-9-paldea-kitakami-blueberry/0967_glimmet__stone-edge.ogg,2756,attack-move-sfx-compressed/rock/stone-edge.ogg
968,Glimmora,glimmora,9,Paldea-Kitakami-Blueberry,rock,poison,1,Stone Edge,rock,type-preferred:rock,pokemon-sfx-by-species/gen-9-paldea-kitakami-blueberry/0968_glimmora__stone-edge.ogg,2756,attack-move-sfx-compressed/rock/stone-edge.ogg
969,Greavard,greavard,9,Paldea-Kitakami-Blueberry,ghost,,3,Shadow Ball,ghost,type-preferred:ghost,pokemon-sfx-by-species/gen-9-paldea-kitakami-blueberry/0969_greavard__shadow-ball.ogg,2793,attack-move-sfx-compressed/ghost/shadow-ball.ogg
970,Houndstone,houndstone,9,Paldea-Kitakami-Blueberry,ghost,,3,Shadow Ball,ghost,type-preferred:ghost,pokemon-sfx-by-species/gen-9-paldea-kitakami-blueberry/0970_houndstone__shadow-ball.ogg,2793,attack-move-sfx-compressed/ghost/shadow-ball.ogg
971,Flamigo,flamigo,9,Paldea-Kitakami-Blueberry,flying,fighting,2,Brave Bird,flying,type-preferred:flying,pokemon-sfx-by-species/gen-9-paldea-kitakami-blueberry/0971_flamigo__brave-bird.ogg,2846,attack-move-sfx-compressed/flying/brave-bird.ogg
972,Cetoddle,cetoddle,9,Paldea-Kitakami-Blueberry,ice,,3,Blizzard,ice,type-preferred:ice,pokemon-sfx-by-species/gen-9-paldea-kitakami-blueberry/0972_cetoddle__blizzard.ogg,2811,attack-move-sfx-compressed/ice/blizzard.ogg
973,Cetitan,cetitan,9,Paldea-Kitakami-Blueberry,ice,,3,Blizzard,ice,type-preferred:ice,pokemon-sfx-by-species/gen-9-paldea-kitakami-blueberry/0973_cetitan__blizzard.ogg,2811,attack-move-sfx-compressed/ice/blizzard.ogg
974,Veluza,veluza,9,Paldea-Kitakami-Blueberry,water,psychic,3,Hydro Pump,water,type-preferred:water,pokemon-sfx-by-species/gen-9-paldea-kitakami-blueberry/0974_veluza__hydro-pump.ogg,2966,attack-move-sfx-compressed/water/hydro-pump.ogg
975,Dondozo,dondozo,9,Paldea-Kitakami-Blueberry,water,,2,Hydro Pump,water,type-preferred:water,pokemon-sfx-by-species/gen-9-paldea-kitakami-blueberry/0975_dondozo__hydro-pump.ogg,2966,attack-move-sfx-compressed/water/hydro-pump.ogg
976,Tatsugiri,tatsugiri,9,Paldea-Kitakami-Blueberry,dragon,water,3,Draco Meteor,dragon,type-preferred:dragon,pokemon-sfx-by-species/gen-9-paldea-kitakami-blueberry/0976_tatsugiri__draco-meteor.ogg,2739,attack-move-sfx-compressed/dragon/draco-meteor.ogg
977,Annihilape,annihilape,9,Paldea-Kitakami-Blueberry,fighting,ghost,2,Close Combat,fighting,type-preferred:fighting,pokemon-sfx-by-species/gen-9-paldea-kitakami-blueberry/0977_annihilape__close-combat.ogg,2821,attack-move-sfx-compressed/fighting/close-combat.ogg
978,Clodsire,clodsire,9,Paldea-Kitakami-Blueberry,poison,ground,3,Sludge Bomb,poison,type-preferred:poison,pokemon-sfx-by-species/gen-9-paldea-kitakami-blueberry/0978_clodsire__sludge-bomb.ogg,2794,attack-move-sfx-compressed/poison/sludge-bomb.ogg
979,Farigiraf,farigiraf,9,Paldea-Kitakami-Blueberry,normal,psychic,2,Hyper Beam,normal,type-preferred:normal,pokemon-sfx-by-species/gen-9-paldea-kitakami-blueberry/0979_farigiraf__hyper-beam.ogg,2840,attack-move-sfx-compressed/normal/hyper-beam.ogg
980,Dudunsparce,dudunsparce,9,Paldea-Kitakami-Blueberry,normal,,3,Hyper Beam,normal,type-preferred:normal,pokemon-sfx-by-species/gen-9-paldea-kitakami-blueberry/0980_dudunsparce__hyper-beam.ogg,2840,attack-move-sfx-compressed/normal/hyper-beam.ogg
981,Kingambit,kingambit,9,Paldea-Kitakami-Blueberry,dark,steel,1,Dark Pulse,dark,type-preferred:dark,pokemon-sfx-by-species/gen-9-paldea-kitakami-blueberry/0981_kingambit__dark-pulse.ogg,2795,attack-move-sfx-compressed/dark/dark-pulse.ogg
982,Great Tusk,great-tusk,9,Paldea-Kitakami-Blueberry,fighting,ground,2,Close Combat,fighting,type-preferred:fighting,pokemon-sfx-by-species/gen-9-paldea-kitakami-blueberry/0982_great-tusk__close-combat.ogg,2821,attack-move-sfx-compressed/fighting/close-combat.ogg
983,Scream Tail,scream-tail,9,Paldea-Kitakami-Blueberry,fairy,psychic,3,Moonblast,fairy,type-preferred:fairy,pokemon-sfx-by-species/gen-9-paldea-kitakami-blueberry/0983_scream-tail__moonblast.ogg,2861,attack-move-sfx-compressed/fairy/moonblast.ogg
984,Brute Bonnet,brute-bonnet,9,Paldea-Kitakami-Blueberry,grass,dark,2,Frenzy Plant,grass,type-preferred:grass,pokemon-sfx-by-species/gen-9-paldea-kitakami-blueberry/0984_brute-bonnet__frenzy-plant.ogg,2724,attack-move-sfx-compressed/grass/frenzy-plant.ogg
985,Flutter Mane,flutter-mane,9,Paldea-Kitakami-Blueberry,ghost,fairy,3,Shadow Ball,ghost,type-preferred:ghost,pokemon-sfx-by-species/gen-9-paldea-kitakami-blueberry/0985_flutter-mane__shadow-ball.ogg,2793,attack-move-sfx-compressed/ghost/shadow-ball.ogg
986,Slither Wing,slither-wing,9,Paldea-Kitakami-Blueberry,bug,fighting,1,Bug Buzz,bug,type-preferred:bug,pokemon-sfx-by-species/gen-9-paldea-kitakami-blueberry/0986_slither-wing__bug-buzz.ogg,2806,attack-move-sfx-compressed/bug/bug-buzz.ogg
987,Sandy Shocks,sandy-shocks,9,Paldea-Kitakami-Blueberry,electric,ground,4,Catastropika,electric,type-preferred:electric,pokemon-sfx-by-species/gen-9-paldea-kitakami-blueberry/0987_sandy-shocks__catastropika.ogg,3043,attack-move-sfx-compressed/electric/catastropika.ogg
988,Iron Treads,iron-treads,9,Paldea-Kitakami-Blueberry,ground,steel,1,Earthquake,ground,type-preferred:ground,pokemon-sfx-by-species/gen-9-paldea-kitakami-blueberry/0988_iron-treads__earthquake.ogg,2774,attack-move-sfx-compressed/ground/earthquake.ogg
989,Iron Bundle,iron-bundle,9,Paldea-Kitakami-Blueberry,ice,water,1,Blizzard,ice,type-preferred:ice,pokemon-sfx-by-species/gen-9-paldea-kitakami-blueberry/0989_iron-bundle__blizzard.ogg,2811,attack-move-sfx-compressed/ice/blizzard.ogg
990,Iron Hands,iron-hands,9,Paldea-Kitakami-Blueberry,fighting,electric,1,Close Combat,fighting,type-preferred:fighting,pokemon-sfx-by-species/gen-9-paldea-kitakami-blueberry/0990_iron-hands__close-combat.ogg,2821,attack-move-sfx-compressed/fighting/close-combat.ogg
991,Iron Jugulis,iron-jugulis,9,Paldea-Kitakami-Blueberry,dark,flying,1,Dark Pulse,dark,type-preferred:dark,pokemon-sfx-by-species/gen-9-paldea-kitakami-blueberry/0991_iron-jugulis__dark-pulse.ogg,2795,attack-move-sfx-compressed/dark/dark-pulse.ogg
992,Iron Moth,iron-moth,9,Paldea-Kitakami-Blueberry,fire,poison,1,Blast Burn,fire,type-preferred:fire,pokemon-sfx-by-species/gen-9-paldea-kitakami-blueberry/0992_iron-moth__blast-burn.ogg,2728,attack-move-sfx-compressed/fire/blast-burn.ogg
993,Iron Thorns,iron-thorns,9,Paldea-Kitakami-Blueberry,rock,electric,1,Stone Edge,rock,type-preferred:rock,pokemon-sfx-by-species/gen-9-paldea-kitakami-blueberry/0993_iron-thorns__stone-edge.ogg,2756,attack-move-sfx-compressed/rock/stone-edge.ogg
994,Frigibax,frigibax,9,Paldea-Kitakami-Blueberry,dragon,ice,1,Draco Meteor,dragon,type-preferred:dragon,pokemon-sfx-by-species/gen-9-paldea-kitakami-blueberry/0994_frigibax__draco-meteor.ogg,2739,attack-move-sfx-compressed/dragon/draco-meteor.ogg
995,Arctibax,arctibax,9,Paldea-Kitakami-Blueberry,dragon,ice,1,Draco Meteor,dragon,type-preferred:dragon,pokemon-sfx-by-species/gen-9-paldea-kitakami-blueberry/0995_arctibax__draco-meteor.ogg,2739,attack-move-sfx-compressed/dragon/draco-meteor.ogg
996,Baxcalibur,baxcalibur,9,Paldea-Kitakami-Blueberry,dragon,ice,1,Draco Meteor,dragon,type-preferred:dragon,pokemon-sfx-by-species/gen-9-paldea-kitakami-blueberry/0996_baxcalibur__draco-meteor.ogg,2739,attack-move-sfx-compressed/dragon/draco-meteor.ogg
997,Gimmighoul,gimmighoul,9,Paldea-Kitakami-Blueberry,ghost,,1,Shadow Ball,ghost,type-preferred:ghost,pokemon-sfx-by-species/gen-9-paldea-kitakami-blueberry/0997_gimmighoul__shadow-ball.ogg,2793,attack-move-sfx-compressed/ghost/shadow-ball.ogg
998,Gholdengo,gholdengo,9,Paldea-Kitakami-Blueberry,steel,ghost,1,Flash Cannon,steel,type-preferred:steel,pokemon-sfx-by-species/gen-9-paldea-kitakami-blueberry/0998_gholdengo__flash-cannon.ogg,2764,attack-move-sfx-compressed/steel/flash-cannon.ogg
999,Wo-Chien,wo-chien,9,Paldea-Kitakami-Blueberry,dark,grass,1,Dark Pulse,dark,type-preferred:dark,pokemon-sfx-by-species/gen-9-paldea-kitakami-blueberry/0999_wo-chien__dark-pulse.ogg,2795,attack-move-sfx-compressed/dark/dark-pulse.ogg
1000,Chien-Pao,chien-pao,9,Paldea-Kitakami-Blueberry,dark,ice,2,Dark Pulse,dark,type-preferred:dark,pokemon-sfx-by-species/gen-9-paldea-kitakami-blueberry/1000_chien-pao__dark-pulse.ogg,2795,attack-move-sfx-compressed/dark/dark-pulse.ogg
1001,Ting-Lu,ting-lu,9,Paldea-Kitakami-Blueberry,dark,ground,4,Dark Pulse,dark,type-preferred:dark,pokemon-sfx-by-species/gen-9-paldea-kitakami-blueberry/1001_ting-lu__dark-pulse.ogg,2795,attack-move-sfx-compressed/dark/dark-pulse.ogg
1002,Chi-Yu,chi-yu,9,Paldea-Kitakami-Blueberry,dark,fire,2,Dark Pulse,dark,type-preferred:dark,pokemon-sfx-by-species/gen-9-paldea-kitakami-blueberry/1002_chi-yu__dark-pulse.ogg,2795,attack-move-sfx-compressed/dark/dark-pulse.ogg
1003,Roaring Moon,roaring-moon,9,Paldea-Kitakami-Blueberry,dragon,dark,3,Draco Meteor,dragon,type-preferred:dragon,pokemon-sfx-by-species/gen-9-paldea-kitakami-blueberry/1003_roaring-moon__draco-meteor.ogg,2739,attack-move-sfx-compressed/dragon/draco-meteor.ogg
1004,Iron Valiant,iron-valiant,9,Paldea-Kitakami-Blueberry,fairy,fighting,4,Moonblast,fairy,type-preferred:fairy,pokemon-sfx-by-species/gen-9-paldea-kitakami-blueberry/1004_iron-valiant__moonblast.ogg,2861,attack-move-sfx-compressed/fairy/moonblast.ogg
1005,Koraidon,koraidon,9,Paldea-Kitakami-Blueberry,fighting,dragon,2,Close Combat,fighting,type-preferred:fighting,pokemon-sfx-by-species/gen-9-paldea-kitakami-blueberry/1005_koraidon__close-combat.ogg,2821,attack-move-sfx-compressed/fighting/close-combat.ogg
1006,Miraidon,miraidon,9,Paldea-Kitakami-Blueberry,electric,dragon,3,Catastropika,electric,type-preferred:electric,pokemon-sfx-by-species/gen-9-paldea-kitakami-blueberry/1006_miraidon__catastropika.ogg,3043,attack-move-sfx-compressed/electric/catastropika.ogg
1007,Walking Wake,walking-wake,9,Paldea-Kitakami-Blueberry,water,dragon,4,Hydro Pump,water,type-preferred:water,pokemon-sfx-by-species/gen-9-paldea-kitakami-blueberry/1007_walking-wake__hydro-pump.ogg,2966,attack-move-sfx-compressed/water/hydro-pump.ogg
1008,Iron Leaves,iron-leaves,9,Paldea-Kitakami-Blueberry,grass,psychic,4,Frenzy Plant,grass,type-preferred:grass,pokemon-sfx-by-species/gen-9-paldea-kitakami-blueberry/1008_iron-leaves__frenzy-plant.ogg,2724,attack-move-sfx-compressed/grass/frenzy-plant.ogg
1009,Dipplin,dipplin,9,Paldea-Kitakami-Blueberry,grass,dragon,3,Frenzy Plant,grass,type-preferred:grass,pokemon-sfx-by-species/gen-9-paldea-kitakami-blueberry/1009_dipplin__frenzy-plant.ogg,2724,attack-move-sfx-compressed/grass/frenzy-plant.ogg
1010,Poltchageist,poltchageist,9,Paldea-Kitakami-Blueberry,grass,ghost,3,Frenzy Plant,grass,type-preferred:grass,pokemon-sfx-by-species/gen-9-paldea-kitakami-blueberry/1010_poltchageist__frenzy-plant.ogg,2724,attack-move-sfx-compressed/grass/frenzy-plant.ogg
1011,Sinistcha,sinistcha,9,Paldea-Kitakami-Blueberry,grass,ghost,3,Frenzy Plant,grass,type-preferred:grass,pokemon-sfx-by-species/gen-9-paldea-kitakami-blueberry/1011_sinistcha__frenzy-plant.ogg,2724,attack-move-sfx-compressed/grass/frenzy-plant.ogg
1012,Okidogi,okidogi,9,Paldea-Kitakami-Blueberry,poison,fighting,3,Sludge Bomb,poison,type-preferred:poison,pokemon-sfx-by-species/gen-9-paldea-kitakami-blueberry/1012_okidogi__sludge-bomb.ogg,2794,attack-move-sfx-compressed/poison/sludge-bomb.ogg
1013,Munkidori,munkidori,9,Paldea-Kitakami-Blueberry,poison,psychic,2,Sludge Bomb,poison,type-preferred:poison,pokemon-sfx-by-species/gen-9-paldea-kitakami-blueberry/1013_munkidori__sludge-bomb.ogg,2794,attack-move-sfx-compressed/poison/sludge-bomb.ogg
1014,Fezandipiti,fezandipiti,9,Paldea-Kitakami-Blueberry,poison,fairy,4,Sludge Bomb,poison,type-preferred:poison,pokemon-sfx-by-species/gen-9-paldea-kitakami-blueberry/1014_fezandipiti__sludge-bomb.ogg,2794,attack-move-sfx-compressed/poison/sludge-bomb.ogg
1015,Ogerpon,ogerpon,9,Paldea-Kitakami-Blueberry,grass,,4,Frenzy Plant,grass,type-preferred:grass,pokemon-sfx-by-species/gen-9-paldea-kitakami-blueberry/1015_ogerpon__frenzy-plant.ogg,2724,attack-move-sfx-compressed/grass/frenzy-plant.ogg
1016,Gouging Fire,gouging-fire,9,Paldea-Kitakami-Blueberry,fire,dragon,4,Blast Burn,fire,type-preferred:fire,pokemon-sfx-by-species/gen-9-paldea-kitakami-blueberry/1016_gouging-fire__blast-burn.ogg,2728,attack-move-sfx-compressed/fire/blast-burn.ogg
1017,Raging Bolt,raging-bolt,9,Paldea-Kitakami-Blueberry,electric,dragon,4,Catastropika,electric,type-preferred:electric,pokemon-sfx-by-species/gen-9-paldea-kitakami-blueberry/1017_raging-bolt__catastropika.ogg,3043,attack-move-sfx-compressed/electric/catastropika.ogg
1018,Iron Boulder,iron-boulder,9,Paldea-Kitakami-Blueberry,rock,psychic,4,Stone Edge,rock,type-preferred:rock,pokemon-sfx-by-species/gen-9-paldea-kitakami-blueberry/1018_iron-boulder__stone-edge.ogg,2756,attack-move-sfx-compressed/rock/stone-edge.ogg
1019,Iron Crown,iron-crown,9,Paldea-Kitakami-Blueberry,steel,psychic,4,Flash Cannon,steel,type-preferred:steel,pokemon-sfx-by-species/gen-9-paldea-kitakami-blueberry/1019_iron-crown__flash-cannon.ogg,2764,attack-move-sfx-compressed/steel/flash-cannon.ogg
1020,Terapagos,terapagos,9,Paldea-Kitakami-Blueberry,normal,,4,Hyper Beam,normal,type-preferred:normal,pokemon-sfx-by-species/gen-9-paldea-kitakami-blueberry/1020_terapagos__hyper-beam.ogg,2840,attack-move-sfx-compressed/normal/hyper-beam.ogg
1021,Pecharunt,pecharunt,9,Paldea-Kitakami-Blueberry,poison,ghost,3,Sludge Bomb,poison,type-preferred:poison,pokemon-sfx-by-species/gen-9-paldea-kitakami-blueberry/1021_pecharunt__sludge-bomb.ogg,2794,attack-move-sfx-compressed/poison/sludge-bomb.ogg
1022,Ursaluna (Bloodmoon),ursaluna-bloodmoon,9,Paldea-Kitakami-Blueberry,ground,normal,3,Earthquake,ground,type-preferred:ground,pokemon-sfx-by-species/gen-9-paldea-kitakami-blueberry/1022_ursaluna-bloodmoon__earthquake.ogg,2774,attack-move-sfx-compressed/ground/earthquake.ogg
1023,Bloodmoon Ursaluna,bloodmoon-ursaluna,9,Paldea-Kitakami-Blueberry,ground,normal,3,Earthquake,ground,type-preferred:ground,pokemon-sfx-by-species/gen-9-paldea-kitakami-blueberry/1023_bloodmoon-ursaluna__earthquake.ogg,2774,attack-move-sfx-compressed/ground/earthquake.ogg
1024,Archaludon,archaludon,9,Paldea-Kitakami-Blueberry,steel,dragon,3,Flash Cannon,steel,type-preferred:steel,pokemon-sfx-by-species/gen-9-paldea-kitakami-blueberry/1024_archaludon__flash-cannon.ogg,2764,attack-move-sfx-compressed/steel/flash-cannon.ogg
1025,Hydrapple,hydrapple,9,Paldea-Kitakami-Blueberry,grass,dragon,3,Frenzy Plant,grass,type-preferred:grass,pokemon-sfx-by-species/gen-9-paldea-kitakami-blueberry/1025_hydrapple__frenzy-plant.ogg,2724,attack-move-sfx-compressed/grass/frenzy-plant.ogg
